CustomerID,Name,Gender,Age,City,Signup_Date,Last_purchase_date,purchase_amount,feedback_score,email,Phone_number,Country
C1,Ankit,Female,36,Mumbai,2024-12-31,2025-08-13,,2.0,,,Canada
C2,Ravi,Female,,Kolkata,,,,,,,Canada
C3,Ravi,Female,66,Ahmedabad,,2023-06-20,,10.0,user2@mail.com,,India
C4,Ankit,Male,44,Kolkata,,2025-09-13,,,,9316267914,USA
C5,Rahul,Male,,Ahmedabad,2025-07-09,,,,,9234603292,USA
C6,Amit,,64,Mumbai,,,,5.0,,,UK
C7,Kiran,,,Pune,,,,,,,Australia
C8,Rahul,,,Delhi,,2021-11-15,,10.0,user7@mail.com,,Canada
C9,Simran,Female,,Pune,,,,,,,India
C10,Simran,,,Pune,2023-12-18,,887.49,10.0,,,Canada
C11,Ankit,,24,Chennai,,,,,,,
C12,Ravi,Male,,Hyderabad,2025-05-29,2021-03-20,2712.5,3.0,,,UK
C13,Rahul,Male,,Bangalore,,,2822.0,,user12@mail.com,,Australia
C14,Ravi,,,Mumbai,2024-12-15,2022-03-26,,1.0,,,USA
C15,Kiran,,62,,2022-10-16,2025-12-04,,5.0,,9610475090,USA
C16,,Female,30,Pune,,,,,,,Canada
C17,Pooja,Male,,Pune,2021-12-18,2022-11-11,509.03,5.0,,,India
C18,Priya,Female,,Ahmedabad,,2021-10-10,1582.43,,,,UK
C19,Sneha,,38,Pune,2023-01-07,,,,,,
C20,Simran,Male,,Pune,2021-07-21,2024-07-06,938.55,,,9533545457,Canada
C21,,Female,26,Mumbai,2021-06-28,,,2.0,,9720985722,USA
C22,Ravi,Male,,Kolkata,,,,,user21@mail.com,9164267579,
C23,Rahul,Male,,Bangalore,2022-05-28,,,,,,Australia
C24,Kiran,Male,,Chennai,,,,10.0,,,
C25,Ankit,Female,,Hyderabad,,,,4.0,,,Australia
C26,Simran,Female,,Kolkata,2025-07-17,2020-09-05,1250.98,,,,UK
C27,Kiran,,,Kolkata,2024-05-28,2020-11-14,4772.57,4.0,,,UK
C28,Neha,Female,,Ahmedabad,,2022-05-30,84.02,2.0,,9693394106,Australia
C29,,,47,Hyderabad,,,,2.0,user28@mail.com,,
C30,Simran,,,Pune,2022-10-11,2024-06-13,,10.0,,,India
C31,Sneha,,21,Mumbai,2025-02-28,,,10.0,,9919454989,USA
C32,Rahul,Female,,,,2024-05-09,41.61,,,,Canada
C33,Ravi,,,Chennai,2025-11-30,2024-01-23,,4.0,,,
C34,,Male,,Kolkata,2023-04-16,2023-04-06,,,,9281075045,Canada
C35,Pooja,Male,,,2023-05-31,,1380.12,,,,India
C36,Rahul,Male,,Delhi,2024-09-26,,,,,,Australia
C37,Rahul,Male,,Pune,,2025-05-18,,,user36@mail.com,9168733414,
C38,Kiran,Female,,Mumbai,,2025-12-03,,,,,India
C39,Ankit,Male,,Pune,2025-10-12,,870.32,1.0,,,UK
C40,Rahul,Male,,,2024-06-26,,,,,,India
C41,Ravi,,42,Ahmedabad,2023-01-08,,,,,,Canada
C42,Simran,Female,,,,,,1.0,user41@mail.com,,Canada
C43,Kiran,Female,,,,,1719.83,5.0,,,Australia
C44,Kiran,Female,50,Chennai,2024-11-13,,,,,,Australia
C45,Neha,Female,,Chennai,2022-12-07,,3631.99,,,,Australia
C46,Neha,Female,67,Ahmedabad,,2022-07-01,1661.36,1.0,,,USA
C47,Rahul,Male,47,Mumbai,2024-10-25,,,10.0,,9948909030,India
C48,,Female,,Pune,,2022-04-08,,3.0,,,India
C49,Sneha,Male,22,Mumbai,,2024-03-15,,5.0,user48@mail.com,,Australia
C50,Sneha,Female,38,Delhi,,,3841.35,,,9125908338,
C51,,Female,,Kolkata,,,,1.0,,,Canada
C52,,Male,52,,,,,,,9821999811,UK
C53,Rahul,Male,24,,,2024-06-14,,,user52@mail.com,9246223934,UK
C54,Sneha,Female,,Mumbai,2021-07-25,,3147.13,,,,Australia
C55,Amit,Male,,Pune,,,4911.38,,,,Australia
C56,Rahul,Female,,Chennai,,,,1.0,,,USA
C57,Ravi,Male,,Hyderabad,,2021-07-28,,,,,India
C58,Pooja,Female,,Chennai,2023-09-24,,,,,9208493774,Canada
C59,Simran,Female,,Mumbai,,,,,,,Canada
C60,,Male,57,Kolkata,,,4812.75,10.0,,,
C61,Pooja,Female,59,Kolkata,,,,1.0,,,Canada
C62,,Male,,Kolkata,2024-04-12,2026-01-21,,4.0,,,Australia
C63,Pooja,,,Ahmedabad,,,176.23,,user62@mail.com,,
C64,Ankit,Male,,Ahmedabad,,,,10.0,user63@mail.com,,USA
C65,Simran,,,Delhi,,,940.07,1.0,,,USA
C66,Priya,,23,Ahmedabad,2025-08-25,,659.47,10.0,user65@mail.com,,USA
C67,Simran,Male,,Ahmedabad,,,,,,9677889075,USA
C68,,Female,,Mumbai,2020-12-30,,,10.0,,9450576722,India
C69,Rahul,Male,,Hyderabad,2022-05-09,2022-11-18,1019.16,3.0,,9828355744,
C70,Amit,Male,,Delhi,2022-01-25,,,4.0,,,Canada
C71,Sneha,Male,,Kolkata,2023-11-23,2023-06-09,,10.0,,,UK
C72,Sneha,,23,Mumbai,,2024-10-05,,,,,Australia
C73,,Female,,Bangalore,2025-12-13,,,10.0,user72@mail.com,,
C74,Simran,Female,,Bangalore,2023-09-22,2023-05-18,,,user73@mail.com,,Canada
C75,,Male,68,Mumbai,2021-04-01,,,,,,UK
C76,Simran,Female,,Hyderabad,,,1958.1,2.0,,,India
C77,,,,Bangalore,2021-06-16,,,2.0,user76@mail.com,9610832582,UK
C78,Amit,,,,2024-06-20,,2267.95,,,,
C79,Kiran,Female,,,2020-11-11,2022-03-28,,,,,India
C80,Ankit,,,Chennai,2021-12-11,,1517.55,1.0,user79@mail.com,,USA
C81,Rahul,Female,,Delhi,,,,,,,UK
C82,Pooja,Male,,Hyderabad,,,477.91,,,,Australia
C83,,Male,47,Bangalore,2025-11-22,,1105.17,,,,Australia
C84,Priya,Female,,Ahmedabad,,,3720.97,2.0,,,Canada
C85,Priya,Male,51,Delhi,,,,,,,USA
C86,Kiran,Female,,Pune,,,,,,,UK
C87,,Male,,Kolkata,2020-12-05,,,1.0,user86@mail.com,,Canada
C88,Kiran,Male,,Delhi,,,,3.0,,9697738597,Australia
C89,Rahul,,,Hyderabad,,,,10.0,user88@mail.com,,
C90,Ankit,Male,51,Hyderabad,,,,10.0,,,USA
C91,Simran,Male,66,,,,,,user90@mail.com,,USA
C92,Ankit,,,Delhi,2025-07-21,,2589.13,,,,UK
C93,Ravi,Female,,Pune,2023-12-05,,,10.0,,,India
C94,,Male,53,Kolkata,,,,,user93@mail.com,9871388211,USA
C95,Amit,Male,,Hyderabad,,,,,,9387106416,
C96,Simran,Male,,,2023-02-03,2020-10-12,,10.0,,,USA
C97,Simran,Male,,Pune,,,,,user96@mail.com,9762381262,Canada
C98,Kiran,Female,,,,,,,,,
C99,Amit,,,Bangalore,,,,5.0,,9486647874,India
C100,Priya,Male,,Pune,,,,,,,USA
C101,Neha,,43,Mumbai,,2022-02-20,,3.0,user100@mail.com,,India
C102,Pooja,,,Mumbai,2023-09-15,2022-05-10,,,,,Canada
C103,Simran,,,Mumbai,,,,10.0,,,UK
C104,,Male,,,2023-09-09,2022-05-22,,10.0,user103@mail.com,,UK
C105,Rahul,,,Kolkata,2021-07-27,,,10.0,,,USA
C106,Priya,Female,,Delhi,2023-02-19,,,,user105@mail.com,,
C107,Rahul,Female,,Ahmedabad,2021-04-26,2024-06-05,,,,,Canada
C108,Pooja,Male,,Ahmedabad,,,,10.0,,,Canada
C109,Ankit,Male,,,,,,10.0,,,USA
C110,,,,Delhi,2021-10-25,2023-08-27,,1.0,,9168583214,USA
C111,Simran,,,Bangalore,,,,10.0,user110@mail.com,,UK
C112,Simran,Male,,Kolkata,2024-10-24,,,,,,Australia
C113,Ravi,,,Pune,2022-02-22,,,10.0,,,
C114,,Female,,,2021-06-24,2024-07-22,1520.66,10.0,,,
C115,,,,Pune,2021-07-14,,2625.32,,user114@mail.com,,
C116,Ravi,Male,,Chennai,,,,2.0,,9985835755,Canada
C117,Pooja,Male,,Kolkata,2024-07-07,2025-05-13,,,,,Australia
C118,Sneha,Male,,,,,,10.0,,9686175993,Canada
C119,Kiran,Male,57,Delhi,2021-07-07,,,5.0,,,UK
C120,,,,Delhi,,,,5.0,,,USA
C121,,,70,Hyderabad,,,,,,9888717508,Canada
C122,Sneha,Female,,Pune,,,,,,,USA
C123,Ankit,,,Chennai,,,,,,,USA
C124,Pooja,Male,,Hyderabad,2024-05-11,,,,,,Canada
C125,,Female,,Kolkata,2024-06-08,,,,user124@mail.com,,Canada
C126,,Male,33,Hyderabad,,,,,,,USA
C127,,Male,,Delhi,2024-02-01,,,10.0,,,Australia
C128,Ankit,Male,,Pune,2024-03-07,,,,user127@mail.com,,India
C129,Ankit,Female,,Hyderabad,,,384.1,,,,USA
C130,Ravi,Male,46,Ahmedabad,,,,10.0,,,USA
C131,Simran,Male,,Ahmedabad,,,,10.0,,,India
C132,Priya,Female,,Ahmedabad,2021-06-12,,,10.0,,,India
C133,Ankit,Female,,Chennai,,2020-10-16,101.52,5.0,user132@mail.com,9652552199,
C134,Ankit,Female,,,2025-11-02,2024-07-19,,10.0,,9804907196,
C135,Neha,,21,Mumbai,2021-05-29,,3106.84,3.0,,,Australia
C136,Ankit,,,Delhi,,2025-01-04,177.15,10.0,,,Australia
C137,Sneha,Female,39,Kolkata,2022-11-11,,,,,,Australia
C138,Ankit,Male,,Ahmedabad,2021-06-22,2020-12-01,,5.0,,,USA
C139,Amit,Female,,Hyderabad,2024-07-23,2021-01-12,,,,,USA
C140,Ravi,Male,,Pune,,,4302.36,,,,
C141,Neha,,29,Kolkata,,,,10.0,,,USA
C142,Amit,Male,67,Kolkata,2024-11-29,,3979.83,,user141@mail.com,,USA
C143,Rahul,Male,,Delhi,2025-05-13,,,,,,Australia
C144,Priya,Male,,,2025-03-13,,,,,,UK
C145,,Female,,,,2025-12-05,,10.0,,,
C146,,Male,,Pune,2021-05-05,,819.86,1.0,,,USA
C147,Pooja,Female,,Chennai,,2021-01-25,4938.36,10.0,,,Australia
C148,Amit,,68,Chennai,,,,,,9697055735,Canada
C149,Rahul,Female,38,Pune,2025-03-16,2026-01-20,,2.0,user148@mail.com,,India
C150,Amit,,,Ahmedabad,2025-11-29,,,4.0,,9843663784,Australia
C151,Kiran,Female,28,,,,,,,9234375714,Canada
C152,Simran,Female,,Hyderabad,2021-07-20,,,,,,
C153,Pooja,Female,,Bangalore,,2021-09-14,,1.0,,9771638160,Canada
C154,Amit,Male,,Bangalore,,,,10.0,,9720155538,USA
C155,Neha,Male,,Bangalore,,2025-12-21,,10.0,,,UK
C156,,Male,35,Hyderabad,2020-10-11,,2102.22,10.0,,,India
C157,Ravi,Male,35,,2021-05-15,,,,,,India
C158,Pooja,,,Kolkata,,,3902.94,10.0,user157@mail.com,,Australia
C159,Rahul,Female,,Bangalore,2024-10-11,,502.02,,,,India
C160,,,,Mumbai,2021-03-27,2020-10-12,,10.0,user159@mail.com,,USA
C161,Pooja,Male,35,,2023-11-18,,,2.0,,,India
C162,Pooja,Female,,Kolkata,2021-08-05,,,10.0,,9893390866,USA
C163,Amit,,,Chennai,,,,,,9121774277,Canada
C164,Amit,Female,,Pune,2025-01-18,,,,,,USA
C165,Pooja,,,Kolkata,,2024-02-09,,,,9313537890,
C166,Rahul,,,Mumbai,,,1368.23,10.0,,,UK
C167,,Male,26,Chennai,2021-04-28,,,10.0,user166@mail.com,,USA
C168,Ravi,Male,,Pune,,,,10.0,user167@mail.com,,USA
C169,,,,Hyderabad,2022-08-23,,,5.0,user168@mail.com,,
C170,,Female,,Chennai,,,,10.0,,,India
C171,Kiran,,,Hyderabad,2022-02-24,2024-06-04,,5.0,,,India
C172,Neha,Female,,Bangalore,2023-12-24,,,10.0,,9846259798,Canada
C173,Simran,Female,,,2023-06-02,,,2.0,,,UK
C174,,Female,22,Chennai,2024-12-06,,,,,,Australia
C175,,Male,,Kolkata,,,,,,9587234990,Canada
C176,Kiran,Female,,Chennai,,2022-04-26,,10.0,,9718555066,India
C177,Ankit,,,Pune,,2024-03-26,,,,9980832523,Canada
C178,Priya,Male,,Bangalore,2022-03-24,,4177.93,10.0,,,USA
C179,Neha,,,Delhi,,,3779.89,,,9113550160,
C180,Ankit,Male,,Ahmedabad,,2023-06-10,2578.36,10.0,user179@mail.com,,USA
C181,,Female,,,2022-06-10,2023-12-06,,,user180@mail.com,,India
C182,,,,,,,,,,,USA
C183,Pooja,Male,,Delhi,,,,,,,India
C184,Simran,Male,,Delhi,,,2530.03,10.0,,,Canada
C185,,Male,37,Hyderabad,,,,2.0,,,UK
C186,Ravi,Male,,Bangalore,,,,,user185@mail.com,,Australia
C187,Sneha,Female,,Pune,2020-12-07,2025-03-08,3124.58,,,9972896838,India
C188,Ankit,,,,,2023-04-13,,,,9237430673,
C189,Ravi,,,,2025-10-02,,,,,,Australia
C190,Sneha,Male,,Hyderabad,,,,,,9987123952,USA
C191,Rahul,Male,44,,2024-05-20,2023-09-08,,3.0,,9299298806,Canada
C192,,Female,18,Kolkata,2024-09-27,,3740.72,,,,Australia
C193,Rahul,,,Delhi,2023-10-22,,,1.0,,,India
C194,Amit,Male,,Delhi,2023-03-12,,,10.0,,9714934659,
C195,Kiran,Female,,,2023-01-23,,,10.0,,,Canada
C196,Ravi,,58,Hyderabad,2023-01-11,,,1.0,,,USA
C197,Pooja,,62,,2021-10-25,2023-01-29,1644.7,,user196@mail.com,,India
C198,Ankit,,,Chennai,,,,10.0,,,USA
C199,Simran,Female,,Delhi,2021-05-24,,,10.0,,,UK
C200,Simran,Male,22,Pune,,,,4.0,user199@mail.com,,
C201,Kiran,Male,,Mumbai,,2022-05-04,2647.56,,user200@mail.com,,India
C202,Ankit,Male,,Kolkata,,,709.67,1.0,,,UK
C203,Ankit,Male,,Hyderabad,,2024-02-07,3829.56,,,,
C204,Sneha,Male,,Hyderabad,,,,,user203@mail.com,,USA
C205,,Female,,Mumbai,2025-12-21,,,5.0,user204@mail.com,9791865466,
C206,Priya,Male,,Pune,,,,2.0,,,UK
C207,Simran,Male,,Kolkata,2024-08-24,,,,,,Australia
C208,Sneha,,70,Ahmedabad,2023-02-16,2021-11-30,,,,,Canada
C209,Pooja,Female,28,Chennai,,2021-07-26,,10.0,,9390664690,
C210,,Female,,Kolkata,,,,10.0,,,USA
C211,Sneha,Female,,Hyderabad,2023-01-27,,,10.0,user210@mail.com,9276155320,
C212,Ankit,Male,68,,,,,,,9846225860,Australia
C213,,Male,,Mumbai,,,,,,9505365883,
C214,Kiran,Male,,Bangalore,2020-11-03,,,,,,Australia
C215,,Male,,Hyderabad,,2025-05-28,,,user214@mail.com,9401632753,Australia
C216,,Male,,Ahmedabad,2022-02-19,2025-06-22,,10.0,user215@mail.com,,USA
C217,Pooja,Female,,Pune,2020-08-20,,3742.84,,,,Canada
C218,Ankit,Female,,Ahmedabad,2023-11-08,,,,user217@mail.com,9811991281,Australia
C219,,Female,30,Ahmedabad,2021-08-04,2021-01-14,,2.0,,9917761214,
C220,Amit,Male,65,Ahmedabad,,,909.91,,,,
C221,Priya,Male,,Ahmedabad,2024-09-13,,,,,,Canada
C222,Ravi,Male,,Mumbai,2021-04-26,,3141.85,,,,
C223,Kiran,Male,,Delhi,,2024-08-11,4163.86,1.0,,,India
C224,,Female,18,Kolkata,,2024-05-24,4036.77,3.0,,9977208316,
C225,Ravi,Male,,Bangalore,2025-03-03,2023-12-12,,3.0,,,UK
C226,Amit,Male,,,,2021-02-16,1994.89,10.0,,,Australia
C227,Kiran,Female,,Pune,2020-08-09,,,10.0,,,Canada
C228,Pooja,Male,45,Kolkata,2024-10-07,2024-06-14,,10.0,,9886044184,UK
C229,Simran,Female,,Delhi,2023-01-27,,,,,,
C230,Amit,Female,,Mumbai,,2021-05-15,,10.0,user229@mail.com,,UK
C231,,Male,50,Delhi,,,,,user230@mail.com,,USA
C232,,Female,,Bangalore,2020-12-28,,,4.0,,,Australia
C233,Neha,Male,31,Mumbai,2023-03-28,2023-12-26,,1.0,,,USA
C234,,Female,,Bangalore,2025-12-28,,,4.0,user233@mail.com,,Canada
C235,Ravi,Male,,Bangalore,,2022-03-05,,10.0,user234@mail.com,9292915130,Australia
C236,Ravi,Female,,Bangalore,,,1413.4,2.0,,,USA
C237,Ankit,Male,,Mumbai,2025-06-25,,,4.0,,,USA
C238,,Male,,,,,1385.67,3.0,,9707836199,Canada
C239,,,,Pune,,,,3.0,,,India
C240,Sneha,Male,64,Mumbai,,2024-03-27,,10.0,,,USA
C241,,Male,,Ahmedabad,,,,10.0,,,UK
C242,Pooja,Male,,,,2024-02-29,,5.0,,,UK
C243,Neha,Female,,Bangalore,2021-02-02,2025-07-27,4995.66,1.0,,,
C244,Kiran,Male,,Ahmedabad,2022-08-06,,,10.0,,,Australia
C245,Amit,,,Bangalore,2021-12-13,,,,,,Canada
C246,Ankit,Female,,,2023-09-12,2022-12-26,,10.0,,,Canada
C247,Ankit,Female,,Pune,2022-12-15,,,,,9167697380,India
C248,,Male,,Delhi,,2024-03-04,,10.0,,,India
C249,Kiran,Female,,Kolkata,,,,10.0,,,
C250,Rahul,Female,,Mumbai,2021-08-14,,4031.03,,,9822824862,Australia
C251,Ravi,Female,58,Mumbai,,2024-05-06,,,,,India
C252,Kiran,,,Delhi,2024-01-16,,,,,,USA
C253,Kiran,Female,,Ahmedabad,2023-05-22,,4376.34,,,9358695410,India
C254,Simran,Female,,,,,3820.96,,,9285061651,USA
C255,Ravi,Female,,Mumbai,2023-06-08,2022-02-10,,10.0,,,Australia
C256,Pooja,Male,,,2024-03-15,2021-05-02,712.93,,,,
C257,,Female,,Delhi,,,,10.0,,9868484957,
C258,Sneha,Female,47,Bangalore,,,,,,,UK
C259,Ravi,Female,,Hyderabad,,,,,,,USA
C260,Neha,Male,,Pune,,,,10.0,user259@mail.com,,UK
C261,Sneha,Male,,,2023-04-10,2022-08-17,2823.08,,,,USA
C262,Neha,,,,2021-04-11,,1181.7,10.0,,,Australia
C263,Priya,Male,,Delhi,,2021-09-23,2531.66,,,,India
C264,Neha,Female,69,Pune,,,,10.0,,,Canada
C265,Ankit,Female,,Ahmedabad,2021-03-05,,,1.0,user264@mail.com,,UK
C266,Neha,Male,,Pune,2022-11-14,,,,,,USA
C267,Ravi,,,Pune,,,,,,,Australia
C268,Kiran,Male,,Chennai,2025-11-18,,,,,,India
C269,,Female,,Delhi,2023-04-04,,,,,,Canada
C270,,Male,,Pune,,,,,,,USA
C271,Sneha,,,Bangalore,2023-02-27,2022-06-30,,,,,
C272,,Male,,Kolkata,2021-10-04,2023-07-16,,5.0,,,UK
C273,Simran,,20,Hyderabad,,2023-11-18,2238.05,10.0,,,India
C274,,Female,,Mumbai,2025-05-27,2021-03-09,2601.0,2.0,user273@mail.com,,Australia
C275,Neha,Female,,Ahmedabad,2025-02-16,,993.15,2.0,,,India
C276,Pooja,,,Pune,2024-12-21,2025-03-07,2368.71,,,,USA
C277,Rahul,,37,Delhi,2022-01-25,,,10.0,user276@mail.com,9324807983,UK
C278,Pooja,Male,,,,,902.19,10.0,,9887534385,India
C279,Pooja,Male,,Kolkata,,,,10.0,,,USA
C280,Neha,Male,,Ahmedabad,,,2128.85,5.0,,,Canada
C281,Rahul,Female,,Chennai,2024-11-05,,,4.0,user280@mail.com,,Canada
C282,Kiran,Female,,Bangalore,,2020-12-25,4500.88,,user281@mail.com,9945824020,UK
C283,,Male,51,Pune,2021-11-01,,,10.0,,,
C284,Priya,,,Ahmedabad,,,,4.0,,,Canada
C285,Amit,,,Delhi,2023-10-13,,2667.21,,,,UK
C286,Priya,Female,,Delhi,2025-02-24,,,,,9741682924,Australia
C287,Ravi,Male,,Pune,,,,,,,Australia
C288,Simran,,,Pune,,2021-01-14,4204.21,10.0,user287@mail.com,,Australia
C289,Amit,Female,,Pune,2024-07-27,,,1.0,,9451561433,
C290,Simran,,40,Hyderabad,2025-02-23,,,,user289@mail.com,,Australia
C291,,Male,,Hyderabad,,,4281.27,10.0,,,USA
C292,Simran,Female,,,,,3142.21,,,9569213258,
C293,Ankit,Female,,Pune,,2023-04-16,,2.0,,,India
C294,Rahul,Male,,Chennai,2022-12-20,,,,,,UK
C295,,Male,,Ahmedabad,,,,,user294@mail.com,,
C296,Simran,,,Delhi,2022-07-11,2025-03-01,2901.09,10.0,,9945374121,UK
C297,Sneha,,26,Ahmedabad,,2025-03-06,,5.0,,,USA
C298,Simran,Male,61,Delhi,2024-02-27,2024-05-29,,10.0,,,USA
C299,Priya,Female,,Pune,2025-07-26,,280.11,4.0,,,USA
C300,Pooja,,,Kolkata,2025-12-02,,,,user299@mail.com,,USA
C301,Amit,Male,,Chennai,,,1591.55,5.0,,,Australia
C302,Amit,,41,Hyderabad,,,1593.53,,,9533287625,USA
C303,Amit,Female,52,Kolkata,2024-07-07,,,,,,USA
C304,Ankit,Female,64,Chennai,2024-09-13,,,,,,India
C305,Kiran,Male,,Chennai,2025-08-04,,,,,,
C306,Kiran,Female,70,Bangalore,2023-11-08,,,2.0,,,
C307,Ankit,Male,,Chennai,2022-12-26,,,,user306@mail.com,,UK
C308,Amit,Male,,Ahmedabad,,,,1.0,,,USA
C309,,Male,,Delhi,,,2403.96,,,,USA
C310,,Male,,Ahmedabad,2023-02-26,,,,user309@mail.com,,India
C311,Ravi,Male,,Mumbai,,,,2.0,,,India
C312,Priya,Male,28,Chennai,2021-10-16,2022-04-09,,10.0,,,Canada
C313,Neha,,,Kolkata,,,,10.0,,9612916888,India
C314,Simran,Male,,Mumbai,,,,3.0,user313@mail.com,,USA
C315,Priya,Male,,,,,174.48,,,9234182935,Canada
C316,Sneha,Male,,Chennai,,,,5.0,,,Canada
C317,Kiran,Female,,Chennai,,,1677.55,,,,USA
C318,Ravi,Male,26,Mumbai,,2022-04-04,,,,,Australia
C319,Priya,,,,,,3555.67,,,9138046997,
C320,Amit,,,,2023-04-30,,,10.0,user319@mail.com,,India
C321,,Male,,,2023-04-26,,,2.0,,,India
C322,,,,Ahmedabad,2022-12-16,2023-11-13,,,user321@mail.com,,
C323,Priya,,,Chennai,,,,,user322@mail.com,9723807759,Canada
C324,Neha,,,,2022-11-15,2024-12-31,,10.0,,9270474264,India
C325,,Male,,Pune,2020-10-06,2022-10-18,2294.07,10.0,,,Australia
C326,Kiran,Female,,Pune,2022-10-11,,,10.0,,,USA
C327,Neha,Male,,Mumbai,,,,5.0,user326@mail.com,9943649906,USA
C328,,Female,,Bangalore,2022-03-27,,,,,,India
C329,Amit,Male,,Pune,,,,,,,USA
C330,Rahul,,67,Mumbai,,,,,,,USA
C331,Pooja,Female,,Kolkata,,,,3.0,,,Canada
C332,Ravi,Male,,Bangalore,,,,1.0,,,UK
C333,Pooja,Female,,Hyderabad,2025-02-20,,,10.0,,,India
C334,Ankit,Female,,Bangalore,,,3467.58,2.0,user333@mail.com,9709671208,
C335,Pooja,Female,36,Kolkata,,,,,,,Australia
C336,Kiran,Male,,Hyderabad,2021-06-09,,2013.93,2.0,,,
C337,Ankit,Female,68,Chennai,,2020-09-10,,,user336@mail.com,,Australia
C338,Kiran,,,Mumbai,2023-04-10,,,,,,Australia
C339,Rahul,Female,,Kolkata,,,,2.0,,,USA
C340,,Female,,Kolkata,,,,,user339@mail.com,,USA
C341,Pooja,,,Hyderabad,,,,,,,Canada
C342,Rahul,Female,,Chennai,2021-11-25,,,10.0,,9799951183,UK
C343,Ankit,Female,,Hyderabad,,,,,,,India
C344,Sneha,Female,,Hyderabad,,2025-07-11,,2.0,,,Canada
C345,Pooja,Male,,Ahmedabad,,,,,,,UK
C346,Pooja,Female,,Bangalore,,2025-05-03,,,user345@mail.com,9368527784,Canada
C347,,Male,67,Bangalore,2023-07-11,2025-05-16,,,user346@mail.com,,
C348,Amit,Male,,Kolkata,2021-07-13,,,4.0,,9852108326,Australia
C349,Ravi,,,Chennai,2021-03-15,2024-04-03,,4.0,,,USA
C350,Ravi,Male,,Bangalore,,,4408.13,,,9483049485,UK
C351,Sneha,Female,,Delhi,2025-03-02,,,,,9396252097,
C352,Neha,Male,,Hyderabad,,,,10.0,,9640972891,UK
C353,Ankit,,,Bangalore,2026-01-18,,,10.0,,9983356733,Australia
C354,Ravi,,,Chennai,,,,10.0,,,Canada
C355,,Female,,Pune,,,2209.73,,user354@mail.com,,Canada
C356,,Male,54,Chennai,2023-07-22,,,10.0,,,India
C357,Ankit,Male,,Chennai,2025-10-26,,,10.0,,9544009651,USA
C358,Pooja,Female,,Bangalore,,2022-09-06,,,,9531164560,Australia
C359,,Male,,Kolkata,,,,10.0,,9819682065,USA
C360,Priya,,53,,,2023-12-04,,,,,USA
C361,Amit,Female,61,Kolkata,,2023-12-08,,10.0,,,Canada
C362,,Female,,Hyderabad,2021-07-21,,3515.46,1.0,,9604426628,USA
C363,Simran,Male,,,2022-12-08,,4159.19,,,,
C364,Neha,,,Ahmedabad,2021-10-09,,,10.0,user363@mail.com,9722372323,USA
C365,Ravi,Male,,,2023-12-21,2025-09-02,,3.0,,,
C366,Rahul,Male,,Bangalore,2021-11-01,,2390.33,3.0,,,Australia
C367,Rahul,Male,,Bangalore,2023-12-20,,,,,,USA
C368,Ravi,,,Chennai,2020-12-10,,,10.0,,,Canada
C369,,Female,,Hyderabad,,,,,,9679599583,
C370,Rahul,Female,,Hyderabad,2021-05-30,2023-11-27,,10.0,,,USA
C371,Ankit,Male,38,Kolkata,2025-03-24,,3489.73,10.0,,,India
C372,Neha,Male,,Ahmedabad,,2025-10-04,,,,,India
C373,Neha,,,Hyderabad,2025-05-07,,,10.0,user372@mail.com,,Canada
C374,Amit,Male,,Ahmedabad,2021-01-14,2020-10-26,,,,,
C375,Pooja,Female,59,,,2024-10-21,,2.0,,,Australia
C376,Simran,Female,,Ahmedabad,,,3757.79,,,,India
C377,Ravi,Male,,,2024-06-27,,,,,,
C378,Kiran,Male,53,Bangalore,2023-03-04,2023-09-23,4732.23,1.0,,,Australia
C379,Rahul,Female,21,Bangalore,2026-01-21,2024-02-01,4552.18,,,,Australia
C380,,,,Hyderabad,2023-06-22,,,10.0,user379@mail.com,,Australia
C381,Priya,Female,66,Mumbai,2021-10-06,,,1.0,,,
C382,Ankit,,,Bangalore,,,879.23,1.0,user381@mail.com,,USA
C383,Sneha,Male,,Mumbai,,,,10.0,,,India
C384,Priya,Female,50,Ahmedabad,2021-07-30,,,,user383@mail.com,9352299173,UK
C385,Kiran,Male,,Ahmedabad,,2024-12-12,,,,,Australia
C386,Ravi,Female,,Mumbai,2023-04-10,,,10.0,user385@mail.com,,India
C387,Simran,,,Delhi,2020-09-26,,,,,,UK
C388,,,,Delhi,2023-06-18,2024-05-08,,,,,Canada
C389,Ankit,,,Hyderabad,,2021-05-01,2450.4,,,9576041210,India
C390,Ravi,,,Mumbai,,,,5.0,,,UK
C391,Pooja,Male,,Kolkata,,2022-06-07,2137.05,10.0,,,Australia
C392,,Male,,Delhi,,,,10.0,,9938137358,Canada
C393,Amit,Female,47,Chennai,,,,10.0,user392@mail.com,9932172323,Australia
C394,Amit,Male,41,Delhi,,,,,,,UK
C395,Amit,Female,,Delhi,,,,,,,India
C396,Neha,,,,,,,10.0,,,USA
C397,Kiran,,,Pune,,2024-03-27,,10.0,,,UK
C398,Neha,,,Pune,2021-12-16,2020-08-06,,,,,Australia
C399,Kiran,,,Bangalore,,2024-05-06,,10.0,,,
C400,Sneha,,,Mumbai,2024-04-28,2022-12-08,,,,9885972052,
C401,,Male,,Delhi,,,1363.09,,,,Canada
C402,,Male,,Kolkata,2025-09-01,2025-04-04,,10.0,,,Canada
C403,,Female,,Mumbai,2025-11-15,,,10.0,,,Australia
C404,Kiran,Male,,Bangalore,,,4857.36,,,,UK
C405,,Female,,Ahmedabad,,,1349.61,,user404@mail.com,9636996305,Australia
C406,Kiran,Female,,Mumbai,,,,1.0,,9992472126,India
C407,Kiran,Male,48,Hyderabad,2021-01-14,2024-04-21,,10.0,,9776477944,
C408,Pooja,Female,,Hyderabad,,2025-12-19,,,,,UK
C409,Priya,,,Kolkata,,,,,,,Canada
C410,Simran,Male,69,Delhi,2020-12-27,2022-04-06,,,user409@mail.com,9216644287,Canada
C411,Neha,Male,,Mumbai,,,,,,,Australia
C412,,Male,48,Mumbai,2025-10-25,,2862.72,10.0,user411@mail.com,,Canada
C413,Pooja,Male,,Delhi,2023-08-04,,4728.52,,user412@mail.com,9471325933,UK
C414,Ankit,Female,,Chennai,2025-10-15,,,10.0,user413@mail.com,9383018930,Canada
C415,Priya,Male,36,Mumbai,2020-10-27,,227.85,,,,Australia
C416,Sneha,Male,,Ahmedabad,2023-12-09,,,,,9673173207,
C417,,Male,59,Kolkata,,,546.0,,,,Canada
C418,Priya,Female,,Pune,2024-10-26,2025-02-19,,10.0,user417@mail.com,,
C419,Kiran,Female,,Pune,2021-01-01,,,10.0,,,
C420,Ankit,Male,,Bangalore,2025-04-15,,3002.44,10.0,,,India
C421,Rahul,Female,,Ahmedabad,,,,10.0,,,USA
C422,Ravi,Male,,Chennai,,,,3.0,,,
C423,Pooja,,,Kolkata,,,,,,,UK
C424,Kiran,Female,,,,,1215.44,,,,
C425,Kiran,Male,,Pune,,2023-08-03,181.6,,,,Canada
C426,Simran,Male,,Chennai,2022-10-15,2021-06-08,,2.0,user425@mail.com,9186474131,India
C427,Rahul,Male,,Mumbai,,2022-03-01,,10.0,,,USA
C428,Sneha,Female,,Pune,2025-09-13,2021-12-25,,,,9343721344,USA
C429,Rahul,,,Chennai,2022-08-14,2026-01-01,2019.54,,user428@mail.com,9479080007,India
C430,Ravi,Female,,Delhi,,2025-06-21,,10.0,user429@mail.com,,Australia
C431,Ankit,,,Ahmedabad,2023-12-27,,,10.0,user430@mail.com,,USA
C432,Amit,Female,,Chennai,,,,1.0,,,Canada
C433,Pooja,Female,,,2025-07-20,2023-03-25,1280.89,10.0,,,India
C434,Amit,,,Bangalore,,,,3.0,,,USA
C435,Neha,Female,,Hyderabad,,,,4.0,,,Australia
C436,Pooja,Male,,Mumbai,2025-06-22,,,10.0,,9619045353,Australia
C437,Pooja,Female,62,Mumbai,2022-01-22,,,,user436@mail.com,,Australia
C438,,Female,,Hyderabad,2023-06-20,,,,user437@mail.com,,UK
C439,Ravi,Male,39,Mumbai,2022-08-22,,,,,9712444715,
C440,Sneha,,,Mumbai,,2020-10-13,2128.29,,,,UK
C441,Sneha,,,Pune,2024-11-06,,,10.0,,,India
C442,Kiran,Female,,Ahmedabad,,,,,user441@mail.com,,USA
C443,Pooja,Male,,Bangalore,,,3446.62,,,,Canada
C444,Rahul,,35,Bangalore,2025-01-13,,,10.0,,9118384133,India
C445,Sneha,Female,,Hyderabad,2025-10-29,,2701.25,3.0,,9505134338,UK
C446,Neha,Female,,Kolkata,2021-04-09,,,10.0,,,USA
C447,,,,Chennai,,2020-11-27,1791.03,10.0,,,Canada
C448,,Male,,Pune,,2025-12-08,,10.0,,,USA
C449,Amit,Female,,Ahmedabad,2024-06-23,,2214.97,,,,Australia
C450,Rahul,Female,,,2020-11-28,2023-08-06,,,,,
C451,Priya,Female,,Ahmedabad,,2021-03-20,,,user450@mail.com,,Canada
C452,Amit,Female,,Hyderabad,2024-09-22,,,1.0,,,Australia
C453,Neha,,,Kolkata,2020-09-21,,,10.0,,,
C454,,Male,50,Ahmedabad,2022-11-16,,,10.0,,,Australia
C455,Priya,Male,,Ahmedabad,2022-10-08,,,10.0,,,UK
C456,Ravi,,68,,,,,,user455@mail.com,9304863787,Canada
C457,Pooja,,,Chennai,,2021-11-08,,3.0,,9982243436,Canada
C458,Amit,Male,37,Kolkata,,,,10.0,,,
C459,,Female,,Mumbai,,,389.02,10.0,,,
C460,Ankit,Male,,Ahmedabad,2023-07-17,,,,user459@mail.com,,Canada
C461,Amit,,,Mumbai,2021-10-14,,,,,,USA
C462,Priya,Male,,Ahmedabad,2022-01-03,,2658.11,3.0,,,
C463,Amit,Female,19,Bangalore,2022-09-28,2023-12-15,,10.0,,,USA
C464,,,,Chennai,,,,,user463@mail.com,,Australia
C465,Kiran,Male,,Chennai,2021-03-01,,4279.31,10.0,,,UK
C466,Neha,Male,,Chennai,2024-09-17,,,10.0,user465@mail.com,9275967195,Australia
C467,Ravi,Female,36,Bangalore,2024-03-18,,,2.0,,9165967242,USA
C468,Rahul,Male,,Ahmedabad,,,,,user467@mail.com,,UK
C469,Simran,Male,,Ahmedabad,2021-07-20,2023-03-17,2957.5,,,,Canada
C470,Neha,Male,,Mumbai,,,,5.0,,,India
C471,,Male,,Bangalore,,2021-09-19,3175.84,,,9730130968,India
C472,Ravi,Male,,Bangalore,,,,,user471@mail.com,,UK
C473,,Female,,,,,,10.0,user472@mail.com,,Australia
C474,Rahul,Male,,,,,,,,9423224426,USA
C475,Pooja,Female,,Delhi,2022-01-03,,,5.0,,,Australia
C476,Kiran,,,Mumbai,2023-05-18,,,,,9383561333,India
C477,Sneha,Female,,,,,,,,,USA
C478,,,67,Ahmedabad,,,4296.84,,,9330212564,Canada
C479,,Female,48,Bangalore,,,,10.0,,9546108254,UK
C480,Priya,,,Delhi,,2024-01-20,,2.0,,9467334474,Canada
C481,Ravi,,,Mumbai,2024-11-04,,,,,,
C482,Priya,Male,,Ahmedabad,2023-07-06,,4515.57,10.0,,,USA
C483,Priya,Male,,Ahmedabad,2021-05-13,,,10.0,user482@mail.com,,USA
C484,,Male,,,2023-02-12,,4836.39,3.0,,9372142190,Australia
C485,Kiran,,,Pune,2024-09-17,,,,,,
C486,Neha,Female,,Pune,,,,,user485@mail.com,,India
C487,Kiran,Male,39,Ahmedabad,,,1368.19,,,,India
C488,,Female,59,Bangalore,,,,2.0,,,Australia
C489,,Female,18,Bangalore,,,3922.33,1.0,,,India
C490,Priya,Female,,,2023-11-25,2021-10-25,1342.37,4.0,user489@mail.com,9350200392,USA
C491,Ravi,,30,Kolkata,,,,10.0,,,UK
C492,Priya,,,Delhi,,2023-10-21,2104.5,,user491@mail.com,,Australia
C493,Simran,Female,,,,,4335.51,10.0,,,India
C494,Rahul,Male,69,Mumbai,2022-02-06,2024-12-22,3462.2,2.0,,,
C495,Pooja,,,,2022-07-31,,,,,,UK
C496,Neha,Female,,,2023-04-05,2023-12-20,4364.12,10.0,,,Canada
C497,Ravi,Male,25,Bangalore,2022-02-01,,4359.7,,user496@mail.com,,UK
C498,Rahul,Male,,Kolkata,,,4592.8,,user497@mail.com,9266611575,Canada
C499,Amit,Male,70,Chennai,2022-12-14,2025-02-25,,,user498@mail.com,,India
C500,Sneha,Male,,Chennai,2024-12-27,2021-08-01,,,,,UK
C501,Simran,,,Ahmedabad,2024-02-04,,,3.0,,9115612901,Australia
C502,Kiran,Male,,Kolkata,2021-09-28,,,3.0,,,India
C503,Simran,Female,,Mumbai,2024-12-02,2025-12-23,,,,,USA
C504,,Male,,,,2021-01-30,2350.28,,,,India
C505,Pooja,Male,,Kolkata,2023-10-05,,,,user504@mail.com,,Canada
C506,Kiran,Male,50,Ahmedabad,2025-06-16,,,,,,
C507,Sneha,Female,,Pune,2022-03-16,2022-08-25,,10.0,,,UK
C508,Neha,Female,,Mumbai,2025-01-14,,,,user507@mail.com,,USA
C509,Ravi,Female,,,,,,,,,India
C510,Ravi,,,,2020-09-06,,,10.0,,,
C511,Kiran,Female,,Hyderabad,2020-08-14,,2830.18,,,,USA
C512,Ankit,Female,,Pune,,,,,,,Canada
C513,Ravi,Female,,Delhi,,2024-07-22,,,,9653719310,
C514,Amit,,19,Ahmedabad,2024-01-20,2024-09-04,3961.91,4.0,,9187979680,Canada
C515,Sneha,,,Pune,2022-05-23,,,5.0,user514@mail.com,9525854272,
C516,Simran,Female,,Pune,,2025-09-01,,,,,Canada
C517,Pooja,Male,53,Hyderabad,,,,,,,
C518,Simran,Male,,Chennai,2025-09-18,2020-11-29,1132.29,,,,UK
C519,Rahul,,41,Pune,,2025-10-23,,10.0,,,USA
C520,Kiran,Male,,Hyderabad,,,1231.52,,,,Canada
C521,Priya,Female,,Ahmedabad,,,,,,,Canada
C522,Sneha,,,Chennai,,2021-11-15,,,,9231352830,India
C523,Ankit,Male,,Chennai,,,,10.0,,,Canada
C524,,Male,,Pune,2023-01-17,,,2.0,,,UK
C525,Neha,,,,,,,10.0,,,UK
C526,Neha,,49,Bangalore,,2021-06-22,,5.0,user525@mail.com,,
C527,Kiran,Female,,Chennai,2021-10-06,,401.06,,user526@mail.com,9523534976,USA
C528,Neha,Male,63,Hyderabad,,2020-12-14,,5.0,,,Canada
C529,Amit,,,Chennai,,,,3.0,,,
C530,Ravi,,,Pune,,,2150.99,4.0,,9751971877,USA
C531,Pooja,,,Pune,,,,,,9549743856,Australia
C532,Neha,Male,,Mumbai,2025-11-03,2021-06-18,,3.0,,,UK
C533,Priya,Female,,,,,4362.63,,,,USA
C534,Ankit,Male,,,2022-05-18,2023-03-07,,,,,USA
C535,Kiran,Male,,Pune,2021-09-02,,,,,,India
C536,,,,Mumbai,,,,,user535@mail.com,,Canada
C537,Ravi,,18,Hyderabad,,,204.48,,user536@mail.com,,
C538,Neha,Male,44,Chennai,2024-05-28,,1415.09,,,9336007577,Australia
C539,Neha,,67,Ahmedabad,,,,,,9142310025,Canada
C540,Rahul,Female,56,Mumbai,,,,,,,UK
C541,,Female,40,Kolkata,,2023-11-16,842.95,,,,Canada
C542,Kiran,Male,,Bangalore,,,,1.0,user541@mail.com,,Australia
C543,Ravi,,,Hyderabad,,,,,,9393469192,USA
C544,Simran,Female,,Kolkata,2024-11-25,2022-02-15,,10.0,,,India
C545,Rahul,Male,22,Delhi,2023-07-15,,,,,9970531318,USA
C546,Ankit,Female,41,Chennai,2024-03-17,,3200.43,,,,Canada
C547,Neha,,,Bangalore,,,,,user546@mail.com,,Canada
C548,Neha,Male,58,Hyderabad,,,,,,,UK
C549,Kiran,Female,,Delhi,2021-02-14,2024-03-24,,10.0,,9238601450,USA
C550,Simran,,,Mumbai,2023-10-15,,1752.13,10.0,,,USA
C551,Kiran,,,Pune,2020-11-14,,2449.97,,,,Australia
C552,Neha,Male,,Kolkata,2022-09-13,2025-11-08,,3.0,,,Australia
C553,,Female,,Bangalore,,,,,,,USA
C554,,Male,44,Delhi,,2022-12-03,,5.0,,,UK
C555,Amit,,,Pune,,,,10.0,,9464381810,USA
C556,Simran,,,,2022-01-07,,,,user555@mail.com,,USA
C557,Priya,Male,,Bangalore,,,,,,,UK
C558,Simran,Male,,Hyderabad,2022-06-07,,631.05,4.0,,,India
C559,,,,Delhi,2022-03-29,2020-08-10,,1.0,,,Australia
C560,Ankit,,,,,,,,,,Australia
C561,Ankit,Male,,Hyderabad,2022-01-22,,,10.0,,,Canada
C562,Amit,Male,59,Ahmedabad,,,1400.49,,,9228515441,India
C563,Sneha,Female,,Delhi,,,,10.0,,,India
C564,Pooja,Male,56,Mumbai,2023-10-22,,,,,,India
C565,,Female,60,Bangalore,,,4274.2,,,,Australia
C566,Amit,Female,34,Bangalore,,2024-04-06,,3.0,user565@mail.com,9893648062,
C567,,,24,Hyderabad,2022-04-09,,1344.15,10.0,,,UK
C568,,Male,,Bangalore,,,,10.0,,,USA
C569,Amit,Male,,Kolkata,,,,5.0,,,Australia
C570,Priya,Male,,Pune,2020-10-04,,,,,,Australia
C571,Kiran,Female,35,Kolkata,,,,,,,India
C572,Ankit,,,Ahmedabad,2022-12-13,,2427.04,10.0,,9172362484,Canada
C573,Priya,Female,,Kolkata,2021-01-22,,,,,,Canada
C574,Sneha,Female,,Kolkata,,,,10.0,user573@mail.com,,Australia
C575,Kiran,Female,62,Delhi,2022-08-28,,146.24,,,,India
C576,Ravi,Female,,Kolkata,,,,1.0,user575@mail.com,,Canada
C577,Ankit,Male,52,Kolkata,,,,4.0,,,
C578,Priya,Female,45,,,,,10.0,,,USA
C579,Amit,Male,58,Pune,2024-11-20,,,5.0,,,UK
C580,Ankit,Male,,Hyderabad,2025-11-15,,,,user579@mail.com,,
C581,Ankit,Male,,Kolkata,2021-03-11,2022-12-31,,,user580@mail.com,9376435221,Canada
C582,Ravi,Female,70,Mumbai,,,,,,,USA
C583,Ankit,,,,2023-05-02,,,4.0,,,
C584,Kiran,Male,,Kolkata,,,372.69,,user583@mail.com,,Canada
C585,Neha,,,Mumbai,,,2983.0,,,,Canada
C586,Amit,,,Delhi,,,,3.0,,,Canada
C587,Amit,Female,,Mumbai,2021-06-15,2025-04-08,,2.0,user586@mail.com,9676443924,Canada
C588,Sneha,Male,,Chennai,,,,,,9501194800,India
C589,Simran,Male,,Chennai,,,,10.0,,,Canada
C590,Rahul,Male,43,,2023-07-07,2025-11-04,,,,,
C591,Neha,Male,,Bangalore,,,,,,,Australia
C592,Amit,Female,,Bangalore,,,,10.0,,,
C593,Sneha,Female,45,Pune,,,1406.23,,,9358505055,India
C594,Sneha,,,,2024-03-29,,,,,,USA
C595,,,,Mumbai,2021-07-08,2023-11-17,,,,,USA
C596,Simran,Female,20,,2024-09-09,,2556.72,,user595@mail.com,9364887378,USA
C597,Sneha,Male,25,Pune,2021-03-26,,,4.0,user596@mail.com,,
C598,Sneha,,,,2025-12-18,2025-12-19,,10.0,,,
C599,Ankit,Female,,,,2023-03-05,,3.0,,,USA
C600,Ravi,Female,56,Chennai,,,,,,,India
C601,Simran,,55,Delhi,2024-10-02,,,,,,
C602,Ravi,,68,Hyderabad,2022-11-30,,,,,,
C603,Priya,,,Pune,2021-01-25,,,10.0,,,India
C604,Ankit,,,,2023-06-17,,,,user603@mail.com,,India
C605,,Female,,Kolkata,2021-12-27,,,,,9667965828,Canada
C606,Sneha,Male,,Pune,,2024-04-24,,,,,USA
C607,Amit,Male,,Mumbai,2023-02-26,2021-05-18,,,,,India
C608,Kiran,Male,,Chennai,,,,,,,UK
C609,Priya,Male,,Mumbai,,,,,user608@mail.com,,Australia
C610,,Female,,Bangalore,,,3188.92,1.0,,9808149465,USA
C611,Amit,Female,,Hyderabad,,2023-07-09,,,,,UK
C612,Priya,Female,22,Hyderabad,2023-03-19,,,10.0,user611@mail.com,,India
C613,,,24,Delhi,,2021-09-01,369.13,1.0,,,USA
C614,,Female,,,2022-12-04,,,,,9670728906,Canada
C615,Ravi,,,Hyderabad,2022-07-11,2024-01-02,,10.0,,,Canada
C616,Sneha,Female,,Bangalore,2021-04-19,2025-08-02,,10.0,,,UK
C617,,Male,,Bangalore,2021-06-12,,2783.92,,user616@mail.com,,India
C618,,Female,42,Kolkata,,2026-01-21,2184.99,2.0,,,Australia
C619,Amit,,,Ahmedabad,,,,,,,UK
C620,Rahul,,,Bangalore,2022-02-02,2021-07-19,4345.4,2.0,,9152699413,UK
C621,Sneha,Male,,Kolkata,2025-12-01,,,10.0,,,UK
C622,,Male,63,Mumbai,2025-11-05,,,,,,Canada
C623,Neha,Female,,Chennai,,2023-09-30,,5.0,,9532732502,Canada
C624,,Male,,Ahmedabad,2020-08-31,2023-09-01,,,user623@mail.com,9944457701,UK
C625,Pooja,Male,,Mumbai,,,2663.0,10.0,,,USA
C626,Ravi,,60,Mumbai,2021-05-19,2022-04-16,,,,,USA
C627,,Male,51,Pune,2025-05-24,,510.14,,user626@mail.com,,Canada
C628,Ankit,Female,,Ahmedabad,,,,,,,Australia
C629,Neha,,,Chennai,,,,,,,Canada
C630,Simran,,,,,,1910.45,10.0,,,Canada
C631,,Male,,Delhi,,,,,,9403556129,UK
C632,Sneha,,,Delhi,,,1933.13,10.0,user631@mail.com,,Canada
C633,Sneha,Male,,Hyderabad,2025-08-19,,,10.0,,9868077386,Canada
C634,Priya,Female,,Hyderabad,,,,,user633@mail.com,,India
C635,Pooja,,35,Kolkata,2020-09-26,,,10.0,,,
C636,Ravi,,,,2023-09-09,,,,,,UK
C637,Rahul,Female,,Ahmedabad,2025-11-26,,4299.83,,,,India
C638,Kiran,Female,,Pune,,,,,,,UK
C639,Amit,Female,,Bangalore,,2024-03-12,,,user638@mail.com,,UK
C640,Simran,Male,70,Delhi,2021-12-01,2025-05-21,,,,9318563054,UK
C641,Amit,Male,70,Pune,2025-05-24,,,5.0,,,Australia
C642,Ankit,Male,,Hyderabad,2025-09-03,,,3.0,,,India
C643,Priya,Female,,,2026-01-04,,,5.0,,,USA
C644,Pooja,,,Delhi,2026-01-01,,,2.0,,,Canada
C645,Priya,Male,,Kolkata,,2023-02-04,1432.35,,,,UK
C646,,,58,Chennai,2025-05-16,,1027.06,1.0,,,India
C647,Ravi,Female,30,Bangalore,,,,4.0,,,USA
C648,Ankit,Male,,Ahmedabad,,,,,,9647784936,Australia
C649,Rahul,Female,,Hyderabad,2021-10-09,,1599.37,4.0,,,
C650,,Male,,Delhi,,,4126.35,4.0,,,
C651,Sneha,Female,,Ahmedabad,2020-09-08,2025-09-24,2753.38,4.0,user650@mail.com,9343931925,USA
C652,Kiran,Female,,Ahmedabad,2021-05-21,2022-08-27,,3.0,,,
C653,Amit,,31,,2022-11-03,2024-03-11,,10.0,,,Australia
C654,Amit,,38,Mumbai,2023-04-13,,1036.56,2.0,,,USA
C655,Ankit,Male,,Ahmedabad,2025-01-30,,3255.43,,,9835776320,Canada
C656,Neha,Male,,Delhi,,2025-01-15,,,,,
C657,Ravi,Female,,Chennai,2024-06-25,2020-10-27,3197.03,10.0,,,Australia
C658,Ravi,Female,,Ahmedabad,,,,2.0,user657@mail.com,,India
C659,Sneha,Female,,Mumbai,,,,,,,India
C660,Rahul,Female,,Bangalore,,,913.62,10.0,,,UK
C661,Ankit,Female,,Hyderabad,,,1700.05,,,,India
C662,Sneha,,50,Bangalore,,,,10.0,,9543501253,USA
C663,Priya,Female,,,,,,,,,India
C664,Simran,Female,,Delhi,,,,10.0,,,India
C665,Rahul,,,Chennai,2022-08-22,2025-12-23,490.65,,,,Canada
C666,Sneha,Male,,Chennai,2022-06-06,2025-08-01,,10.0,user665@mail.com,,UK
C667,,,50,,2021-06-26,,,,,,Canada
C668,Priya,Female,,Delhi,2022-06-18,2024-08-11,,1.0,user667@mail.com,9747357213,Canada
C669,Sneha,Female,,Ahmedabad,,,,10.0,,,Australia
C670,Neha,Female,,Delhi,2023-12-10,2022-03-01,,,,,Australia
C671,,Female,35,Mumbai,2020-09-27,,,5.0,,,Australia
C672,,,,Bangalore,2025-04-25,,3794.24,,,,UK
C673,Simran,Female,,Hyderabad,2022-06-14,,,,user672@mail.com,,UK
C674,Rahul,Female,,Delhi,2022-07-07,,,2.0,user673@mail.com,,USA
C675,,Male,59,Hyderabad,2022-07-01,2020-11-15,,,,,India
C676,,,,Pune,2024-05-20,2025-04-22,4182.28,4.0,,9397668007,
C677,Rahul,Female,,Hyderabad,2020-09-06,,,2.0,,,Australia
C678,Priya,,,Pune,,,,,,,USA
C679,Ankit,Female,,Bangalore,2022-06-24,,4102.89,,,,Australia
C680,Kiran,,,Mumbai,,,,,user679@mail.com,,UK
C681,Amit,Male,,Ahmedabad,2024-01-07,,,,user680@mail.com,9356632751,UK
C682,Kiran,,32,Delhi,,2023-11-13,774.75,,,,Australia
C683,,Male,,Kolkata,,2021-05-07,2233.66,10.0,user682@mail.com,,India
C684,Neha,Female,,Ahmedabad,2021-09-19,,,,,,
C685,Kiran,Male,,Chennai,,,1996.66,5.0,,,USA
C686,Ravi,,,Chennai,2021-12-31,2023-01-16,,1.0,,,UK
C687,,Male,,Kolkata,,,,3.0,,,India
C688,Simran,Male,,,,2022-10-24,4858.52,10.0,,,
C689,Priya,Female,,Mumbai,2020-12-24,2021-06-13,,,,,Australia
C690,Pooja,Female,56,,2025-02-25,,2037.82,2.0,user689@mail.com,9891981069,UK
C691,Sneha,Male,,Kolkata,,,350.55,,,,UK
C692,,Male,23,Chennai,,2021-07-17,,,,,Canada
C693,,Male,,,,,,,,,UK
C694,Rahul,Male,20,Delhi,,2025-06-10,,,user693@mail.com,,Australia
C695,Neha,Male,29,Chennai,,2026-01-22,,,,,UK
C696,Kiran,Male,,Delhi,,,,10.0,user695@mail.com,,
C697,Priya,,,Mumbai,,,3505.21,1.0,,9897124973,Canada
C698,Priya,Female,,Pune,2024-12-20,2022-02-09,,10.0,,9428124573,Australia
C699,Amit,Male,,Ahmedabad,,2025-05-31,4668.18,,,,
C700,Kiran,,,Hyderabad,2023-09-15,,,,,9824995880,Canada
C701,Pooja,Female,,Bangalore,,,,,user700@mail.com,,USA
C702,Neha,Female,,Mumbai,,,,4.0,,,USA
C703,Priya,,,Ahmedabad,2023-02-18,2020-11-18,,10.0,,,UK
C704,Ankit,Male,,Pune,,2022-07-23,,,user703@mail.com,,Australia
C705,,Female,,Pune,2024-11-03,2023-08-19,,,,,Canada
C706,Ravi,Female,61,Ahmedabad,2025-01-18,,,,,9883992100,Australia
C707,Rahul,Male,,Delhi,2025-05-13,,2852.25,3.0,,,USA
C708,Neha,Male,,Ahmedabad,,2023-01-25,,,,9558062300,
C709,Simran,Male,,Hyderabad,2021-07-17,2023-05-08,3852.8,10.0,,,USA
C710,Simran,Male,36,Ahmedabad,,2025-12-31,4102.93,10.0,,,India
C711,Priya,Female,27,Chennai,2022-01-04,2021-08-01,,,user710@mail.com,,UK
C712,Amit,,,,2022-06-28,,,5.0,user711@mail.com,,Australia
C713,Priya,Female,,Delhi,2022-07-10,2026-01-25,,10.0,,,Canada
C714,Amit,Female,,Chennai,,,2177.88,,user713@mail.com,,UK
C715,,Female,44,Bangalore,2021-08-14,2025-06-04,,1.0,,9411811442,Canada
C716,,Male,70,Pune,2020-08-07,,,10.0,,,
C717,Rahul,,,,2023-10-22,,,10.0,,,Australia
C718,Kiran,Female,,Delhi,2023-09-02,,,10.0,,,UK
C719,,Female,,Ahmedabad,,2021-06-02,,10.0,,,India
C720,Neha,,,Kolkata,,,570.74,10.0,,,
C721,Rahul,Female,,Mumbai,2025-09-05,,,,,,USA
C722,Neha,Female,,Bangalore,2021-09-09,2024-02-10,,,user721@mail.com,,
C723,Amit,Male,,Mumbai,,,,,,,Australia
C724,Priya,Male,20,Delhi,,2025-02-28,,1.0,,9761636752,Canada
C725,Sneha,Female,,Mumbai,,2021-01-27,2010.35,,,,UK
C726,Ravi,Female,,Pune,,,,,user725@mail.com,,USA
C727,Kiran,Male,,Chennai,,2021-05-20,,,user726@mail.com,9158982777,Australia
C728,Sneha,Female,,Delhi,,,,4.0,,,Australia
C729,,,,Hyderabad,2022-03-27,,,10.0,,,USA
C730,Pooja,,21,Chennai,2024-06-30,2025-06-18,,,,9270698542,UK
C731,Ravi,,,Hyderabad,2025-05-03,,2072.13,10.0,,,Canada
C732,Priya,Female,48,Mumbai,2022-02-12,2022-07-27,,3.0,,9243289248,Australia
C733,Kiran,Male,48,Kolkata,,,,,,,Canada
C734,Sneha,Male,58,,2020-10-26,2021-11-24,,,,,Australia
C735,Pooja,,,Pune,,,,,user734@mail.com,,
C736,Amit,,39,,2025-08-23,,,1.0,,,India
C737,Sneha,Female,,Bangalore,,,,10.0,user736@mail.com,,UK
C738,Sneha,Female,,,2021-03-28,,,,user737@mail.com,,Australia
C739,,,,Hyderabad,,,,10.0,,,UK
C740,Simran,Female,,Hyderabad,2021-04-17,2023-02-18,,10.0,,,UK
C741,Rahul,Female,,Chennai,2023-03-07,,,,,,
C742,,Female,,Chennai,,,,10.0,,,India
C743,Ankit,,,Chennai,,,,10.0,,,Australia
C744,Neha,,,Chennai,,,,5.0,user743@mail.com,9873737596,India
C745,,Female,,Delhi,,,118.72,,,,UK
C746,Pooja,Female,60,,2021-06-21,2025-06-14,,,,,UK
C747,,,,Chennai,2021-11-18,,,,user746@mail.com,,
C748,,Male,,Pune,2023-01-07,2025-04-04,,10.0,,9874085194,India
C749,Amit,Female,,Kolkata,,,,,,9309126387,UK
C750,Ankit,,33,Bangalore,,2024-08-02,,,,,India
C751,,Male,,Ahmedabad,,,,,,,Canada
C752,Ankit,Female,,Kolkata,,,,10.0,,,India
C753,Rahul,Female,60,Delhi,2025-07-18,2025-12-28,,10.0,,,UK
C754,,Male,,Kolkata,2020-09-12,,,10.0,,,Canada
C755,Pooja,Female,,Kolkata,,2020-11-03,,,,,Australia
C756,Neha,Male,,Ahmedabad,,,984.83,5.0,user755@mail.com,9569019587,Canada
C757,,Female,,Pune,,2024-04-05,,10.0,user756@mail.com,,UK
C758,,Male,,Bangalore,2020-12-17,,,5.0,,,UK
C759,Priya,Male,20,Delhi,,2025-06-28,2422.41,,,,UK
C760,Kiran,,,Hyderabad,,,,,,,India
C761,,Female,33,Hyderabad,2025-04-04,,,,,,India
C762,Ravi,Male,,Chennai,2023-03-26,,,,user761@mail.com,,
C763,Ravi,Male,,Hyderabad,,2022-12-21,,,,,Canada
C764,Sneha,Female,24,Kolkata,,,,3.0,user763@mail.com,,Canada
C765,Rahul,Female,,Mumbai,2023-08-06,,,1.0,user764@mail.com,,UK
C766,Sneha,,37,Mumbai,2022-06-15,,,4.0,,,Canada
C767,Rahul,Male,,Delhi,,,,,user766@mail.com,,UK
C768,Ravi,,,Mumbai,,,2266.8,,,9347504417,
C769,Priya,Female,22,,2024-03-14,,3572.81,,user768@mail.com,,USA
C770,Ankit,Male,,Chennai,2024-08-09,,,,,,
C771,Neha,Female,68,Ahmedabad,,,,10.0,,9643401887,Canada
C772,,Female,,Mumbai,,2021-05-16,,,user771@mail.com,,USA
C773,Amit,,,,,,1827.55,,,9154361979,UK
C774,Pooja,,,Delhi,2024-09-06,2024-02-11,,,,9158585930,
C775,Sneha,Male,,Bangalore,2020-11-10,2021-03-31,,1.0,,,Canada
C776,Kiran,Female,,Mumbai,2024-02-17,2020-11-09,,10.0,,9921075441,
C777,Priya,Male,,Kolkata,,,,,user776@mail.com,,UK
C778,Priya,,,Pune,,,,,,,
C779,Pooja,Male,,Chennai,,2023-12-17,638.03,4.0,,,Canada
C780,,,55,Kolkata,,2020-10-08,,,,9241354610,
C781,Ankit,Male,44,Delhi,2025-03-30,,559.8,10.0,,9329956216,Australia
C782,Ankit,,,Bangalore,2022-10-06,2025-05-25,,,user781@mail.com,,Canada
C783,Ankit,Female,,Pune,2023-11-06,2023-10-24,,5.0,,,Australia
C784,Kiran,Male,64,Pune,,,,,user783@mail.com,,
C785,Neha,Male,,Bangalore,2025-07-17,2021-03-11,,,,9505472096,USA
C786,Ankit,,26,,,2022-06-05,,,user785@mail.com,,Canada
C787,,Male,,Pune,2024-01-24,,,,,,
C788,Ravi,Female,,Kolkata,,,4068.72,,,,USA
C789,Neha,,,Ahmedabad,,,,,,,Canada
C790,,Female,,Chennai,2021-07-07,,,5.0,,,UK
C791,Kiran,Male,,Hyderabad,,,,,,,USA
C792,,Male,,Hyderabad,2025-07-25,,4687.7,10.0,,9713534603,Australia
C793,Rahul,Female,,Ahmedabad,2022-05-22,,2383.13,4.0,,,UK
C794,Pooja,Female,,Bangalore,,,277.86,10.0,,,
C795,Ravi,Female,,Delhi,,2023-09-27,771.62,3.0,user794@mail.com,,
C796,Neha,,,Hyderabad,2023-05-19,,,,,9134806874,
C797,Sneha,Female,,Chennai,2023-03-23,,135.99,,user796@mail.com,,UK
C798,Simran,Female,27,Pune,,,,10.0,,9613586167,India
C799,Sneha,Male,25,Pune,2021-11-03,2025-10-27,,1.0,,,Canada
C800,Ravi,,,Delhi,2024-05-28,2023-06-16,,,,,Canada
C801,Sneha,Female,,Ahmedabad,2023-05-30,,,,,,Australia
C802,Sneha,Male,,Delhi,2025-08-03,,,,,,
C803,,Female,,Chennai,2021-04-26,2025-08-08,,2.0,user802@mail.com,,Canada
C804,Ravi,Female,,Pune,2021-07-03,,,,,9175000390,UK
C805,Ravi,Male,,Chennai,2022-07-10,2022-04-09,,10.0,user804@mail.com,,USA
C806,Kiran,Male,,Ahmedabad,2024-09-07,,535.06,,user805@mail.com,,USA
C807,Priya,Female,,Pune,2025-09-10,,,5.0,,,Canada
C808,Amit,Male,27,Delhi,,,,,user807@mail.com,9871262656,Australia
C809,Ankit,,59,Kolkata,2021-06-25,,,4.0,,,India
C810,Rahul,Male,,Chennai,2025-12-22,,,,,,Australia
C811,,Male,,Mumbai,,2023-01-08,,10.0,,,USA
C812,,Male,45,Pune,,2022-12-26,,,,9151094888,Australia
C813,Simran,Female,,Pune,,,,1.0,,,USA
C814,Priya,Male,,Ahmedabad,2024-07-16,,1730.17,,,9515145899,India
C815,,,51,,2024-10-04,,,3.0,,,Canada
C816,Ankit,Female,52,Delhi,2023-08-21,,,10.0,,,Australia
C817,Pooja,Male,,Ahmedabad,,,,,,,Australia
C818,Simran,Female,,Pune,2023-07-10,,,,,,Canada
C819,Simran,Female,,Hyderabad,,,,,,,India
C820,Priya,Female,,Delhi,,2023-03-25,1968.17,3.0,,,UK
C821,Pooja,,,Mumbai,,2021-12-06,,2.0,,,India
C822,Simran,Female,,Ahmedabad,,2024-09-19,,,,,India
C823,Sneha,Male,,Kolkata,2025-08-08,,,2.0,,,USA
C824,Ravi,Female,38,,,,,,,,
C825,Priya,Male,,Chennai,,,,1.0,,,
C826,Sneha,,55,Chennai,2024-07-13,,,10.0,,9828642876,Australia
C827,Kiran,Female,19,Kolkata,,2024-02-12,,10.0,,,India
C828,,Male,,,,,,10.0,user827@mail.com,,
C829,Ravi,Female,23,Bangalore,,,1601.11,,user828@mail.com,9334499884,India
C830,Kiran,,,Kolkata,,,1677.16,10.0,,,Australia
C831,Ravi,Female,,Pune,,2024-05-17,,,user830@mail.com,,USA
C832,Simran,Female,,Bangalore,2024-10-05,,4742.85,10.0,,9435514077,Canada
C833,,Male,,Pune,,,2960.23,1.0,,,India
C834,Rahul,Male,,Hyderabad,2021-10-16,,,,,,
C835,Kiran,,,Delhi,2023-12-20,2024-07-09,,10.0,,,
C836,Simran,,37,Mumbai,2023-08-06,2025-07-28,,,user835@mail.com,9256262423,Australia
C837,Amit,Male,,Chennai,,,3274.53,,,,UK
C838,Priya,Male,36,Hyderabad,,2024-05-31,,10.0,,,
C839,Simran,,,Hyderabad,,2025-07-11,,,,9595356076,USA
C840,Priya,Male,,Hyderabad,,2024-12-28,4888.36,,,,India
C841,,,,Delhi,,2022-05-02,255.17,,user840@mail.com,,
C842,Priya,,,Mumbai,,,3709.75,10.0,,9272146871,Australia
C843,Priya,Male,46,Kolkata,,,,,,,India
C844,Rahul,Male,,Kolkata,2020-09-12,,,10.0,user843@mail.com,,
C845,Sneha,Female,,Bangalore,2020-10-18,2021-10-14,2970.59,,,,USA
C846,Sneha,Male,,Mumbai,2024-07-12,2025-02-16,,,user845@mail.com,,UK
C847,Neha,Male,,Bangalore,,,,,,9627976887,Australia
C848,Pooja,Female,43,Pune,2025-01-31,,599.1,1.0,,,UK
C849,Ankit,Male,,,,,,10.0,,,
C850,Simran,Female,,Ahmedabad,2025-05-27,,1497.27,,,,Canada
C851,Neha,Male,,Pune,2020-08-26,,,10.0,,,USA
C852,Ankit,Female,63,Pune,,,,4.0,,,USA
C853,Ankit,Female,,Kolkata,,,,10.0,,,USA
C854,Simran,Female,,Mumbai,2023-11-08,,1140.53,,user853@mail.com,,UK
C855,Pooja,Female,32,,,,,,,9269887757,Canada
C856,Priya,Male,53,,,2022-12-25,,5.0,,9505894580,
C857,,Male,,Ahmedabad,,2024-11-15,,1.0,,,India
C858,Ravi,,,,2021-03-09,,,10.0,user857@mail.com,9230550956,
C859,,Female,,Chennai,2024-12-11,,,,,,India
C860,Neha,Male,,Kolkata,,2022-11-22,1954.9,10.0,,,Australia
C861,Priya,Female,,,2025-01-05,2023-10-05,,,user860@mail.com,,India
C862,Ravi,Male,,Hyderabad,,,,,user861@mail.com,,Australia
C863,Kiran,Female,,Chennai,2022-01-17,2021-01-03,,10.0,,9113130309,USA
C864,Rahul,Male,33,Ahmedabad,,,,,user863@mail.com,9163254830,
C865,Amit,Male,43,Kolkata,2021-09-16,,,,,,USA
C866,,Female,,Chennai,2020-09-05,,,,,,Australia
C867,Ankit,Female,50,Delhi,2023-04-12,,4316.75,5.0,,9393349119,India
C868,Priya,Female,,Hyderabad,,2024-09-21,68.93,,,9280685228,USA
C869,Ankit,Female,25,Bangalore,2025-01-02,,540.22,,,,UK
C870,Neha,,59,Kolkata,,,,,,,
C871,Ravi,Female,,Hyderabad,,2023-08-12,,,,,
C872,Simran,,,Hyderabad,2021-06-07,2025-01-01,70.61,,,,UK
C873,,,,Pune,,,,,user872@mail.com,,India
C874,,Female,,,2022-04-08,2022-07-30,4205.03,,,,
C875,,Male,,Chennai,,,,3.0,,,India
C876,Amit,,,Hyderabad,2025-12-07,2022-12-05,,,,9600776193,USA
C877,,Male,,Kolkata,2021-03-25,2020-08-20,2740.9,,,9312480323,UK
C878,Pooja,Male,35,Pune,2022-04-17,2022-01-31,2252.21,,,,UK
C879,,Female,,Delhi,,,,,,,Australia
C880,Kiran,,,Bangalore,,,,10.0,user879@mail.com,,UK
C881,Pooja,Female,25,Ahmedabad,,,,,,,USA
C882,,Male,,Chennai,,2021-05-18,2016.77,,,9427716393,Australia
C883,Ankit,Male,69,,2025-03-24,2022-11-05,,,,,UK
C884,,Male,39,Hyderabad,,,,10.0,,,
C885,,Male,,Hyderabad,2024-10-10,2023-10-08,4527.26,10.0,,,Australia
C886,Sneha,,,Ahmedabad,,,4276.22,10.0,user885@mail.com,,
C887,Ravi,Male,,Pune,,,,10.0,,,Canada
C888,Kiran,,,Hyderabad,,,,,user887@mail.com,,USA
C889,Neha,Male,,Mumbai,,2024-09-09,,,user888@mail.com,9994659694,Canada
C890,Ankit,,40,Chennai,,,,,,,UK
C891,Ravi,Female,,Pune,,,1100.17,10.0,,,UK
C892,Sneha,Male,,Bangalore,,,,10.0,user891@mail.com,,India
C893,Pooja,,21,Kolkata,,,,10.0,,9893575567,Australia
C894,Rahul,Female,,Delhi,2025-02-03,,,,,,UK
C895,Simran,Male,,Hyderabad,2022-12-03,,1899.78,10.0,,,Canada
C896,Pooja,,,Hyderabad,2024-04-17,2022-08-27,,,,,UK
C897,Sneha,Female,31,Ahmedabad,2022-03-19,2022-01-07,,10.0,,9792488459,
C898,,Male,,,,2023-01-29,2816.94,,user897@mail.com,,Canada
C899,,Male,,Bangalore,,,,,,9562720574,Canada
C900,Sneha,Male,,Delhi,2023-09-15,,,4.0,,,UK
C901,,Male,70,,2022-02-15,2021-02-17,,,user900@mail.com,,
C902,Kiran,,,Kolkata,,,3767.6,,user901@mail.com,,UK
C903,Simran,Male,35,,,,,2.0,,,Australia
C904,Sneha,,66,Mumbai,,2021-09-21,,,,9218282533,Canada
C905,Priya,Female,,Delhi,,,3835.8,10.0,user904@mail.com,,India
C906,,Female,53,Chennai,,,4714.61,10.0,,,UK
C907,Amit,Male,,Pune,,,,,,,India
C908,Simran,Male,48,Kolkata,,,,,,9798496304,USA
C909,Ankit,Female,31,Chennai,2022-10-31,,,,,9871142858,UK
C910,Sneha,Female,,Pune,2025-01-24,2023-01-27,,,,,
C911,Neha,Male,,Mumbai,,,,,,9951070456,Australia
C912,Kiran,Female,,Ahmedabad,,,735.3,4.0,,,
C913,Kiran,Male,,Chennai,2021-08-10,,,,user912@mail.com,,USA
C914,Simran,Female,,Kolkata,2020-12-04,2024-02-05,,,,9471689379,UK
C915,Simran,Male,26,Mumbai,,,3546.76,1.0,user914@mail.com,9675660793,Australia
C916,Priya,Female,,Kolkata,2022-07-26,,,,,,Australia
C917,Sneha,,,Delhi,2023-03-02,,,10.0,user916@mail.com,,Canada
C918,,Female,,Hyderabad,,,,,user917@mail.com,9419046886,Australia
C919,Pooja,Female,,Mumbai,2020-08-13,2021-06-09,,,user918@mail.com,,USA
C920,,Male,,Ahmedabad,2024-02-04,2025-05-30,,10.0,user919@mail.com,,Australia
C921,Rahul,,34,Hyderabad,2021-01-26,2023-09-16,,,,,India
C922,Priya,Female,,Kolkata,2024-06-29,2024-11-30,,,,,India
C923,,Male,,Pune,,,2758.83,10.0,,,Australia
C924,Priya,Male,,Mumbai,,2025-09-20,4212.13,1.0,,9392033889,India
C925,Ankit,Female,,,,,4278.73,,,,USA
C926,Simran,Female,,Mumbai,,,307.25,2.0,,,India
C927,Rahul,,58,Ahmedabad,2023-01-19,,,,,9392331577,Canada
C928,Kiran,Female,,Ahmedabad,2023-05-24,,1897.45,,,9553742352,UK
C929,Ankit,Male,,Hyderabad,2024-05-02,2021-12-20,4985.61,,,,Australia
C930,Neha,Female,,Hyderabad,2024-10-15,2021-02-02,,2.0,,9347028209,UK
C931,Rahul,,35,Bangalore,,,,10.0,,,Australia
C932,Rahul,Female,57,Bangalore,,,,,,,USA
C933,Neha,Female,,Kolkata,2021-04-23,,,10.0,,,Canada
C934,Ravi,Male,58,Pune,,,,,user933@mail.com,9616083311,UK
C935,Neha,Female,,Pune,2022-04-02,2024-11-11,,2.0,user934@mail.com,,
C936,Neha,Male,,Mumbai,2024-05-21,,,,,9503765918,UK
C937,Kiran,Male,,Chennai,,,,,,9537674825,Canada
C938,,,,Pune,,,,10.0,,,Australia
C939,,Male,,Mumbai,,,,10.0,,9350947093,UK
C940,,Female,63,Pune,,,,10.0,user939@mail.com,,Australia
C941,Sneha,,,Ahmedabad,,,1491.16,10.0,,,Canada
C942,Sneha,Female,62,Chennai,2024-03-04,2021-07-11,1700.88,5.0,,,India
C943,Kiran,Male,,Ahmedabad,,,227.1,,,9465069075,USA
C944,Kiran,,39,Pune,2020-12-30,2020-10-24,,10.0,user943@mail.com,9599855617,USA
C945,Neha,Male,,Bangalore,,,305.11,10.0,,,India
C946,Kiran,,48,Hyderabad,2025-05-07,,,,,,Australia
C947,,,,Chennai,2021-01-06,,,,user946@mail.com,9276823030,
C948,Ankit,Male,,Mumbai,,,,,,,India
C949,,Male,,Bangalore,,,,1.0,,,India
C950,Pooja,Female,,Pune,2024-09-26,,,,,,
C951,Priya,Female,,,,,,10.0,,,USA
C952,Sneha,Female,,Hyderabad,,,,5.0,,,Canada
C953,Ravi,Male,,Kolkata,2025-05-27,2022-08-13,,,,,
C954,Ankit,Male,,,,,,1.0,,,UK
C955,Priya,,,Pune,2021-05-21,2025-09-23,,1.0,,,Australia
C956,Rahul,,,Ahmedabad,,,,,,,
C957,Pooja,Female,,Delhi,2021-11-07,2022-03-20,,3.0,user956@mail.com,,USA
C958,Neha,Male,,Ahmedabad,2023-12-28,,,,,,Australia
C959,Rahul,Male,,Pune,2025-04-05,,,,,,UK
C960,Kiran,,,Delhi,,2022-10-01,,,user959@mail.com,,
C961,Ankit,Male,52,Hyderabad,,2021-10-27,902.14,,,,
C962,Sneha,Female,,Kolkata,,,,,,,USA
C963,Priya,Female,,Bangalore,2025-12-08,,,10.0,,,Canada
C964,Priya,Female,,Chennai,,2024-09-18,,,user963@mail.com,,
C965,,Female,29,Bangalore,2021-01-02,,2065.11,3.0,,9943079221,Canada
C966,Rahul,Male,,,,,237.86,,,9686272695,
C967,,Male,,Chennai,,,4037.35,5.0,,,
C968,,Male,29,Kolkata,,,,,,,India
C969,Neha,Male,27,Hyderabad,,,,4.0,,9156912567,India
C970,Sneha,Female,36,Chennai,,2020-09-05,,10.0,,,India
C971,Rahul,Female,23,Hyderabad,2022-04-11,2021-08-21,,4.0,,9752460989,India
C972,Rahul,Male,37,Bangalore,,,2088.38,,,,UK
C973,Sneha,Male,,Bangalore,,2021-06-04,,,,,
C974,,Female,,Hyderabad,,,,,,,India
C975,Pooja,Female,,Chennai,2024-04-14,,,5.0,,,UK
C976,,Female,,Chennai,,,,,,,Australia
C977,Sneha,,,Mumbai,,,,,user976@mail.com,9263079573,India
C978,Neha,Female,21,,,,,,,,UK
C979,Ravi,,,Bangalore,2025-04-15,2020-09-11,,,user978@mail.com,,Canada
C980,Amit,Male,,Pune,2023-12-04,,,3.0,,,UK
C981,Rahul,Female,,,,,,,,,Canada
C982,Amit,,,Ahmedabad,,,1921.91,,,,UK
C983,,Male,,,,,,4.0,,,UK
C984,Pooja,Male,,Pune,,2025-09-25,,10.0,user983@mail.com,,India
C985,Amit,Male,24,Kolkata,2020-08-20,2021-10-10,,,,,Australia
C986,Simran,Male,,Hyderabad,2026-01-18,2020-12-28,,10.0,user985@mail.com,,India
C987,Neha,Male,,Bangalore,2023-04-24,,,10.0,user986@mail.com,,Canada
C988,Neha,Male,,Chennai,2024-10-09,,,4.0,,9412524893,USA
C989,Kiran,Male,37,Bangalore,,,,10.0,,,
C990,Ankit,Female,66,Bangalore,,,,3.0,,,India
C991,Kiran,,,Kolkata,2020-12-29,,,,user990@mail.com,9770289214,India
C992,Priya,Female,39,Pune,2025-08-22,2022-03-13,,,,,Canada
C993,Rahul,Male,,Delhi,,,,10.0,user992@mail.com,,Australia
C994,Kiran,Female,,Bangalore,2021-07-30,,,,,,USA
C995,Priya,Female,,Pune,,,4053.51,,,,India
C996,Amit,Female,,Delhi,,,,,,,Australia
C997,Ravi,Female,,,2024-11-19,,,5.0,,,Canada
C998,Neha,Female,,,2022-07-22,,,,,,Canada
C999,Ravi,Male,,Delhi,,2020-09-03,,3.0,user998@mail.com,,Canada
C1000,Amit,Female,,Ahmedabad,2024-09-02,,,,,,India
C1001,Pooja,Male,,Hyderabad,2025-06-11,,4794.55,,,,Australia
C1002,Kiran,,,Hyderabad,2023-11-02,2025-08-17,,,,9596888762,Australia
C1003,Rahul,Male,,Mumbai,,,4481.28,,,,India
C1004,Simran,Female,,Ahmedabad,2023-03-05,,,10.0,user1003@mail.com,9630805714,
C1005,Sneha,,70,,2024-01-18,2024-02-25,,,,,UK
C1006,Simran,Female,,Pune,2024-08-16,,,10.0,,,UK
C1007,Sneha,Female,64,Mumbai,2024-04-27,2021-05-20,3881.78,10.0,,,Australia
C1008,Kiran,Female,,,2020-11-05,,3778.07,4.0,,9384583575,Australia
C1009,Pooja,Male,,,,,,,,,USA
C1010,Ravi,Female,,Ahmedabad,2023-11-30,2021-07-07,,,user1009@mail.com,,UK
C1011,Sneha,,,Hyderabad,2020-12-24,,,5.0,user1010@mail.com,9186793591,Canada
C1012,Neha,Male,54,Hyderabad,,,,,user1011@mail.com,,USA
C1013,Priya,,,Delhi,,2022-12-06,,,,9557915944,
C1014,Rahul,Female,18,Hyderabad,,2023-12-12,,3.0,,,UK
C1015,Ravi,Male,28,Kolkata,,,,,user1014@mail.com,9934241061,Australia
C1016,Pooja,Male,,Chennai,2021-12-29,,1899.43,10.0,,9529116851,USA
C1017,Kiran,Female,51,Ahmedabad,2024-04-02,2022-07-18,,10.0,,9391252060,Australia
C1018,Kiran,Male,,Chennai,,,,3.0,,,India
C1019,Sneha,,,Ahmedabad,2020-12-13,,,10.0,,,
C1020,Amit,Female,,,,,,,,,Canada
C1021,Neha,,,Kolkata,2024-11-14,2023-05-16,,,,,Australia
C1022,Ravi,Female,,Hyderabad,2025-06-20,,,,,9611159962,India
C1023,,,40,Bangalore,2024-01-20,,,10.0,,,Australia
C1024,,,,Bangalore,2023-07-11,,,1.0,,,
C1025,,Female,57,Hyderabad,2024-05-28,,1691.97,10.0,,9499679296,Canada
C1026,Rahul,,,Hyderabad,,,,10.0,,,UK
C1027,,Female,,Pune,,2024-07-13,,,,9996489514,Canada
C1028,,,,Mumbai,,,,10.0,,9378109943,Canada
C1029,Amit,Female,,,2020-11-16,,,1.0,,,
C1030,Sneha,Male,,Chennai,,,,1.0,user1029@mail.com,,Canada
C1031,Ravi,,,Delhi,,2022-09-11,780.47,,,,Canada
C1032,Simran,Male,,Ahmedabad,2022-01-23,,1005.0,,,,UK
C1033,,Male,26,,,,114.55,3.0,user1032@mail.com,,USA
C1034,Ravi,,,Bangalore,,2021-04-11,,1.0,,,USA
C1035,Ravi,Male,,Bangalore,2025-09-30,,,10.0,,9453878657,UK
C1036,Priya,,69,Pune,2023-08-13,,,,user1035@mail.com,,Australia
C1037,Kiran,Female,,Delhi,2023-08-15,2025-12-27,4331.01,,user1036@mail.com,9816762731,USA
C1038,Ankit,Female,,Delhi,,,,10.0,,,Australia
C1039,Priya,Female,,Hyderabad,,,,10.0,user1038@mail.com,,Australia
C1040,Pooja,Female,38,Mumbai,2024-09-16,,,,,9105496985,USA
C1041,Kiran,Male,,Chennai,,,1178.51,4.0,user1040@mail.com,,Australia
C1042,Ravi,,,Pune,,,,,,,Australia
C1043,Neha,,,Hyderabad,2024-10-07,,,1.0,user1042@mail.com,9688721168,
C1044,Kiran,Female,,Bangalore,2023-11-10,,2735.28,3.0,,,Australia
C1045,Pooja,Female,,Kolkata,,,,10.0,user1044@mail.com,9983270939,India
C1046,Ravi,Male,,Delhi,2023-09-10,,,,user1045@mail.com,,USA
C1047,,Male,43,Ahmedabad,2025-06-17,2024-04-19,2190.82,,,,Canada
C1048,Neha,,40,Delhi,2025-04-19,2024-08-30,,10.0,,,USA
C1049,,Male,,Ahmedabad,2025-07-08,2022-01-31,,1.0,,,USA
C1050,,Female,47,Kolkata,2021-12-29,,,,,,Australia
C1051,Rahul,Female,,Delhi,,,,,,,UK
C1052,Priya,Female,54,,2022-07-15,2024-04-25,,,,9614209564,Australia
C1053,Ravi,,,Hyderabad,,,,,,9581359578,India
C1054,Pooja,Male,,Kolkata,,2023-04-28,,10.0,,,USA
C1055,Pooja,Male,62,Ahmedabad,,,3595.13,10.0,,,
C1056,Ankit,Male,33,Pune,2021-12-13,2025-07-13,,1.0,,,USA
C1057,Kiran,Female,,Bangalore,2024-11-11,,,10.0,,,
C1058,Kiran,Female,,Ahmedabad,,2024-09-19,,,,,
C1059,Sneha,Male,,Mumbai,,2025-03-05,,5.0,user1058@mail.com,9621495839,USA
C1060,,,,Delhi,2021-10-04,,,10.0,,,India
C1061,Rahul,Female,,,,,1375.97,,,,India
C1062,Priya,,,Mumbai,,,662.32,5.0,,,Australia
C1063,,Female,,Mumbai,,,,,,,UK
C1064,Pooja,Female,,Chennai,2025-01-03,2024-08-24,,2.0,user1063@mail.com,,
C1065,Pooja,,,Hyderabad,,2025-01-18,,,,,India
C1066,Priya,Male,,Bangalore,,,3598.98,10.0,,,
C1067,Ankit,,,Pune,2023-08-31,,,,,,
C1068,Ankit,Male,31,Chennai,,,55.81,,user1067@mail.com,,
C1069,Kiran,,49,Ahmedabad,2024-12-18,2023-06-13,,10.0,user1068@mail.com,,USA
C1070,Priya,,,Mumbai,,2023-08-19,,,,,India
C1071,Simran,Female,,Chennai,2020-09-03,,,10.0,,,UK
C1072,Ravi,Male,42,Bangalore,,,4511.85,,,9569239215,Australia
C1073,Simran,Female,46,Mumbai,2021-07-16,,,10.0,,,
C1074,Pooja,Female,,Hyderabad,,,4653.27,5.0,,,UK
C1075,Rahul,Male,,Mumbai,2021-06-04,,,10.0,,,USA
C1076,Priya,Female,,Mumbai,2024-02-18,2025-03-19,,,,9802958500,USA
C1077,Priya,Male,,Ahmedabad,,,417.11,10.0,user1076@mail.com,9394604180,Canada
C1078,Kiran,Female,,Ahmedabad,,,,,user1077@mail.com,,
C1079,Amit,,,,,,,10.0,,,UK
C1080,Ravi,Male,,Ahmedabad,2024-09-11,2024-06-04,,,,9634252997,Canada
C1081,Ravi,Female,,Hyderabad,,,,10.0,,,India
C1082,Neha,,,Chennai,2025-07-07,,,,user1081@mail.com,,USA
C1083,Neha,Female,23,Ahmedabad,,2024-01-02,,3.0,,,India
C1084,Neha,Male,,Kolkata,2025-11-27,2024-12-21,,,,,
C1085,Simran,Male,,Chennai,,2024-04-17,,10.0,user1084@mail.com,,Australia
C1086,Sneha,Male,,,2024-05-04,,,,,9162032055,UK
C1087,Ankit,Female,36,Hyderabad,2025-09-24,,,,user1086@mail.com,9442615475,Australia
C1088,Priya,,,Kolkata,,,,4.0,,9726372212,India
C1089,Ravi,Female,,Mumbai,2024-03-07,,,,,,Australia
C1090,Rahul,Female,,Hyderabad,,2025-04-25,,10.0,,,Australia
C1091,Simran,Male,,Mumbai,,,,5.0,,9427208633,Canada
C1092,,Female,,Delhi,,2022-05-30,,,,,Canada
C1093,Neha,Female,,,2021-09-24,,,10.0,,9353459551,UK
C1094,Kiran,Male,,Mumbai,2023-01-04,,,,,,UK
C1095,Pooja,Female,,Chennai,,,,,,,Australia
C1096,Neha,Male,64,Bangalore,2023-03-12,,,2.0,,,Canada
C1097,Rahul,Female,,Hyderabad,2022-09-01,,,,,,UK
C1098,Neha,Male,,Hyderabad,2023-12-07,,,,,,USA
C1099,,Male,39,Delhi,2022-11-05,,,4.0,,9261560393,Canada
C1100,,Male,,Chennai,2020-11-02,,,5.0,,9631346026,India
C1101,,Male,,Pune,,,,,,,Canada
C1102,Amit,Female,,Chennai,2025-08-01,,,5.0,,,UK
C1103,,,,Pune,,,,,,9129149822,UK
C1104,,Male,,Chennai,,,,,,9922922280,Canada
C1105,Simran,Male,,Chennai,,,,,,,UK
C1106,Neha,Female,69,Ahmedabad,,,,10.0,,,UK
C1107,Pooja,,,Pune,2021-09-29,2021-06-21,,10.0,,,
C1108,Amit,,23,,,,4207.31,,,9768874106,Canada
C1109,Amit,,51,Ahmedabad,,2025-08-13,,,,,
C1110,Kiran,,,Ahmedabad,,2022-04-19,,10.0,,,USA
C1111,Ankit,Female,,Hyderabad,2024-05-18,2022-10-29,,10.0,user1110@mail.com,9514211035,Australia
C1112,Pooja,Male,,Kolkata,2022-10-07,,,,user1111@mail.com,,Canada
C1113,Ankit,Male,,Delhi,,2022-02-28,1052.31,10.0,,,Australia
C1114,Neha,Female,50,Mumbai,2025-08-29,,1424.37,10.0,,,
C1115,Pooja,Male,,Bangalore,2025-03-20,,,,,,Canada
C1116,Sneha,Male,,Ahmedabad,2021-01-09,,,,,,Canada
C1117,Ankit,Female,,Mumbai,2020-09-18,,,,,,Canada
C1118,Priya,Female,44,Kolkata,2025-08-12,,,10.0,user1117@mail.com,,USA
C1119,Rahul,,,Delhi,2024-01-30,2025-08-13,,,,9669058681,UK
C1120,Kiran,Female,68,Hyderabad,2023-03-17,2022-05-16,,,,,India
C1121,Rahul,Male,,Ahmedabad,2020-10-31,,,1.0,,,
C1122,Sneha,Female,,Kolkata,2022-10-04,2025-05-25,,2.0,,,Canada
C1123,,Female,24,Kolkata,2021-07-07,2022-01-18,,,user1122@mail.com,,USA
C1124,Ravi,,,Hyderabad,,,,10.0,,,UK
C1125,Ravi,Male,47,Hyderabad,,2022-05-16,,,user1124@mail.com,,India
C1126,Sneha,Female,50,Mumbai,,,,,,,India
C1127,,Male,,Mumbai,,,,10.0,user1126@mail.com,,UK
C1128,Sneha,Male,,Mumbai,,,,10.0,user1127@mail.com,9670599015,UK
C1129,Amit,Female,,Chennai,2023-05-30,,,3.0,user1128@mail.com,,Australia
C1130,Neha,Female,,Bangalore,2023-03-07,,,,,,
C1131,Ankit,Male,31,Hyderabad,,,,3.0,,9719239024,Australia
C1132,,Male,,Chennai,,,,10.0,user1131@mail.com,,Australia
C1133,Kiran,,28,,,2025-09-13,,,,,
C1134,,,,Bangalore,2021-10-15,,,10.0,,9204266874,India
C1135,,Female,,,2022-09-23,,184.79,,,9128764355,
C1136,Neha,Male,,Kolkata,,,2437.37,3.0,,,Australia
C1137,Ravi,Male,,Chennai,,,,10.0,user1136@mail.com,,Australia
C1138,Priya,,,Pune,,,,10.0,user1137@mail.com,,USA
C1139,Amit,Female,,Delhi,,,4667.46,,user1138@mail.com,,UK
C1140,Amit,Female,,Bangalore,,,,,,,UK
C1141,Pooja,,,Mumbai,,,1589.57,,,9754462561,Canada
C1142,Kiran,Female,,Ahmedabad,2021-08-01,2021-03-04,,,user1141@mail.com,,Australia
C1143,,Male,,Hyderabad,,,4388.6,,user1142@mail.com,,India
C1144,Amit,Female,,Pune,,,,,,,Canada
C1145,Kiran,Male,,Delhi,2020-12-25,,,,user1144@mail.com,9280514603,UK
C1146,Sneha,Male,29,Pune,,,,,,9670919502,UK
C1147,Amit,Female,,Chennai,2024-04-22,2020-09-07,3035.4,,,,
C1148,Priya,Male,,Pune,,2024-06-17,,,,,Australia
C1149,Ravi,Female,,Ahmedabad,2021-07-11,,,10.0,,,India
C1150,Ankit,Male,48,Ahmedabad,,,,,,9911015064,UK
C1151,,,,Delhi,2025-12-07,2024-03-28,,10.0,,,
C1152,,Female,,Mumbai,2024-02-13,,,10.0,user1151@mail.com,,India
C1153,Kiran,Female,,Hyderabad,,,,,,,UK
C1154,,Female,,Kolkata,,2021-12-27,535.96,,,,USA
C1155,,Female,,Mumbai,2023-06-04,2022-01-15,,,,,
C1156,Ankit,,,Mumbai,,2023-02-02,,,,,India
C1157,Rahul,Male,18,Bangalore,2023-12-06,,,10.0,,9637390356,India
C1158,Pooja,Female,,,,,,,,,
C1159,,Male,35,Pune,,,,2.0,,,Canada
C1160,Neha,Male,29,Ahmedabad,,2021-02-01,,,,9851429839,
C1161,Ankit,Female,41,Kolkata,,2023-04-30,130.55,,user1160@mail.com,,Australia
C1162,Priya,,54,Hyderabad,,2023-05-06,,,,,Canada
C1163,Ankit,,,Hyderabad,,2022-04-18,,4.0,,,Canada
C1164,Simran,Female,,Kolkata,2024-02-23,2023-07-25,1503.15,,,,UK
C1165,Ankit,Female,,Mumbai,,2023-06-27,636.9,10.0,,,Australia
C1166,Amit,,,,2025-11-30,,,4.0,,,USA
C1167,Pooja,,,Hyderabad,2021-05-27,,,5.0,user1166@mail.com,,India
C1168,,Male,25,Mumbai,2023-07-15,,,1.0,,,Canada
C1169,Simran,,26,Mumbai,2023-12-22,,1543.13,4.0,,9636710171,USA
C1170,Rahul,Male,,Chennai,,2024-12-23,4704.03,,,,
C1171,,,,Mumbai,2021-03-12,,,3.0,,,UK
C1172,Amit,Male,,Delhi,,,,3.0,,9865764458,
C1173,Pooja,Female,,Delhi,,,,,,,UK
C1174,Rahul,Male,,Delhi,,,,10.0,,,
C1175,Kiran,Male,,,,,,5.0,user1174@mail.com,,
C1176,,Male,37,Kolkata,2020-09-25,,,3.0,,,USA
C1177,Ravi,Female,,Ahmedabad,2024-09-26,,,10.0,user1176@mail.com,,Australia
C1178,,,,Chennai,2025-05-18,,,,,,India
C1179,Amit,,70,Bangalore,2021-02-22,,,,,9539793243,Canada
C1180,Rahul,Male,,Kolkata,,,404.07,4.0,,,India
C1181,Sneha,Male,,Ahmedabad,2021-02-17,,,,,,Canada
C1182,Rahul,Female,64,Pune,,,,10.0,user1181@mail.com,9959008798,UK
C1183,,Female,,Pune,2020-12-26,,,1.0,,9513585825,India
C1184,Rahul,Male,,Ahmedabad,,2021-12-03,4357.12,2.0,user1183@mail.com,,Canada
C1185,Sneha,Female,55,Bangalore,2023-11-22,,3960.02,,,,UK
C1186,Amit,Female,,Bangalore,2024-05-05,,,,,,USA
C1187,Ankit,,,Kolkata,,,183.8,,,,Canada
C1188,Simran,Female,,Bangalore,2024-11-07,,,10.0,,,
C1189,Rahul,,,,,,395.44,10.0,,,India
C1190,Pooja,Female,,Pune,,,,,user1189@mail.com,9494735409,Canada
C1191,Simran,Female,,Bangalore,,2023-08-30,,4.0,user1190@mail.com,,Canada
C1192,Ankit,Female,,Ahmedabad,,,,10.0,,,UK
C1193,Simran,,,,,,1135.54,,user1192@mail.com,,India
C1194,Ravi,Female,,Bangalore,2021-10-20,,2430.68,10.0,,9500555163,India
C1195,Sneha,,,Kolkata,,,,10.0,user1194@mail.com,9137264830,USA
C1196,Priya,Male,,,,2025-05-20,,10.0,,,Australia
C1197,Pooja,Male,,Bangalore,,2025-01-22,,2.0,user1196@mail.com,9446650334,Australia
C1198,Pooja,,,Chennai,2024-07-16,,,4.0,,,Canada
C1199,Ravi,Male,,Mumbai,2024-05-09,,,,,,Australia
C1200,,Male,,Bangalore,,,,,,,USA
C1201,Kiran,Male,,Chennai,,,,10.0,,9777051045,Canada
C1202,Rahul,Female,47,Bangalore,2021-05-31,,1150.79,10.0,,9516489429,India
C1203,,,,Ahmedabad,,2022-04-25,,10.0,,,India
C1204,Ankit,Female,,Pune,2023-03-29,,,10.0,,,
C1205,Simran,Female,,Hyderabad,,,,10.0,,,India
C1206,Amit,Male,,Delhi,2024-12-06,,,10.0,,,
C1207,,Male,,Ahmedabad,,,,5.0,,,UK
C1208,,Female,,Mumbai,2026-01-26,2023-07-07,,2.0,,,
C1209,Neha,,,Mumbai,,,699.76,2.0,,9816558820,Canada
C1210,Ankit,Female,,,2024-06-06,,,3.0,,,UK
C1211,Ravi,Male,,,2022-02-08,,,,,9520232543,UK
C1212,,Male,,Bangalore,,2022-10-15,,,,9576939677,USA
C1213,Rahul,Male,,Chennai,,,4507.22,,,9361637184,USA
C1214,,Male,56,Ahmedabad,,,3983.15,10.0,user1213@mail.com,,India
C1215,,Female,,Kolkata,2024-03-30,,,,,,India
C1216,,Female,,Kolkata,,,,10.0,user1215@mail.com,,USA
C1217,Pooja,Female,,Chennai,2021-07-09,,,,,,Canada
C1218,,Female,,Mumbai,2025-10-31,,,3.0,user1217@mail.com,9313523435,UK
C1219,Ankit,Female,54,Bangalore,,,,10.0,user1218@mail.com,9277045555,Australia
C1220,Pooja,Female,,Hyderabad,2021-04-13,,,,,,
C1221,Sneha,Male,,Ahmedabad,2020-11-07,,,,,,India
C1222,,Male,,Chennai,2024-09-17,2020-11-05,,5.0,,,
C1223,Rahul,Female,,Pune,2023-12-13,2023-01-17,,3.0,,,Canada
C1224,Neha,,20,Hyderabad,,,,3.0,,9521287933,Australia
C1225,Neha,,,Bangalore,,,2932.27,,,,Canada
C1226,Rahul,,22,Delhi,2023-09-07,,,,,,
C1227,Neha,Female,,Chennai,2020-12-01,2022-03-17,,1.0,user1226@mail.com,,Canada
C1228,Neha,Male,,Mumbai,2025-05-17,,1923.85,,,,
C1229,Ravi,,64,Bangalore,,,,,user1228@mail.com,,USA
C1230,Ankit,Female,41,Delhi,,,,,,,UK
C1231,Ravi,Female,48,Delhi,2024-07-31,2023-04-01,,,,,UK
C1232,Pooja,Female,,Kolkata,,,850.59,10.0,,,India
C1233,,,48,,,,,3.0,,,
C1234,Kiran,Female,,Delhi,2023-05-19,,,10.0,,,UK
C1235,Sneha,Female,18,Pune,,,,,,,Australia
C1236,Kiran,Female,,Ahmedabad,,,,4.0,user1235@mail.com,9339788427,UK
C1237,,Male,33,Kolkata,,2024-07-14,,5.0,,,
C1238,Sneha,Female,,,,,,10.0,user1237@mail.com,,USA
C1239,Ankit,Male,,,2026-01-25,2021-03-07,,,,9115601850,Canada
C1240,Pooja,Female,53,Chennai,,,,,,,USA
C1241,Simran,Female,21,,2023-04-09,2021-10-03,,,,9625653979,UK
C1242,Ankit,,,Pune,2021-09-25,,,10.0,,,USA
C1243,Neha,Male,,Mumbai,2024-08-29,2021-07-28,,,,,USA
C1244,Kiran,Female,50,Pune,2021-12-13,,,10.0,,,UK
C1245,Simran,,,Kolkata,,,,1.0,,9338540982,
C1246,Rahul,,,Pune,,2022-12-09,69.93,,,,Canada
C1247,,Male,,Mumbai,2023-11-16,,3182.41,,user1246@mail.com,,UK
C1248,,Female,60,Bangalore,2021-06-20,2022-04-23,3991.69,10.0,,,UK
C1249,Rahul,Female,,Pune,,,,10.0,user1248@mail.com,,UK
C1250,Kiran,Male,,Mumbai,2021-03-03,2020-10-21,,,,9529794299,India
C1251,Sneha,Male,,Bangalore,2025-09-30,,,,,9807815019,USA
C1252,,,,Bangalore,2020-11-10,,,10.0,,9188291498,UK
C1253,Neha,Female,50,Chennai,,2023-07-27,,10.0,user1252@mail.com,,
C1254,Rahul,,,Chennai,2024-11-07,,,,,,Canada
C1255,Rahul,,,Pune,,2024-03-25,,,user1254@mail.com,,UK
C1256,Ankit,Female,,Bangalore,,,,,user1255@mail.com,9125590782,UK
C1257,Neha,Female,,Bangalore,,,,10.0,,,UK
C1258,Rahul,,,,,,,,user1257@mail.com,,Canada
C1259,Sneha,Female,27,Chennai,,2025-03-05,,10.0,,,India
C1260,Pooja,Female,,Ahmedabad,2024-08-19,2023-09-02,4487.52,,,9496690044,UK
C1261,Ankit,,,Kolkata,2024-08-09,2022-12-04,,10.0,,,UK
C1262,Ankit,Female,61,Pune,,2022-03-24,,3.0,,9944079049,Canada
C1263,Ankit,Female,,Bangalore,,2021-09-06,,10.0,user1262@mail.com,9857257204,India
C1264,Neha,,62,Bangalore,,,,,,,India
C1265,Pooja,Male,,Delhi,2021-05-24,,103.69,10.0,,9544231087,India
C1266,Pooja,,,Ahmedabad,2023-06-15,2020-10-14,,,,,
C1267,Priya,Female,,Kolkata,2024-09-29,,2951.9,,,,USA
C1268,Pooja,Male,55,Ahmedabad,2023-02-15,,,,,9778214251,USA
C1269,Neha,Female,,Chennai,,2020-10-07,,10.0,user1268@mail.com,,Australia
C1270,Rahul,Male,68,Bangalore,,,1500.23,10.0,,,USA
C1271,Ankit,Male,,Hyderabad,,,,10.0,,,UK
C1272,Priya,Male,,Chennai,2024-12-04,,,,,,USA
C1273,Pooja,Male,44,,,,2472.13,,,,USA
C1274,Sneha,Male,,,2024-05-19,2021-06-01,,,,,Canada
C1275,Kiran,,43,Delhi,2024-12-01,,2231.91,10.0,,,Canada
C1276,Pooja,,,,2021-06-26,2021-01-26,2508.0,,,9896217096,USA
C1277,Kiran,Male,,Delhi,,,2618.82,5.0,user1276@mail.com,,Australia
C1278,Neha,Male,,Ahmedabad,2021-10-15,2022-06-17,,,,,
C1279,,Male,,,2020-09-02,,,4.0,,,Canada
C1280,Amit,Female,,Hyderabad,,2022-11-21,,10.0,,,UK
C1281,Pooja,Female,,Kolkata,,,,4.0,,,India
C1282,Ravi,Female,,Delhi,2025-11-30,,,10.0,,,UK
C1283,,Female,63,Delhi,,2022-01-17,,10.0,,,USA
C1284,,,,Hyderabad,2021-03-31,,,10.0,user1283@mail.com,9832234223,
C1285,Ankit,Female,48,Chennai,,,,10.0,,,India
C1286,Pooja,,,Mumbai,,2025-04-25,2229.62,4.0,,9295856598,India
C1287,Ankit,,,,2024-07-17,,3139.15,,,,Canada
C1288,Priya,,,,2021-03-24,,,,user1287@mail.com,,India
C1289,Pooja,,,Mumbai,2020-10-10,2021-01-14,,10.0,,,UK
C1290,Pooja,Female,,Ahmedabad,2025-03-23,,1403.38,10.0,,9600784676,India
C1291,Priya,Male,,Bangalore,2023-07-25,2024-07-12,,10.0,user1290@mail.com,,USA
C1292,Simran,,,Pune,2022-10-14,,,1.0,,,UK
C1293,Amit,Male,68,,2022-11-01,2023-01-07,,10.0,,9413729936,
C1294,Ankit,Female,,,,,,3.0,,9736677238,USA
C1295,Pooja,Male,,Delhi,,,,10.0,user1294@mail.com,,
C1296,Simran,Male,,Hyderabad,,,3049.28,5.0,,,Canada
C1297,Priya,Male,60,Chennai,,2021-01-01,,,,9108998212,UK
C1298,Priya,Male,,Mumbai,2025-08-21,2023-09-29,,2.0,user1297@mail.com,,
C1299,Rahul,,64,Delhi,2024-03-31,2021-11-14,,10.0,user1298@mail.com,,
C1300,,,,Bangalore,2024-03-31,,,,,,Canada
C1301,Rahul,Female,64,Pune,2025-07-16,,,,,,USA
C1302,Amit,,,Ahmedabad,2023-01-26,,,,,,UK
C1303,,Female,39,Mumbai,,2021-01-10,,,user1302@mail.com,,
C1304,,Male,,Mumbai,,2020-10-15,,10.0,,,
C1305,,Male,,Pune,,2021-05-21,,,,,Australia
C1306,Kiran,Female,21,Chennai,,,2217.56,,,9299622728,Australia
C1307,Amit,,,Hyderabad,2023-02-12,,,3.0,,,India
C1308,Ankit,Male,,Mumbai,2025-01-30,2025-10-26,,,user1307@mail.com,,
C1309,Rahul,Female,,,,,,,,9354113438,Australia
C1310,Rahul,,57,Delhi,,,3353.85,,,,
C1311,Priya,Male,,Delhi,,2022-09-28,2949.11,10.0,user1310@mail.com,,
C1312,Ankit,,,Hyderabad,2023-09-18,2024-10-01,,,,,Australia
C1313,Kiran,Male,,Kolkata,,,,5.0,,,Canada
C1314,,,37,Hyderabad,,,,3.0,user1313@mail.com,,Australia
C1315,Rahul,,,,2022-08-28,,,,,,
C1316,Pooja,,,Kolkata,2021-06-14,,3906.89,10.0,,9667668097,USA
C1317,Amit,Female,56,Chennai,,2022-02-05,2471.08,,,9722529203,USA
C1318,Kiran,Male,,,,2024-12-04,,10.0,,,USA
C1319,Pooja,,,,,,,10.0,,9626760998,USA
C1320,Amit,Female,,,,,,10.0,user1319@mail.com,,
C1321,Sneha,,,Delhi,2024-05-25,,,,,,
C1322,Simran,Male,,Hyderabad,,,,5.0,,,UK
C1323,,Female,,Pune,2023-06-19,,1298.41,10.0,user1322@mail.com,,India
C1324,Pooja,Male,,Bangalore,2024-09-02,,,10.0,,,
C1325,Ravi,,,Bangalore,,2023-04-13,,5.0,,,Australia
C1326,,Male,,Chennai,,2021-03-02,,,,,Canada
C1327,Rahul,Female,,Bangalore,,,4498.86,,,,Canada
C1328,Kiran,Female,,,,,2924.59,5.0,,,India
C1329,Pooja,Female,,Bangalore,,,,10.0,,,
C1330,Sneha,Female,,Bangalore,2022-07-31,2023-05-02,,,user1329@mail.com,9157630685,India
C1331,Neha,Female,34,Delhi,,2021-06-14,,1.0,user1330@mail.com,,Australia
C1332,Ravi,Female,,Pune,2022-06-04,,2559.25,5.0,,,USA
C1333,,Female,,Bangalore,,,1932.12,,,,India
C1334,Kiran,,,Kolkata,2025-12-19,,,,,,India
C1335,Pooja,Female,,,2023-03-05,,,4.0,,,Australia
C1336,Ravi,,,,2024-12-30,,973.83,2.0,,9672791656,Canada
C1337,Simran,Female,,,,,,,,,Canada
C1338,Amit,Female,,Pune,,,,,,,UK
C1339,Ravi,,,Hyderabad,2021-09-12,,,,,,India
C1340,,Male,,Mumbai,2025-11-16,,,,,,Canada
C1341,Neha,Female,,Kolkata,2021-06-22,,,,,,India
C1342,Ravi,Male,,Pune,2023-04-27,,,10.0,,,UK
C1343,Neha,,50,Pune,2024-06-30,,,3.0,,9295678981,Canada
C1344,Pooja,,,Chennai,2024-08-30,,,10.0,,,UK
C1345,Priya,Male,,Pune,2022-02-04,,,2.0,,,USA
C1346,Neha,Male,,Bangalore,,,,,user1345@mail.com,,
C1347,Rahul,Male,,Ahmedabad,,,,2.0,,,Canada
C1348,Priya,Male,,Pune,,,1359.16,,,,USA
C1349,Ankit,,,Hyderabad,2025-05-10,,187.78,,,,USA
C1350,,Male,,Delhi,2023-07-17,,,,,,Australia
C1351,Priya,Male,30,Mumbai,,2025-07-08,,10.0,,9307618167,USA
C1352,Pooja,Female,29,Chennai,2022-06-03,2023-09-25,,3.0,,,Australia
C1353,Simran,,,Delhi,2026-01-18,,,,,9144216746,UK
C1354,Pooja,Male,64,Bangalore,2022-03-22,,,,,,Australia
C1355,Rahul,Male,,Ahmedabad,2026-01-19,,1176.53,10.0,,,India
C1356,Kiran,,,Hyderabad,2024-02-21,,,10.0,user1355@mail.com,,India
C1357,,Female,,Kolkata,,2023-03-23,,2.0,,,USA
C1358,Ravi,,,Mumbai,2023-12-24,,4087.76,,,,Australia
C1359,Sneha,Female,,Bangalore,,,,1.0,,,UK
C1360,Rahul,Female,34,Bangalore,2022-03-21,,,,,,Australia
C1361,Priya,Female,49,,,,,,,,
C1362,Pooja,Male,18,Mumbai,2025-09-26,2023-10-23,,5.0,,9407527430,Australia
C1363,Amit,Male,,Hyderabad,,2023-07-07,353.77,,,9586801684,India
C1364,Priya,Female,,Mumbai,2020-09-20,,,,,,India
C1365,Kiran,Male,,Pune,,,,10.0,,,UK
C1366,Priya,,,Chennai,,2021-10-09,,,user1365@mail.com,,Australia
C1367,Neha,,,Pune,2023-03-25,2021-02-20,,,,,Australia
C1368,Rahul,Male,69,Pune,,,,,user1367@mail.com,,UK
C1369,Kiran,Female,,Ahmedabad,,,,10.0,,,
C1370,Kiran,Male,40,Kolkata,2021-03-02,,,,,,
C1371,Rahul,Female,,Bangalore,2024-08-15,,,1.0,,,
C1372,Rahul,,,Bangalore,2024-01-31,,,3.0,user1371@mail.com,,USA
C1373,Ankit,Male,,Chennai,2025-12-13,,388.61,,,,
C1374,Rahul,Female,,Ahmedabad,2024-07-01,,,,,,India
C1375,Simran,,,Mumbai,2024-06-10,,,,,,Australia
C1376,,,,Delhi,,2025-02-01,,5.0,,,USA
C1377,,Female,24,Ahmedabad,,2021-03-02,,,,9662465022,India
C1378,,Female,,Mumbai,,2025-05-11,,10.0,user1377@mail.com,,UK
C1379,Ankit,,,Mumbai,,2025-06-06,,4.0,,9375879824,
C1380,Neha,Male,43,Ahmedabad,,2023-11-11,,5.0,user1379@mail.com,,India
C1381,Simran,,,Hyderabad,,2022-07-06,,2.0,user1380@mail.com,,UK
C1382,Amit,Male,,Chennai,2022-10-02,2021-10-27,,,,,UK
C1383,Sneha,,70,Delhi,,,,,,9344566850,USA
C1384,Amit,,,Bangalore,2022-05-04,2022-02-17,,,,9941758532,India
C1385,,Male,,Hyderabad,2022-04-17,2025-07-04,,,user1384@mail.com,9715533066,Australia
C1386,Sneha,Female,,Pune,,2021-01-26,,,,,UK
C1387,Ankit,Male,,Delhi,,,,,,,UK
C1388,Simran,,,Chennai,2022-05-04,2024-03-18,,5.0,,9956710908,
C1389,Pooja,,65,Mumbai,2020-10-10,,,,,,Canada
C1390,Neha,Female,,Mumbai,,2024-08-26,,10.0,,,UK
C1391,Ankit,Male,,Kolkata,2022-01-18,2021-01-18,,10.0,,,
C1392,Pooja,,,Kolkata,,,2111.61,,,9762397844,USA
C1393,Neha,Female,,Pune,,2025-10-02,,,,,USA
C1394,Amit,Male,,Mumbai,2024-08-21,2020-08-23,,,,,India
C1395,,Male,,Pune,,,,4.0,,,India
C1396,Simran,Female,39,Pune,2025-02-18,2025-01-21,,,user1395@mail.com,,USA
C1397,Pooja,,,Ahmedabad,2024-07-05,2022-11-19,1928.13,,,,UK
C1398,Ravi,Male,59,Ahmedabad,2023-08-11,,,,,9260061049,
C1399,Kiran,Male,54,Delhi,2021-10-10,,,4.0,,9660028680,
C1400,,Female,,,2024-11-25,,,,,,Canada
C1401,Ankit,,,Hyderabad,2022-05-19,2023-09-20,2475.37,10.0,user1400@mail.com,,India
C1402,Rahul,Male,27,Bangalore,,,,,,9467762506,USA
C1403,,,,Ahmedabad,,,,1.0,user1402@mail.com,,India
C1404,Pooja,Female,67,Delhi,,2022-12-14,,,,,
C1405,Neha,Male,,Chennai,2023-03-02,2022-07-11,,10.0,user1404@mail.com,,Australia
C1406,Ankit,Female,,Kolkata,2023-01-22,2021-11-19,4982.59,,user1405@mail.com,9643012176,Canada
C1407,Sneha,,,Delhi,,,,,,,UK
C1408,,Female,,,2022-08-13,,,2.0,,,UK
C1409,Neha,Female,38,Bangalore,,2021-08-09,,5.0,,,USA
C1410,,Male,,Chennai,2021-03-05,,,10.0,,,Australia
C1411,Kiran,,49,Delhi,,,3041.54,,,,Australia
C1412,Simran,,,Bangalore,,2022-02-20,,10.0,,9365279058,
C1413,Ravi,,,Bangalore,2025-03-09,2022-09-24,,2.0,user1412@mail.com,,India
C1414,,Female,,Hyderabad,2023-10-01,,,1.0,,9555229067,India
C1415,Ravi,Male,,Ahmedabad,2023-09-06,,,,,9232264949,Canada
C1416,Neha,,49,Pune,,,3144.47,,,,India
C1417,Priya,,,Chennai,2021-03-03,,,3.0,,,
C1418,Rahul,,,Ahmedabad,2025-08-05,,995.36,1.0,,,Canada
C1419,Pooja,Male,,Ahmedabad,2023-12-11,,3804.91,,,9553592361,UK
C1420,Simran,Female,,Chennai,,,1579.25,,,9566044545,USA
C1421,Ankit,Male,,Pune,2025-04-08,,1661.44,,,9853029369,India
C1422,Simran,,,Mumbai,,,,,,,UK
C1423,Ankit,Male,,Pune,2022-06-29,,,,,9891602735,Canada
C1424,Simran,Female,,Ahmedabad,2024-02-17,,,3.0,,,Australia
C1425,Ravi,Female,31,Bangalore,2022-04-19,,2848.1,,,,Australia
C1426,Kiran,,28,Pune,2021-10-20,,,3.0,,,Canada
C1427,Priya,Male,,,,2022-07-09,,,user1426@mail.com,,UK
C1428,,,,Chennai,2022-01-26,,,5.0,,,
C1429,Amit,,,Delhi,,2023-05-12,,,user1428@mail.com,9947089144,Canada
C1430,Ravi,,,Mumbai,2025-05-09,,,,,,India
C1431,Amit,Male,26,Hyderabad,,,,4.0,user1430@mail.com,,
C1432,Priya,,,Bangalore,,,2557.83,,,,USA
C1433,,Female,,Delhi,,2021-12-10,,10.0,,,Australia
C1434,Amit,Female,,,2023-08-15,,,,user1433@mail.com,,UK
C1435,Ankit,Male,,Pune,,,,2.0,,,Canada
C1436,,,,,,2022-02-03,,,,9392739763,USA
C1437,Ravi,Female,43,Ahmedabad,,,,10.0,,,Canada
C1438,Neha,,,Bangalore,,2023-09-05,1292.01,10.0,user1437@mail.com,,
C1439,Sneha,Male,,Delhi,,2025-04-18,,10.0,,,
C1440,Priya,,66,Mumbai,2021-01-23,,,,,,Australia
C1441,Sneha,Male,,Ahmedabad,,,,,user1440@mail.com,9648084542,Canada
C1442,Pooja,,67,Chennai,,2024-05-15,1009.04,5.0,,,Canada
C1443,Priya,Male,28,Bangalore,,,2590.05,,user1442@mail.com,,UK
C1444,,Female,,Bangalore,2025-06-28,2021-11-12,2400.93,,user1443@mail.com,,Canada
C1445,Ankit,,,,,2023-07-21,2581.18,10.0,,,USA
C1446,Ravi,Female,,,2025-05-13,,,10.0,user1445@mail.com,9112223075,India
C1447,Ravi,Male,,Kolkata,,2025-06-07,,,,,Australia
C1448,Pooja,,,Hyderabad,,,4617.65,,,9172852311,
C1449,Rahul,Male,,Ahmedabad,2024-03-15,,,,,9576097125,Canada
C1450,,Male,58,Mumbai,,2022-01-02,,,,,Australia
C1451,Sneha,,,Pune,,,,,user1450@mail.com,,UK
C1452,Ankit,,,Chennai,2024-09-29,2021-03-26,,,user1451@mail.com,9385403642,Australia
C1453,Neha,Female,,Chennai,2025-10-28,,,2.0,user1452@mail.com,,Canada
C1454,Priya,,,Chennai,2022-05-08,,,,,,India
C1455,Priya,Female,38,Ahmedabad,,,,,,,
C1456,Rahul,Female,,Kolkata,,2025-09-13,,5.0,,,
C1457,Amit,Male,18,Mumbai,,,,,,9975250698,Australia
C1458,Amit,,26,Delhi,,,,,,,
C1459,Amit,Female,,Kolkata,,,,10.0,user1458@mail.com,,
C1460,Amit,Female,,Bangalore,2023-10-09,,3547.91,3.0,user1459@mail.com,9117108242,Australia
C1461,Sneha,,36,Pune,,2025-07-31,,,,9508312246,
C1462,,,,Bangalore,,2025-02-27,3755.21,,,,
C1463,Sneha,Female,,,,2021-03-19,,,,,India
C1464,Neha,Female,46,Mumbai,2023-01-31,,3345.41,,,9602808855,USA
C1465,Sneha,Female,,Pune,2022-12-06,,,10.0,user1464@mail.com,,India
C1466,Ankit,Female,,Delhi,,,,,,,Australia
C1467,Sneha,Female,44,Delhi,2025-01-03,2020-12-08,,,,9311125569,Australia
C1468,,Female,,Hyderabad,2024-04-22,2023-06-14,3364.93,10.0,user1467@mail.com,,Australia
C1469,Ankit,Female,,Bangalore,,,361.18,3.0,user1468@mail.com,,India
C1470,Ankit,Male,,,2024-04-14,,,,,,Canada
C1471,Ravi,Female,,,2023-08-24,,,10.0,,9422409549,Canada
C1472,Neha,Male,,,2024-04-05,,,4.0,,,USA
C1473,Ravi,Male,,Pune,2025-11-23,,,10.0,,9420588250,Canada
C1474,Priya,Male,21,Delhi,,,,3.0,,,India
C1475,Amit,Female,,Ahmedabad,,,,,,,Canada
C1476,Ankit,,,Mumbai,,,1656.03,1.0,,,Canada
C1477,Rahul,,,Delhi,2022-11-22,,,10.0,user1476@mail.com,,
C1478,Rahul,Male,,Pune,,2021-02-22,,10.0,,,
C1479,,,27,Delhi,,,,10.0,user1478@mail.com,9656693317,Canada
C1480,Kiran,Female,,Kolkata,,,,5.0,,,India
C1481,Sneha,Female,47,Pune,2025-12-02,2025-07-15,,,user1480@mail.com,,India
C1482,Simran,Male,,Hyderabad,2025-01-08,,2227.2,2.0,,,India
C1483,Rahul,Female,,Delhi,,,,,,,Canada
C1484,Amit,Female,,Ahmedabad,2024-08-24,,1674.71,10.0,,,USA
C1485,Pooja,Male,,Delhi,2023-02-26,2025-07-23,2361.99,,user1484@mail.com,,USA
C1486,Amit,Female,,Ahmedabad,,,,,,,India
C1487,Kiran,Male,,Mumbai,2025-04-04,2023-12-06,,,user1486@mail.com,,Australia
C1488,Simran,Female,,Chennai,2021-04-28,2023-09-28,,,user1487@mail.com,,India
C1489,Kiran,Male,,Mumbai,2022-07-02,,,2.0,,,India
C1490,Pooja,Male,,Chennai,,,,,,,Canada
C1491,,Female,67,,,,,10.0,user1490@mail.com,,Canada
C1492,Amit,,60,Chennai,,,,,,9820773565,Australia
C1493,Priya,Male,51,Delhi,2022-09-20,,,10.0,,,UK
C1494,Neha,Male,,Kolkata,,2025-09-04,,5.0,,,
C1495,Simran,Female,,Kolkata,2021-02-10,,,,user1494@mail.com,,Canada
C1496,,Male,,Pune,2022-10-21,2021-07-01,,10.0,user1495@mail.com,9466673553,Canada
C1497,Kiran,Female,28,Ahmedabad,2024-03-05,,2758.91,10.0,user1496@mail.com,9208776085,Australia
C1498,Sneha,Female,,Hyderabad,,,,,user1497@mail.com,9403172264,
C1499,Simran,Female,,Pune,,,3355.58,10.0,,9653159940,USA
C1500,,Female,,Mumbai,2022-06-20,,,10.0,,,UK
C1501,Kiran,,,Delhi,,2023-09-27,,,,,
C1502,Kiran,,,Bangalore,,,4588.95,,,,Canada
C1503,Sneha,,,Kolkata,2025-03-13,,,10.0,,9569555319,Australia
C1504,Ravi,,,Pune,,2021-12-12,,,,9918334131,Canada
C1505,Sneha,Female,,Delhi,,,3103.59,10.0,,,Canada
C1506,Amit,Female,,,,,819.25,10.0,,9717409213,Australia
C1507,Amit,Male,,Bangalore,,2020-08-20,,10.0,user1506@mail.com,,Canada
C1508,,Male,,Pune,,2023-07-17,3050.88,1.0,user1507@mail.com,,India
C1509,,Male,,,2021-03-02,,3520.55,,,,UK
C1510,Ravi,Female,32,,,2023-09-18,3815.42,,,,UK
C1511,Priya,,59,Hyderabad,,,,,,9947777907,USA
C1512,Kiran,,,Hyderabad,2021-08-17,,,,,9303724867,USA
C1513,Sneha,Male,,Delhi,2023-05-10,,,2.0,,,USA
C1514,Pooja,Female,,Bangalore,2025-01-28,,,,,,India
C1515,Ravi,Female,46,Ahmedabad,,,,,,,
C1516,Simran,Female,,Delhi,,,,,user1515@mail.com,9833324951,USA
C1517,Neha,Female,69,Mumbai,,,1522.04,10.0,,,Canada
C1518,Ravi,Female,43,Kolkata,2025-12-04,,4228.47,,,,Australia
C1519,,Male,,Chennai,,2025-07-05,,,,,UK
C1520,Sneha,Male,,Mumbai,2024-09-09,2025-02-25,2718.48,2.0,user1519@mail.com,,Australia
C1521,Simran,Female,,,,,822.32,,,,USA
C1522,Pooja,,49,,,,,10.0,,9556088440,
C1523,Amit,,,Pune,,2023-12-24,,4.0,,9874572371,USA
C1524,Neha,,,Mumbai,,2022-05-05,,,,,USA
C1525,Neha,Male,,Kolkata,,2025-05-07,4498.97,,user1524@mail.com,,USA
C1526,Kiran,Female,33,Hyderabad,,,,,,,
C1527,Amit,Female,,Hyderabad,2020-08-25,,,,,,India
C1528,Kiran,Male,,Kolkata,2025-11-11,,,10.0,user1527@mail.com,,USA
C1529,Amit,Female,,Pune,2023-04-22,,489.07,10.0,,9282809498,
C1530,Sneha,Male,,Hyderabad,2020-12-20,2025-10-14,,10.0,,,Canada
C1531,Priya,Male,18,Ahmedabad,2021-05-02,,,,,,Australia
C1532,,Male,27,Chennai,,,,,,9597652170,USA
C1533,Rahul,Male,46,Ahmedabad,,2025-01-13,,,,,Canada
C1534,Sneha,,,,,,2544.56,2.0,user1533@mail.com,,Australia
C1535,Priya,Female,,Kolkata,2023-01-12,,,,user1534@mail.com,,Australia
C1536,Priya,Male,,Bangalore,,,4284.68,10.0,,,
C1537,Simran,Male,,,2025-12-02,2024-06-18,,,,,
C1538,Sneha,Female,,,2025-11-15,,,4.0,,,India
C1539,,Male,,Pune,,,,,,9101057797,Canada
C1540,Simran,Male,,Chennai,2024-05-04,,,,,,USA
C1541,Amit,,,Mumbai,,2025-05-09,2860.21,10.0,user1540@mail.com,,Canada
C1542,Simran,Male,66,,2024-12-01,2024-07-01,3922.5,2.0,user1541@mail.com,,Australia
C1543,Amit,Female,,Kolkata,,,,10.0,,9591799415,
C1544,,,,Chennai,2023-04-01,,,,,,India
C1545,Sneha,Female,,,,,,10.0,,9400633627,
C1546,Pooja,,,Ahmedabad,,,,,,,
C1547,Pooja,Male,,Hyderabad,,2020-08-19,,10.0,,9995093239,Canada
C1548,Amit,Male,,Delhi,2021-02-15,,,4.0,user1547@mail.com,,India
C1549,Simran,,,Kolkata,2023-02-07,,,,user1548@mail.com,,Australia
C1550,Kiran,Female,,Chennai,2023-10-03,,,2.0,,9552536877,India
C1551,Rahul,,,Ahmedabad,2021-11-05,2025-02-02,,,,,Australia
C1552,Ankit,Male,,Bangalore,,,,4.0,user1551@mail.com,,India
C1553,,Female,63,Mumbai,2020-08-24,,,,,,Canada
C1554,,Female,,Mumbai,,2021-05-19,,10.0,,9567127922,Australia
C1555,Neha,,,Pune,,,,1.0,,9875166127,UK
C1556,Ravi,Female,,Pune,2025-09-19,,,,,,UK
C1557,Ravi,Male,37,Ahmedabad,,,1971.61,,,9841704304,Australia
C1558,Priya,Female,,Delhi,2022-05-02,,1308.52,,,,USA
C1559,Rahul,Male,,Kolkata,2023-05-03,,,,,,Australia
C1560,Ravi,Male,,Bangalore,,,4843.62,,,,USA
C1561,Simran,Female,29,Ahmedabad,,,,,,,Canada
C1562,,Female,,Ahmedabad,2021-09-25,2024-07-15,,,user1561@mail.com,9476144258,
C1563,Kiran,Male,25,Kolkata,2023-06-29,,,,,,Canada
C1564,Priya,Female,59,Pune,2022-03-05,2022-10-22,,3.0,,9173461961,India
C1565,Pooja,Male,,Kolkata,,,3177.39,,user1564@mail.com,,Canada
C1566,Neha,Female,49,Chennai,2020-11-07,,,5.0,user1565@mail.com,,Canada
C1567,Rahul,Female,,Ahmedabad,2024-07-31,,2572.0,10.0,,9738228976,India
C1568,Sneha,Female,,,2025-04-23,,,,,,USA
C1569,Amit,,,Hyderabad,2022-12-10,,,,,9947553108,
C1570,,,,Mumbai,,2021-12-11,,10.0,,,
C1571,Priya,Female,,Delhi,,,4280.2,,,,Australia
C1572,Rahul,Female,,Bangalore,2026-01-24,2024-06-18,3537.21,5.0,,,UK
C1573,Simran,,,Bangalore,,,,,user1572@mail.com,,USA
C1574,Amit,Female,,Bangalore,,,,10.0,,,India
C1575,Rahul,Male,,Kolkata,,2025-02-05,,,,,UK
C1576,Sneha,,,Hyderabad,2022-10-18,,,,user1575@mail.com,,Canada
C1577,Amit,Male,,Kolkata,2022-07-20,,,,,9395879432,Australia
C1578,Ravi,,,Pune,2025-02-07,,,,,9967110333,India
C1579,Pooja,Male,,Mumbai,2023-06-13,,,,,,UK
C1580,Rahul,Female,,Delhi,2023-02-06,,2023.5,1.0,user1579@mail.com,,Canada
C1581,Amit,Female,,Bangalore,2025-04-10,,,,,,USA
C1582,Ravi,Male,,Bangalore,,,,10.0,,,India
C1583,Kiran,Male,,Delhi,2021-05-06,2023-07-09,,1.0,user1582@mail.com,,Australia
C1584,Kiran,Female,,Kolkata,,,384.31,10.0,user1583@mail.com,,
C1585,Kiran,Male,,Ahmedabad,2023-04-24,,,,user1584@mail.com,,India
C1586,Ankit,Female,,Hyderabad,,,3102.19,1.0,,,India
C1587,Rahul,Male,,Chennai,2025-05-19,,,,,9876883757,
C1588,Priya,Male,,Pune,2023-03-24,,,,,,Australia
C1589,Priya,Female,,Ahmedabad,2021-12-29,,,1.0,user1588@mail.com,,India
C1590,Amit,Male,,,,,,,,,Canada
C1591,Ankit,Male,,Ahmedabad,2023-09-21,,,,,9304416506,
C1592,Ankit,Male,,,2021-08-29,2024-03-30,3551.22,3.0,,9798722055,Australia
C1593,Ravi,,,Kolkata,2023-09-23,,,10.0,user1592@mail.com,,UK
C1594,Amit,Female,,Hyderabad,,2020-09-14,3813.25,10.0,,,UK
C1595,Amit,Male,52,Bangalore,2022-06-05,,,,,9496166789,Canada
C1596,Simran,Male,45,Chennai,,,,,,,Australia
C1597,Priya,,,Bangalore,2021-09-14,,2337.08,10.0,,9387596534,
C1598,Amit,Female,,Ahmedabad,,,,,,,Canada
C1599,Sneha,,64,Delhi,,,668.65,,user1598@mail.com,,USA
C1600,Pooja,Male,39,Ahmedabad,,,,1.0,user1599@mail.com,,UK
C1601,Pooja,Male,,Bangalore,,,,,,,Canada
C1602,,,39,Pune,,,,,,,Australia
C1603,Pooja,Male,,Pune,2025-07-20,,,4.0,user1602@mail.com,,
C1604,Simran,Male,,Mumbai,,,,,,,Australia
C1605,,Male,,Delhi,2024-11-09,,,4.0,,,Australia
C1606,Ravi,Female,,Pune,,2022-09-06,166.8,10.0,,,
C1607,Priya,,,Hyderabad,2022-12-05,,,10.0,user1606@mail.com,,UK
C1608,Ravi,,,Hyderabad,,,,,,9295912340,USA
C1609,Amit,,,Hyderabad,,,565.21,1.0,,,
C1610,Sneha,Male,,Mumbai,,,,,,,UK
C1611,Kiran,Female,38,Ahmedabad,2021-01-22,,,10.0,,9263814726,USA
C1612,Sneha,,,Mumbai,2022-11-08,,2181.5,,,,
C1613,Neha,Male,,Delhi,,2021-11-30,,,,9462985709,USA
C1614,Ankit,Female,,Bangalore,,,,10.0,user1613@mail.com,,Australia
C1615,,Female,50,Hyderabad,,,4779.47,,,,USA
C1616,Neha,,,Chennai,2022-06-04,,,10.0,,,Australia
C1617,Rahul,Female,,Delhi,2022-06-03,2022-01-17,,10.0,user1616@mail.com,,Australia
C1618,Rahul,Female,,Delhi,,2020-12-18,,,,9778837749,India
C1619,Simran,Male,,,,2023-09-07,,,,,USA
C1620,Rahul,Male,49,Delhi,2025-05-07,,,,user1619@mail.com,,Australia
C1621,Ravi,Male,,Hyderabad,,,,5.0,,,
C1622,Sneha,,,Delhi,2022-04-15,2021-04-16,,,,,USA
C1623,Kiran,Female,25,Chennai,2023-07-15,,,10.0,,9626664124,USA
C1624,Ankit,Male,,Chennai,,2025-05-11,,,,,India
C1625,Amit,Male,,Kolkata,,,,,user1624@mail.com,9894285390,USA
C1626,Ravi,Male,,Hyderabad,,2024-08-25,,,user1625@mail.com,,
C1627,,Male,30,Pune,2024-06-17,,919.67,,user1626@mail.com,9800006844,
C1628,Neha,Male,,Kolkata,,,1863.48,,,,
C1629,Ravi,,60,Mumbai,2023-04-10,,,5.0,,,Australia
C1630,Pooja,Female,,Bangalore,,,3184.0,10.0,,,Australia
C1631,Pooja,Male,37,Ahmedabad,,,,,,,
C1632,Ankit,,,Mumbai,2023-01-17,2021-07-07,,4.0,,,UK
C1633,Rahul,Male,,Mumbai,,,1035.16,,,,USA
C1634,Ankit,Male,,,,,,10.0,,,USA
C1635,Amit,Male,,Chennai,2022-04-16,,,,,,
C1636,Pooja,,,Bangalore,,,1770.09,3.0,,,Canada
C1637,Rahul,Male,,Ahmedabad,2022-02-08,,1948.68,10.0,,,USA
C1638,Ravi,Male,,Bangalore,2023-04-28,,,10.0,,9470429869,
C1639,Pooja,,,Pune,,,,4.0,,,
C1640,Amit,,64,Chennai,2020-12-08,,,3.0,,,India
C1641,Ravi,Female,,Chennai,2021-01-30,2025-01-24,,5.0,,,UK
C1642,Ankit,,,Ahmedabad,,2024-11-30,,,user1641@mail.com,,Canada
C1643,Ankit,Male,,Delhi,,,,,,9969610005,USA
C1644,Ravi,Male,,Bangalore,,2022-03-27,,,,,India
C1645,Kiran,Female,,Bangalore,2021-11-22,,,10.0,,,Australia
C1646,Simran,Male,,Bangalore,2020-11-22,,,10.0,,,
C1647,Sneha,,,,,,,10.0,,,India
C1648,Priya,Male,,Pune,,2025-01-04,,,,,India
C1649,Priya,,,Ahmedabad,2023-01-11,2022-10-24,,,user1648@mail.com,9209670441,
C1650,Pooja,Male,,Hyderabad,,2024-06-26,,,,,
C1651,Amit,Female,,Hyderabad,,,,10.0,user1650@mail.com,,
C1652,Priya,Female,,Pune,2020-12-20,,,,,,India
C1653,Pooja,Female,,Mumbai,2023-09-13,,,,,9852235948,UK
C1654,Ankit,Male,,Kolkata,,2025-04-20,,,,,
C1655,Kiran,Female,,Pune,2022-04-24,,,,user1654@mail.com,,Australia
C1656,Priya,Female,,,2022-11-26,2021-11-17,655.97,1.0,,,India
C1657,Priya,Female,,Bangalore,2023-12-26,,,,user1656@mail.com,,Canada
C1658,Sneha,,64,Kolkata,2020-09-21,,,,,9892469638,
C1659,,Male,,Delhi,,,,10.0,,,Canada
C1660,Pooja,,,Ahmedabad,,,2571.35,,,,UK
C1661,Simran,Male,43,Kolkata,,,4677.88,10.0,user1660@mail.com,9370206018,USA
C1662,Ankit,Male,,Chennai,,2020-09-12,,10.0,,,Australia
C1663,Ankit,Male,,Delhi,,,,,,,Canada
C1664,Pooja,Female,,Mumbai,2025-07-02,2023-11-23,,1.0,,,Canada
C1665,,Female,,Hyderabad,2021-04-01,2023-01-05,,,user1664@mail.com,,USA
C1666,Amit,Female,,Bangalore,2021-03-05,2022-01-29,,,user1665@mail.com,,Australia
C1667,Priya,Female,,Pune,,,,,,,USA
C1668,Rahul,Male,39,Ahmedabad,,,,2.0,,,
C1669,Amit,Male,,Chennai,,2022-06-08,,,,,USA
C1670,Neha,,30,Chennai,,,,,user1669@mail.com,9414191292,Australia
C1671,Simran,Male,54,Chennai,2025-07-23,,,10.0,,,Canada
C1672,Kiran,,,Mumbai,,2024-11-08,,10.0,user1671@mail.com,9768824723,UK
C1673,,Male,28,,2025-08-17,,,10.0,user1672@mail.com,9395037224,Australia
C1674,Kiran,Male,,Pune,,,,,,,
C1675,Priya,,51,,2022-08-24,,,10.0,user1674@mail.com,,Canada
C1676,Ravi,Female,,Mumbai,2023-06-17,,,10.0,user1675@mail.com,9355059953,UK
C1677,Ravi,Male,,,,,,10.0,,,
C1678,Sneha,Male,,Pune,,2022-11-22,,1.0,,,
C1679,Rahul,Male,,,,2024-02-11,,,,9600014379,
C1680,Ankit,Female,,Kolkata,2022-11-15,,,10.0,,,India
C1681,Kiran,Female,,Mumbai,,2022-06-03,,,,,UK
C1682,Ravi,Female,,Chennai,2024-11-04,2023-12-03,3668.74,,,,
C1683,Simran,Female,47,Bangalore,2025-03-30,2026-01-24,,10.0,,,
C1684,Pooja,,,Kolkata,,,,,,,Australia
C1685,Rahul,Female,,Kolkata,,,,1.0,,,USA
C1686,,Female,,Pune,2024-08-25,,,5.0,user1685@mail.com,,USA
C1687,,Female,,Delhi,,,,1.0,,,India
C1688,,Female,,Mumbai,,2022-11-30,,,,9935988751,Canada
C1689,Pooja,Male,,Pune,2025-03-28,,4981.4,,user1688@mail.com,,Australia
C1690,,Female,,Hyderabad,2024-01-20,,,10.0,user1689@mail.com,,
C1691,,Male,,Chennai,,,,,,9345246180,
C1692,,Male,,,,,,3.0,,,Australia
C1693,Kiran,,38,Pune,2020-09-28,,,4.0,user1692@mail.com,,India
C1694,Simran,Female,,Ahmedabad,,,,,,9315647117,USA
C1695,Ankit,Female,,Mumbai,,,,,,,
C1696,,Male,,Mumbai,2025-02-22,,,,user1695@mail.com,,India
C1697,Amit,Male,63,Mumbai,2023-01-04,,105.85,,,,Canada
C1698,Ankit,Male,,Hyderabad,,,,10.0,,,India
C1699,,,,Mumbai,2025-09-27,,,,,,UK
C1700,Rahul,Female,,Kolkata,2024-07-26,,,,user1699@mail.com,,Canada
C1701,Neha,Male,,Delhi,2022-03-22,2023-07-14,59.01,5.0,user1700@mail.com,,Canada
C1702,Rahul,Male,70,Bangalore,,2024-11-29,,,,,Australia
C1703,,Female,,,,2021-07-30,,3.0,user1702@mail.com,,Australia
C1704,Pooja,Male,,Hyderabad,2020-12-05,,,,,9770859185,UK
C1705,,Female,,,,,2054.39,,user1704@mail.com,,India
C1706,Simran,Female,,,2022-09-18,,,,user1705@mail.com,9539614965,UK
C1707,Sneha,Female,,,2024-12-18,,,4.0,,,USA
C1708,Ravi,Male,,Bangalore,2025-02-20,,,5.0,,,Australia
C1709,Rahul,Female,,Kolkata,2022-03-10,,,,user1708@mail.com,,Canada
C1710,Ravi,Male,43,Mumbai,2024-08-04,,,10.0,,,Canada
C1711,,Female,,Pune,,,,,,,UK
C1712,Amit,,,Hyderabad,,,,,user1711@mail.com,,
C1713,,Female,31,Hyderabad,2022-10-14,,,,,,India
C1714,Amit,Male,,Mumbai,,,,10.0,,,
C1715,Pooja,Male,,Kolkata,,,1153.98,,,,Australia
C1716,,Female,50,Mumbai,2025-04-05,,,4.0,,,Canada
C1717,Priya,Male,,Hyderabad,2023-10-20,2023-08-20,784.33,,user1716@mail.com,,Australia
C1718,Kiran,Male,,Bangalore,,,,1.0,,9601095087,UK
C1719,Sneha,Male,,Delhi,2023-05-04,,,,,,Australia
C1720,Rahul,,,Bangalore,2023-04-11,,2974.24,,,,USA
C1721,Amit,Female,,Pune,,2023-09-25,,5.0,,,UK
C1722,Ankit,Female,,Ahmedabad,2021-08-01,2025-04-11,241.44,,user1721@mail.com,,USA
C1723,,Male,,Hyderabad,,,,10.0,,,USA
C1724,Ravi,Male,24,Chennai,2025-03-23,,,,user1723@mail.com,,Canada
C1725,,Male,,Mumbai,,,,3.0,user1724@mail.com,,Australia
C1726,Kiran,,,Kolkata,2024-05-05,,,,,,Australia
C1727,Neha,Male,,Chennai,2025-08-05,,2082.7,10.0,,,USA
C1728,Simran,,,Mumbai,,2020-12-13,,10.0,user1727@mail.com,9944085623,Canada
C1729,,,,Mumbai,,,,,,9738441451,
C1730,Simran,Female,,Mumbai,,,,,,9318581101,
C1731,Ankit,,,,2023-11-19,,4425.36,2.0,user1730@mail.com,,Australia
C1732,,,57,Ahmedabad,2021-09-11,,,,,,USA
C1733,,Male,,Hyderabad,,2024-08-05,,,,,Australia
C1734,Kiran,Male,43,Mumbai,,,,,,,India
C1735,,,,Mumbai,,,,10.0,user1734@mail.com,,UK
C1736,,Female,,Kolkata,,,,,,9126551303,Australia
C1737,Ravi,Male,,Mumbai,,2024-11-10,,10.0,,,Australia
C1738,Amit,Female,,Kolkata,,2021-02-08,,,,,
C1739,Sneha,Male,,Kolkata,2025-07-01,2021-08-11,,2.0,,,USA
C1740,Priya,Male,25,Chennai,2022-12-02,,,10.0,user1739@mail.com,9893800119,India
C1741,Kiran,,45,Hyderabad,,,1071.94,,user1740@mail.com,,
C1742,Sneha,Male,52,Kolkata,,2022-08-19,,,user1741@mail.com,9706306435,Canada
C1743,Sneha,Female,,Hyderabad,,,,,,,
C1744,,,,Bangalore,2021-01-16,2026-01-09,,,user1743@mail.com,9812055209,Canada
C1745,,,,Delhi,,,,1.0,user1744@mail.com,,USA
C1746,Pooja,Male,50,,2021-01-07,,,1.0,,,Australia
C1747,Pooja,Female,,Ahmedabad,2021-09-03,2025-01-16,,5.0,user1746@mail.com,,Canada
C1748,Priya,,,Ahmedabad,2023-07-27,,,,user1747@mail.com,,
C1749,Pooja,Female,56,Ahmedabad,,,852.08,,,,UK
C1750,Rahul,Female,,Delhi,2025-10-18,,,,,9820865134,Australia
C1751,Ankit,Female,,Delhi,2025-12-07,2024-09-02,,10.0,user1750@mail.com,,
C1752,Kiran,,,Pune,2023-07-24,,,,,9535712735,India
C1753,Ankit,Female,31,Pune,,,,5.0,,,UK
C1754,Pooja,Male,,Mumbai,2022-03-11,2025-08-19,,3.0,,9253609204,India
C1755,Pooja,Male,,,,,,10.0,,9835988312,Canada
C1756,Neha,Female,,Delhi,2022-08-18,2025-02-01,,10.0,,,India
C1757,Pooja,Female,,Chennai,2023-10-09,,3263.81,,,9760237637,India
C1758,Amit,,27,Hyderabad,2025-02-18,,,1.0,,,India
C1759,,Female,27,Bangalore,2023-06-09,2022-07-27,,5.0,,,
C1760,Ravi,,,,,2022-10-16,,1.0,,,
C1761,Ankit,Male,,Ahmedabad,2024-05-28,,,,,,USA
C1762,Priya,,,Hyderabad,,,,10.0,,,
C1763,Ankit,Male,,Delhi,,,341.95,1.0,user1762@mail.com,,Canada
C1764,Pooja,,,,,,905.33,,,,Australia
C1765,Ravi,Female,37,Delhi,2021-06-13,2021-03-23,,10.0,user1764@mail.com,,USA
C1766,Ankit,,,Chennai,2024-10-10,,,,,,USA
C1767,,Male,,Mumbai,,,,10.0,user1766@mail.com,,Canada
C1768,,Male,64,,,2020-08-20,,10.0,,9290405893,Australia
C1769,Priya,,,Mumbai,2025-11-21,,,4.0,,,Canada
C1770,Priya,,,Chennai,,2021-08-01,,10.0,,,USA
C1771,Priya,,,Mumbai,2021-11-19,,,4.0,,,USA
C1772,Ravi,,22,Chennai,2022-12-22,,,10.0,user1771@mail.com,,
C1773,,Female,,Delhi,,,,5.0,,,Australia
C1774,,,24,Ahmedabad,,,,,,,India
C1775,Simran,,50,Pune,,,,10.0,,,Australia
C1776,,Female,,Ahmedabad,,,,,,,UK
C1777,Sneha,Male,31,Pune,2025-01-23,,,,,,UK
C1778,Pooja,Male,,Pune,,2023-05-27,,,user1777@mail.com,9510521111,India
C1779,Rahul,Female,,Delhi,,2026-01-16,,10.0,,,Canada
C1780,Kiran,Female,,Chennai,2025-09-22,,1614.83,,,9831101195,India
C1781,Neha,Female,,Delhi,2025-05-17,,366.96,,,,India
C1782,Amit,Female,,,,,1379.38,,,,Australia
C1783,Sneha,,62,Pune,,,2502.03,2.0,,,India
C1784,Pooja,Female,20,Chennai,,,,,,,UK
C1785,,Male,,Hyderabad,,,,,,9959869658,Canada
C1786,Kiran,Male,,Bangalore,2021-06-14,,,,,,Australia
C1787,Simran,,,Pune,2025-01-28,2023-05-04,,,,9964348096,Australia
C1788,Rahul,Female,,Ahmedabad,,2025-05-30,1334.98,10.0,,,Canada
C1789,Simran,,31,Ahmedabad,2020-11-06,,,10.0,,9177117525,India
C1790,Priya,Male,,Bangalore,,2023-04-28,4961.64,,user1789@mail.com,9830633936,
C1791,,Male,,Hyderabad,,,,5.0,user1790@mail.com,,USA
C1792,Rahul,,29,Delhi,,,,,,9205090378,Canada
C1793,Rahul,,,Pune,2021-08-26,2025-04-30,3552.5,,,,UK
C1794,Amit,Male,,Delhi,,2022-04-10,,,,,
C1795,Sneha,,42,,2020-10-17,,,10.0,,,Australia
C1796,,,,Bangalore,,2022-01-06,176.73,2.0,user1795@mail.com,,
C1797,,Male,,Delhi,,,,,user1796@mail.com,9371427042,India
C1798,Ravi,Female,,Bangalore,,,,,user1797@mail.com,,UK
C1799,Sneha,Female,,Mumbai,,,,,,,Canada
C1800,Simran,Male,,Delhi,,,,,user1799@mail.com,,Australia
C1801,Amit,Male,,Mumbai,2023-04-13,,,,,,USA
C1802,Priya,Male,53,Delhi,,,2390.24,,user1801@mail.com,,Australia
C1803,,Female,,Pune,,,,10.0,,,India
C1804,Simran,Female,,Mumbai,2023-07-28,2020-10-07,,10.0,,9705189464,
C1805,,,,Hyderabad,,2025-01-21,,,,,UK
C1806,,Male,,Kolkata,2021-11-24,2024-11-16,1060.59,4.0,,9579576467,India
C1807,Priya,Male,,,,2023-01-04,,10.0,,,USA
C1808,Rahul,,,Bangalore,,,,10.0,user1807@mail.com,,India
C1809,Simran,,27,Kolkata,2020-11-09,,,,user1808@mail.com,,
C1810,,,57,,2024-06-21,,,,user1809@mail.com,9565972639,Australia
C1811,Rahul,Female,,Pune,,2021-07-30,,,,9394455519,USA
C1812,Kiran,Male,68,,,2022-07-28,3429.91,,,,
C1813,Simran,Female,,Mumbai,,2023-05-21,,2.0,user1812@mail.com,,
C1814,Rahul,Male,34,,,2022-07-05,4927.32,,,,Australia
C1815,Simran,Male,,,2024-03-18,,,10.0,,9759451292,Australia
C1816,Ravi,,,,,2021-12-06,,,,9979177274,Australia
C1817,Rahul,Male,,Chennai,2025-06-15,,,,,,UK
C1818,Priya,Female,,Mumbai,2023-10-03,,,3.0,,,USA
C1819,Priya,Female,,Hyderabad,2024-11-29,,,3.0,,,
C1820,Kiran,Male,47,Hyderabad,,,,,,,Australia
C1821,Ravi,Male,,,,,,10.0,,,USA
C1822,Pooja,Female,53,Ahmedabad,2022-09-14,2021-08-06,,,user1821@mail.com,,Canada
C1823,Priya,Male,,Pune,,,,2.0,,,Australia
C1824,Ankit,Female,,Hyderabad,,2023-08-28,,5.0,,9438720909,UK
C1825,Ravi,Female,,Hyderabad,,,,10.0,,,USA
C1826,Rahul,,,Hyderabad,,2021-12-31,,,,,
C1827,Pooja,Male,,Pune,,2024-04-21,,10.0,user1826@mail.com,9218422361,UK
C1828,Rahul,Male,,Delhi,2024-04-26,,1154.03,,user1827@mail.com,,UK
C1829,Neha,,,Kolkata,2022-01-28,2020-09-15,,,,,USA
C1830,Rahul,Female,65,Kolkata,2021-10-12,2024-04-20,,5.0,user1829@mail.com,,USA
C1831,Sneha,Female,,Kolkata,2024-09-17,,,10.0,,9693681566,USA
C1832,Priya,Male,65,Kolkata,2023-09-05,2021-04-03,,,,9628641624,UK
C1833,,Female,,Pune,,,,,user1832@mail.com,,UK
C1834,Ravi,,,Chennai,2023-08-22,,2854.71,,,,USA
C1835,Sneha,Male,63,Ahmedabad,2023-03-20,,,,user1834@mail.com,9378430412,Australia
C1836,Simran,,,Bangalore,2023-10-24,2022-01-16,,,,,India
C1837,Ankit,Male,,Pune,,2025-03-08,,10.0,,,UK
C1838,Priya,Male,,Hyderabad,,2025-06-24,,,,9718133254,Canada
C1839,Amit,Male,,Mumbai,2022-06-01,2020-09-09,,1.0,,,UK
C1840,Priya,Male,37,Kolkata,,,,,,,India
C1841,,Female,,,2023-05-25,,1288.03,3.0,,,India
C1842,Kiran,Female,,Chennai,,2022-06-13,,,,,USA
C1843,Simran,Male,55,Pune,2023-10-29,2023-11-14,4511.48,,,,
C1844,,Male,,Mumbai,2023-05-24,,,3.0,user1843@mail.com,,
C1845,Rahul,Male,,Mumbai,,2024-01-05,,2.0,,,India
C1846,Neha,Female,,Mumbai,,,,,,,Australia
C1847,,Female,,Kolkata,,,,,,,USA
C1848,Neha,Male,42,Pune,,,3584.87,,,,Australia
C1849,Rahul,Male,,Ahmedabad,,,,,,,Australia
C1850,Amit,Male,,Kolkata,,,3791.91,,,,Canada
C1851,Amit,Male,,Chennai,2024-09-24,,,,user1850@mail.com,9884117617,
C1852,Sneha,Female,,Delhi,,,,,,9935924751,India
C1853,,Female,,Ahmedabad,2024-07-15,,,10.0,user1852@mail.com,,India
C1854,Priya,Female,38,Ahmedabad,,2022-03-04,2857.5,,,,Canada
C1855,Pooja,Male,18,Ahmedabad,2022-08-14,,,,,9467316490,Canada
C1856,Priya,Female,42,Chennai,,,,,,,USA
C1857,Priya,Female,,Mumbai,2022-09-21,2021-09-27,4251.03,10.0,user1856@mail.com,,Canada
C1858,Pooja,,,Bangalore,2024-05-28,,,10.0,,,
C1859,,Male,,Bangalore,,,3572.99,10.0,,,USA
C1860,Neha,Female,,Kolkata,2023-11-09,,,,,,Canada
C1861,Sneha,Male,34,Kolkata,,,2268.38,2.0,user1860@mail.com,,UK
C1862,,Female,,Mumbai,2024-11-01,,1524.68,10.0,,,India
C1863,Neha,Male,,Pune,,,3591.74,10.0,user1862@mail.com,,UK
C1864,Priya,Male,,Ahmedabad,2021-01-30,,,,,,Canada
C1865,Neha,Female,60,Pune,,,2437.83,,,,India
C1866,Neha,Male,,Hyderabad,,,,,,9548756245,
C1867,Pooja,,,Hyderabad,,2023-05-24,,10.0,,,UK
C1868,Priya,,,Delhi,2022-07-09,2024-09-12,,,,,USA
C1869,Kiran,Male,,Bangalore,2022-11-26,,,,,9198839777,UK
C1870,Simran,,,Bangalore,,2025-05-26,1632.94,5.0,,,
C1871,Kiran,Female,,Hyderabad,2022-03-23,,499.06,,,9335017506,Canada
C1872,Kiran,Female,38,Mumbai,2024-04-16,,,3.0,user1871@mail.com,,
C1873,Rahul,,,,2021-10-23,,,,,9951159816,
C1874,Neha,Female,,Hyderabad,2022-03-14,,,,,,UK
C1875,Priya,,,Delhi,2022-10-21,,2841.53,,user1874@mail.com,,Canada
C1876,Pooja,Female,,Kolkata,2022-09-08,,,,user1875@mail.com,,India
C1877,,Male,,Bangalore,,,,,,9781092177,Australia
C1878,,Female,,Mumbai,,2025-11-02,,,user1877@mail.com,9355243969,Australia
C1879,Kiran,,,Kolkata,,,517.56,,,,
C1880,Simran,Male,42,,2023-05-14,,,10.0,user1879@mail.com,,USA
C1881,,,,Pune,,2024-12-29,4563.97,,,,Canada
C1882,Ankit,Male,,Pune,,,3179.91,1.0,,,Australia
C1883,Sneha,Female,,Delhi,,,2367.26,4.0,,,Australia
C1884,Simran,,50,Pune,2025-09-15,,2802.31,,user1883@mail.com,,India
C1885,Amit,Male,,,,,901.97,,,,Canada
C1886,Ravi,,64,Delhi,,,,10.0,,9858782806,Australia
C1887,Pooja,Female,,Chennai,2022-11-13,2025-08-17,,,,,USA
C1888,Sneha,Male,41,Ahmedabad,,,2439.83,,user1887@mail.com,,India
C1889,Simran,Female,,Hyderabad,,,,2.0,user1888@mail.com,,Australia
C1890,,Male,,Mumbai,,,,10.0,,,Canada
C1891,Pooja,Male,,Chennai,2025-10-12,,4282.69,10.0,,9737679786,India
C1892,Ravi,,44,Delhi,,,,3.0,,,Canada
C1893,Neha,,,Hyderabad,2021-05-19,,,,,,
C1894,,Female,,Chennai,,2021-03-17,,,,,India
C1895,Simran,,,Ahmedabad,2025-08-12,,4865.71,5.0,,9271480035,India
C1896,Ravi,Female,,,,2024-12-04,2842.84,,,,Australia
C1897,Ravi,Male,,Mumbai,2023-12-04,,,,,,India
C1898,,Female,,Delhi,,2021-02-13,,,,9732953728,
C1899,Ravi,Female,,Kolkata,,,,10.0,,,
C1900,,Male,52,Pune,2021-03-22,2022-01-18,1478.98,,user1899@mail.com,,Canada
C1901,Priya,Female,,,,,4639.37,5.0,,,UK
C1902,Amit,,,Mumbai,,2025-02-07,,10.0,,,
C1903,Ankit,Male,42,Pune,,2022-07-26,,,,,USA
C1904,,Male,59,Pune,2025-03-30,2023-12-27,,,user1903@mail.com,,India
C1905,Pooja,Male,,Mumbai,2023-09-29,,4497.01,,,9133932731,Australia
C1906,Kiran,Male,,Delhi,2024-02-24,,2915.45,,,,Australia
C1907,Ankit,Male,,Mumbai,,2024-06-20,,,,,India
C1908,,,33,Delhi,2025-03-29,2022-06-01,,,user1907@mail.com,,
C1909,Amit,Female,,Delhi,2023-10-09,,,10.0,,,
C1910,Neha,,,Kolkata,2025-02-17,2021-09-26,,10.0,user1909@mail.com,,USA
C1911,,Male,,Kolkata,2025-09-30,2024-08-13,3735.14,,,,Australia
C1912,Priya,Female,,,,,,,,9298153405,Canada
C1913,,Male,,Kolkata,,2023-08-12,,4.0,user1912@mail.com,,USA
C1914,Amit,Female,,Bangalore,2025-06-13,,,,,9603984575,UK
C1915,Sneha,Male,,Pune,2024-09-05,2020-12-22,,10.0,,,India
C1916,Rahul,Male,,Mumbai,,,639.75,,,,
C1917,Amit,,,Chennai,,,966.41,10.0,,,India
C1918,Rahul,Male,,Hyderabad,,,,5.0,,,
C1919,,,23,Chennai,,2025-07-18,,,,,USA
C1920,Pooja,Female,35,,,,,,,,Australia
C1921,Sneha,,54,Bangalore,,2025-09-06,,2.0,,,India
C1922,Neha,Male,,Bangalore,,,,2.0,,9519233135,USA
C1923,,Male,,Bangalore,,,,,,,Canada
C1924,,Female,,Chennai,2025-12-08,,,10.0,,,Australia
C1925,,Female,29,Chennai,,2025-12-20,,,,,Canada
C1926,Neha,,,Ahmedabad,,,,,,9784753492,Australia
C1927,Simran,Male,,Delhi,,,3081.98,4.0,user1926@mail.com,,Canada
C1928,Amit,Female,,Mumbai,2021-09-11,2025-05-14,3329.44,10.0,user1927@mail.com,,Canada
C1929,Ravi,Female,,,,2024-09-16,,10.0,user1928@mail.com,9169882706,India
C1930,Amit,Female,,Delhi,,,3554.4,10.0,user1929@mail.com,,
C1931,Sneha,Male,,Chennai,2021-06-05,2022-02-18,,10.0,,,Australia
C1932,Ankit,Male,,,2024-09-07,,,,,,
C1933,Pooja,Male,,Pune,,,,,,,Australia
C1934,Ankit,Female,,Bangalore,,2022-08-07,,3.0,,,
C1935,Kiran,Female,,Kolkata,2022-05-02,,,4.0,,,India
C1936,,Female,,Delhi,,2023-02-19,,,,9714081994,India
C1937,Kiran,Male,,,2021-03-19,,1122.91,,,,USA
C1938,Rahul,Female,,Hyderabad,2022-12-07,,,,,,Canada
C1939,,Female,,,2020-10-16,,,5.0,,,
C1940,Ankit,Male,,Pune,,,2547.48,3.0,user1939@mail.com,9215444853,USA
C1941,Ankit,Female,,Kolkata,,,,,,,Canada
C1942,Rahul,Male,,Delhi,,,,,user1941@mail.com,9896015523,USA
C1943,Kiran,Female,,Bangalore,,2022-05-01,,2.0,,,India
C1944,,Male,,Pune,2024-11-18,,2766.36,,,9635609823,Canada
C1945,,Female,,Hyderabad,2022-12-06,,,10.0,,,UK
C1946,Kiran,Female,,Chennai,,2023-10-13,,,,,India
C1947,Neha,Male,,Ahmedabad,2023-12-27,,,3.0,,,Australia
C1948,Rahul,Male,35,Hyderabad,,,,,user1947@mail.com,,Australia
C1949,Sneha,,,Pune,,,,,,,
C1950,Sneha,Female,22,Pune,,2024-10-17,1578.16,,,,Australia
C1951,Simran,Male,37,,2025-07-17,2022-01-16,,1.0,user1950@mail.com,,USA
C1952,,,40,Chennai,2024-03-27,,,,,,
C1953,Rahul,,,Chennai,2024-08-09,2024-02-01,,5.0,,,UK
C1954,Kiran,Male,,Chennai,,2023-10-21,,,,9287421582,Canada
C1955,Amit,Female,,Pune,,2023-02-20,,,,,UK
C1956,Ravi,Male,30,Ahmedabad,2021-05-07,,,,,,India
C1957,Kiran,Male,22,Mumbai,2025-03-06,,,3.0,user1956@mail.com,9426270820,UK
C1958,Kiran,Male,,Mumbai,2020-11-10,,,,,9548003749,India
C1959,Ravi,Female,,Pune,2020-12-17,,,,,9698107972,Australia
C1960,Amit,Female,,Kolkata,2023-06-02,,,10.0,,,India
C1961,Ravi,Female,,Ahmedabad,2020-11-10,,,,,,India
C1962,Amit,Female,,Kolkata,2021-10-13,2025-06-29,,5.0,,,UK
C1963,,Female,23,Hyderabad,2022-01-20,,,,,,Australia
C1964,Pooja,,,,2022-12-08,,,10.0,,,Canada
C1965,Sneha,Male,31,Mumbai,,,,,,9303062858,Australia
C1966,Priya,Female,,Delhi,,,,5.0,,,India
C1967,Simran,Male,,Kolkata,2024-05-28,,1121.62,4.0,,9288011731,
C1968,Rahul,Female,,Hyderabad,,2025-10-05,658.07,,,,UK
C1969,Pooja,Female,,Mumbai,,,,10.0,,9174255368,Canada
C1970,Sneha,,,Delhi,2020-12-24,2022-06-21,,,,,Canada
C1971,Priya,Female,,Mumbai,,,,4.0,,9708604174,UK
C1972,Ankit,Male,,Mumbai,,2021-09-30,,4.0,,,India
C1973,Ravi,,,Delhi,,,,10.0,user1972@mail.com,9665386654,UK
C1974,Priya,Male,,Pune,,,,,,,India
C1975,Pooja,Male,61,Chennai,,,,,,,USA
C1976,,Male,,Delhi,2022-06-28,,,10.0,,9713750720,Canada
C1977,Simran,Female,,Chennai,2025-07-06,2025-10-18,,,,9520211782,Canada
C1978,Kiran,Male,,Delhi,,,,10.0,user1977@mail.com,9847019412,Canada
C1979,Ankit,Female,56,Delhi,,,,,,,USA
C1980,Simran,Male,,Mumbai,2022-05-31,2020-11-07,,,user1979@mail.com,,Canada
C1981,Amit,,,Hyderabad,2022-07-18,,2194.71,10.0,user1980@mail.com,,India
C1982,Kiran,Female,,Bangalore,2020-09-14,2023-12-09,,10.0,,,
C1983,Kiran,,,Chennai,,,4223.87,,,,USA
C1984,Priya,,,Delhi,2023-04-19,,,10.0,,,UK
C1985,Ravi,Female,,Chennai,,2024-08-20,,1.0,,9932210608,UK
C1986,Ravi,,,Hyderabad,2024-11-25,,,,user1985@mail.com,9708559496,Canada
C1987,Kiran,Male,56,Mumbai,,,,5.0,,,Australia
C1988,Rahul,Male,47,Delhi,2024-03-08,,,10.0,,9960322000,
C1989,Priya,Male,,Ahmedabad,,,,,,,
C1990,Priya,Male,,Chennai,2020-09-19,,214.82,1.0,,,UK
C1991,Amit,Male,,Pune,,2021-01-15,,,,,India
C1992,Kiran,Female,,Mumbai,,2025-07-28,200.06,,,,
C1993,Neha,,,Chennai,2021-07-28,,,10.0,user1992@mail.com,,India
C1994,,Male,,Ahmedabad,,,,2.0,user1993@mail.com,,
C1995,Simran,Male,,Ahmedabad,2025-10-11,,,10.0,user1994@mail.com,9774961516,UK
C1996,Rahul,Female,,Mumbai,2024-05-18,2024-07-19,,,,,UK
C1997,Neha,Male,,,2023-03-04,2025-02-04,,,,,Australia
C1998,Ravi,Male,,Pune,2024-02-29,,,,,9223161985,USA
C1999,Amit,Female,,Bangalore,2022-06-02,2024-08-21,,,,9512726493,
C2000,Simran,,,Hyderabad,2021-12-03,,,,,,UK
C2001,Neha,Male,45,Kolkata,,2024-03-12,,10.0,,,
C2002,Priya,,24,Mumbai,2021-10-06,2020-11-22,2782.18,10.0,,,USA
C2003,,Female,,Pune,,2023-12-11,,,,9250121436,USA
C2004,Sneha,Male,70,Mumbai,,,,10.0,,9446787975,Canada
C2005,Pooja,,,Bangalore,2023-08-30,,,5.0,,,
C2006,,Female,33,Bangalore,,2021-11-21,,10.0,,,Australia
C2007,Ravi,Male,,Pune,,2022-01-19,,,,9165521731,
C2008,Sneha,,,,2025-03-25,,,10.0,,9992601154,USA
C2009,Neha,Male,,Bangalore,2024-08-18,,,5.0,,9893418072,USA
C2010,Ravi,Female,,Kolkata,,2022-03-10,,1.0,,,Canada
C2011,Rahul,Female,,Ahmedabad,2023-06-13,2024-02-07,,,,,USA
C2012,Ravi,Female,,Kolkata,,,,,,9445498651,
C2013,,Female,,Chennai,2021-02-03,2025-01-22,1317.25,10.0,,9936187982,Australia
C2014,,Male,,Ahmedabad,2020-09-15,,,3.0,,,
C2015,Simran,Female,40,Ahmedabad,,2021-12-23,,,,,India
C2016,Ravi,,,Chennai,,2021-09-03,,1.0,user2015@mail.com,,India
C2017,Sneha,Female,,Kolkata,,,,,,,Australia
C2018,Sneha,Male,,Chennai,,,,,,,UK
C2019,Ankit,Female,,,2025-02-08,,,,,,Australia
C2020,Simran,,,Hyderabad,,,,10.0,user2019@mail.com,,USA
C2021,Kiran,,,Delhi,,2024-07-16,,,,9984586351,Canada
C2022,Sneha,Female,,Chennai,2021-08-04,2020-08-16,,10.0,,,India
C2023,Priya,Male,26,Ahmedabad,,,,1.0,user2022@mail.com,,Canada
C2024,,Female,,Ahmedabad,2021-12-18,,1266.2,,,,
C2025,Ravi,Female,66,Kolkata,,2022-08-19,,,,,Canada
C2026,,Female,,,,2025-04-23,,,,,USA
C2027,,Female,,Chennai,2023-10-30,2025-06-29,,1.0,,,Australia
C2028,Amit,Female,,Kolkata,2023-01-30,,,10.0,,,India
C2029,Ravi,Male,,Delhi,,2021-09-29,,,,,Canada
C2030,Simran,,29,Mumbai,2024-07-22,,,10.0,,,Canada
C2031,Kiran,,49,Chennai,,,,,,9976501513,Australia
C2032,,,,Delhi,,,,1.0,,,
C2033,Pooja,Male,,Delhi,,2021-06-26,,4.0,,9526449572,UK
C2034,Pooja,Male,,Chennai,2024-09-27,2022-03-26,2938.28,,,,India
C2035,Sneha,Female,47,Hyderabad,,,,3.0,user2034@mail.com,,USA
C2036,Kiran,Female,,Bangalore,,,,,,,Australia
C2037,Ravi,Male,,Chennai,2023-06-01,,2409.02,,user2036@mail.com,,India
C2038,,,,Bangalore,2021-06-05,2024-10-29,,2.0,,,India
C2039,Sneha,Female,,Mumbai,2022-06-13,2024-04-01,1905.16,2.0,,,Australia
C2040,,Female,,Pune,2022-06-27,,1662.02,10.0,user2039@mail.com,,Canada
C2041,,Female,,,,,,4.0,,,USA
C2042,Sneha,Male,,Bangalore,,,,,,,Australia
C2043,Priya,Female,,Chennai,,2024-02-06,,,,,Australia
C2044,Ankit,Male,,,2021-09-11,,,10.0,,,Australia
C2045,Priya,,,Delhi,,,3189.57,,,9842316355,USA
C2046,Neha,Female,,Delhi,2025-10-14,,,10.0,user2045@mail.com,,Canada
C2047,Priya,Male,43,Kolkata,,,,,user2046@mail.com,,
C2048,Kiran,,,,2024-02-05,,,,user2047@mail.com,9148811371,Canada
C2049,Ankit,Male,,Hyderabad,2020-09-26,,,,user2048@mail.com,,
C2050,Ankit,Male,62,Chennai,2022-10-30,,,,,,India
C2051,Simran,Male,,Chennai,,2021-03-31,,,user2050@mail.com,9177754671,Australia
C2052,,Female,34,Hyderabad,,2021-04-18,4193.94,,user2051@mail.com,,Australia
C2053,Priya,Male,,Bangalore,2023-05-02,,,,user2052@mail.com,,Canada
C2054,Rahul,Male,,,,,,,,,Australia
C2055,Pooja,Female,,Mumbai,,,,10.0,user2054@mail.com,,India
C2056,Sneha,Male,,Delhi,,,,5.0,,,India
C2057,Kiran,Male,,Hyderabad,,,,10.0,user2056@mail.com,,USA
C2058,Amit,Male,,Hyderabad,2024-10-13,,,,,9594372672,
C2059,Kiran,,,Ahmedabad,,,,10.0,user2058@mail.com,,USA
C2060,Neha,Female,,Chennai,2023-05-30,2025-02-26,,2.0,,,USA
C2061,Neha,Female,,Chennai,,2022-06-29,,,,,
C2062,Sneha,,18,Bangalore,,,,1.0,,,UK
C2063,,Female,,Pune,2024-09-13,,,10.0,,,USA
C2064,Amit,Female,,Hyderabad,2023-12-01,,,10.0,,,
C2065,,Male,,,2024-06-26,2025-09-02,,10.0,user2064@mail.com,,Canada
C2066,Priya,Male,,Ahmedabad,,,,,,9908101150,UK
C2067,Priya,Male,63,Hyderabad,,2024-04-14,,,,,
C2068,Sneha,Male,,Delhi,,2024-03-19,,10.0,,,India
C2069,Amit,,,Kolkata,,,,5.0,,9121405051,Canada
C2070,Kiran,Male,,Kolkata,2020-12-04,2023-02-24,,,,,UK
C2071,Ravi,Male,,Delhi,2023-03-26,,1825.91,5.0,user2070@mail.com,9395831775,
C2072,Kiran,Male,,Chennai,,2023-02-23,,,,,USA
C2073,Kiran,Male,,Ahmedabad,2020-10-12,,3163.33,,user2072@mail.com,,Canada
C2074,Simran,Male,,Ahmedabad,2023-08-11,2023-07-21,,2.0,,,
C2075,Kiran,Female,,,2025-12-22,2024-05-28,3803.61,,user2074@mail.com,9781341192,Canada
C2076,Ankit,Male,,Kolkata,,2020-10-07,1324.24,10.0,,9813145443,Canada
C2077,Amit,Male,59,Pune,,2022-08-30,,10.0,user2076@mail.com,,USA
C2078,,Male,36,Mumbai,2025-08-09,2025-12-18,3846.42,4.0,,9688472194,Canada
C2079,Amit,Male,,Hyderabad,,2022-08-28,,10.0,,,Canada
C2080,Simran,Male,36,Chennai,2022-01-16,2025-01-30,,10.0,,,USA
C2081,,Female,,Pune,2020-12-11,,,,,9599969712,
C2082,Priya,Female,,Pune,,,,,,9512217429,Canada
C2083,,,49,Hyderabad,2025-09-23,,4232.11,5.0,,,India
C2084,Kiran,Male,,Kolkata,2025-11-29,,,10.0,,,Australia
C2085,Priya,Male,,Ahmedabad,,,,,,,
C2086,,Male,22,Delhi,2025-11-23,,,,,,Canada
C2087,,Male,,Mumbai,2021-10-14,,,,user2086@mail.com,9663951811,India
C2088,Sneha,Male,,,2023-10-16,,,,,,USA
C2089,Simran,Female,,Ahmedabad,2021-05-07,2024-03-26,2152.34,,,,UK
C2090,Rahul,Female,,Pune,,,,,,,
C2091,Kiran,Female,,Delhi,,,,2.0,,9833392827,Australia
C2092,Simran,Female,,Kolkata,2025-12-04,,,5.0,,,Australia
C2093,Kiran,Male,33,Bangalore,,2020-08-14,3965.35,,user2092@mail.com,,Canada
C2094,,Male,,,2023-07-02,2025-03-02,,,user2093@mail.com,,
C2095,Ravi,,,Chennai,2025-08-27,,,1.0,user2094@mail.com,,Canada
C2096,Ankit,Male,,Mumbai,,,,2.0,,,USA
C2097,Ravi,,,Ahmedabad,2024-07-15,2024-07-03,,2.0,user2096@mail.com,,Australia
C2098,Ankit,,,Ahmedabad,2025-03-19,,3882.19,10.0,,,India
C2099,Priya,Male,,Bangalore,,,,,,,USA
C2100,,Male,,Delhi,2022-12-26,2021-12-07,,,,,USA
C2101,Rahul,Male,23,Kolkata,2021-11-22,,,10.0,,,Canada
C2102,,Female,,Ahmedabad,2021-09-05,,,,,,UK
C2103,Neha,Female,,Delhi,2023-03-08,,,,,,USA
C2104,Priya,,,Ahmedabad,2024-01-28,,,,,,Australia
C2105,,Female,,Kolkata,2021-07-14,,4217.96,,,,Canada
C2106,Kiran,,62,Delhi,2022-03-08,,4025.79,1.0,user2105@mail.com,,UK
C2107,,,46,Delhi,,2020-12-31,2768.12,4.0,,,
C2108,Neha,,,Ahmedabad,,2022-10-08,3834.51,10.0,,,UK
C2109,,Female,,Pune,,,,4.0,,,USA
C2110,,,,Mumbai,2021-04-12,,,,,,India
C2111,Simran,,,,,,,4.0,,9778968106,India
C2112,Simran,Male,22,Delhi,2022-07-20,,,10.0,,,India
C2113,Priya,Male,,,,,,,user2112@mail.com,,UK
C2114,Pooja,Male,,Bangalore,2022-09-25,,,10.0,,9712945609,
C2115,Kiran,,67,Hyderabad,,,454.54,,,,Australia
C2116,Priya,Female,65,Pune,2020-11-23,2025-02-07,,,,,
C2117,,Male,,Bangalore,,2020-10-25,3437.54,10.0,user2116@mail.com,,
C2118,,,,Hyderabad,,,,1.0,,,UK
C2119,Ravi,,,Ahmedabad,2021-07-05,2025-09-11,,,,,USA
C2120,Rahul,Male,51,Mumbai,2022-08-08,,,,,,India
C2121,Ravi,Female,,Kolkata,2022-10-18,,4736.7,,,,
C2122,Pooja,,31,Pune,,,3402.62,,user2121@mail.com,,UK
C2123,Ravi,,,,2025-04-25,2022-04-16,4159.05,,,9475744339,Canada
C2124,Rahul,Male,,Chennai,2023-03-06,,3957.21,10.0,user2123@mail.com,9492424252,Canada
C2125,Ankit,,,,,,,,user2124@mail.com,,Australia
C2126,Rahul,Female,,,,,,2.0,,9866272890,UK
C2127,Pooja,Female,,Hyderabad,2023-07-19,,,10.0,,,Canada
C2128,Rahul,,,Ahmedabad,2022-05-07,,,10.0,user2127@mail.com,,USA
C2129,Neha,,,Ahmedabad,2021-06-17,,,,user2128@mail.com,,USA
C2130,Amit,,,Bangalore,,,,,,,UK
C2131,Sneha,,,Delhi,,2022-09-26,,,,,Australia
C2132,,Male,,Kolkata,2024-02-07,2022-10-02,4024.76,,user2131@mail.com,,India
C2133,Pooja,,,Hyderabad,,,,,,,Australia
C2134,Ravi,,,Mumbai,,,,3.0,user2133@mail.com,,India
C2135,Amit,,,Ahmedabad,2025-11-14,,1708.39,,,9565909300,India
C2136,Sneha,Male,,Hyderabad,2021-12-26,,,,,,USA
C2137,,,,,2024-11-25,,,,,,USA
C2138,Priya,,33,Ahmedabad,,,,,,,Australia
C2139,Ravi,Male,,Chennai,,,4586.24,10.0,,9522565969,Canada
C2140,Pooja,Female,,Hyderabad,,,,3.0,user2139@mail.com,,India
C2141,Priya,,,,2020-12-05,2024-09-01,,3.0,,,India
C2142,Neha,Male,42,Bangalore,,,,,,,India
C2143,Pooja,Female,,Bangalore,2025-11-23,,,10.0,user2142@mail.com,9605709483,Australia
C2144,Neha,Male,,Bangalore,2025-01-29,,,,,,
C2145,Kiran,Male,,Pune,2024-07-11,,2717.21,5.0,user2144@mail.com,,Australia
C2146,Amit,,31,Pune,,2022-09-04,727.68,5.0,,9894376913,Canada
C2147,Priya,,36,Mumbai,2024-05-04,2022-11-02,,10.0,,,UK
C2148,Ankit,Female,41,Ahmedabad,,,,,,9411773335,
C2149,Ravi,Male,,Hyderabad,2025-11-17,,,2.0,,,UK
C2150,Pooja,Female,,,2023-10-11,,,,,9462975430,
C2151,Rahul,,,Mumbai,,,,,,,USA
C2152,,Female,,Kolkata,2023-07-07,,,,,,USA
C2153,Ravi,Female,,Chennai,,,,2.0,,,India
C2154,,Female,,Kolkata,2022-03-25,,,,,9693926697,Canada
C2155,Ankit,Male,,,2024-05-15,2020-10-30,2713.68,4.0,,,Canada
C2156,Ravi,Male,55,Bangalore,2025-06-24,,,,,9923455122,Canada
C2157,,Male,,Pune,2022-07-14,,,,user2156@mail.com,,Australia
C2158,Ravi,Female,,Bangalore,,,,10.0,,,Canada
C2159,Simran,Male,,Kolkata,2024-08-17,,,,,,USA
C2160,Ravi,,,Pune,2020-09-25,,319.92,10.0,,,
C2161,Amit,,,Mumbai,2021-04-12,,4057.02,,,,India
C2162,Kiran,Female,,Pune,2022-12-20,,,,,9518752976,Canada
C2163,Ankit,Male,,Pune,2025-04-18,,,,,,UK
C2164,Kiran,,,,2021-06-04,,,10.0,,,India
C2165,,Female,,Hyderabad,,,,,,,Australia
C2166,Rahul,Female,,,2021-02-26,2023-02-11,3568.6,1.0,user2165@mail.com,9816607508,Canada
C2167,Ravi,,,Hyderabad,,,,,user2166@mail.com,,UK
C2168,Kiran,Female,,Kolkata,,,2421.13,,,,
C2169,Rahul,,57,Bangalore,,,,3.0,,,
C2170,Amit,,,Hyderabad,,2024-08-06,,,user2169@mail.com,,UK
C2171,,Female,,Mumbai,2024-07-08,,,5.0,,9849145445,UK
C2172,Ravi,Male,,Kolkata,,2022-10-02,,,user2171@mail.com,,India
C2173,Rahul,Male,,,2025-06-30,,,5.0,,9477494869,Canada
C2174,Sneha,Female,,Ahmedabad,,,3447.3,,user2173@mail.com,,USA
C2175,Priya,,,Pune,,2022-11-26,,10.0,user2174@mail.com,,India
C2176,Simran,Female,,Bangalore,,,,3.0,,,
C2177,Pooja,Female,,Hyderabad,2021-02-20,,,,user2176@mail.com,,Australia
C2178,Priya,Male,,Kolkata,,,1953.38,5.0,,,USA
C2179,Amit,Female,43,,,,,10.0,user2178@mail.com,,Australia
C2180,Ravi,Female,,Delhi,,2024-12-13,4748.44,,,9724323888,USA
C2181,Neha,Male,,,,2023-12-30,,10.0,,,India
C2182,Neha,Male,,Mumbai,2022-12-13,,,,user2181@mail.com,,
C2183,Rahul,Female,,Mumbai,2022-06-28,,3416.36,,,,
C2184,Kiran,Female,,Delhi,,,,,user2183@mail.com,,Canada
C2185,Kiran,Male,,Ahmedabad,,,,,,,USA
C2186,Simran,Male,31,Ahmedabad,2021-08-08,,,4.0,user2185@mail.com,,India
C2187,Pooja,Male,,Kolkata,,2023-07-14,,10.0,,,Australia
C2188,Sneha,Female,,Hyderabad,2025-08-09,,1708.73,10.0,,,Australia
C2189,Simran,Male,64,Pune,2022-08-21,,,1.0,,,
C2190,Pooja,Male,,Chennai,,,,,,,Australia
C2191,Simran,Male,,Hyderabad,2025-09-29,,,,,,USA
C2192,Sneha,Female,,Chennai,,,,,,,Australia
C2193,Neha,Female,,Chennai,2025-02-11,,,2.0,,,UK
C2194,Amit,Male,,Ahmedabad,2024-08-22,,,1.0,,9113820720,Canada
C2195,Ankit,Male,,Pune,2021-08-12,,,,,9405654053,USA
C2196,Pooja,,,,,,,2.0,,,UK
C2197,Ravi,Male,22,Kolkata,2023-11-22,,,2.0,,,
C2198,Pooja,,,,,,,10.0,,,Australia
C2199,Priya,Male,,Hyderabad,2025-12-13,,641.22,,,9868681585,USA
C2200,Priya,Male,41,,,,887.15,10.0,user2199@mail.com,,
C2201,Sneha,Female,,Hyderabad,2023-05-25,2021-03-24,2290.37,,,,Canada
C2202,Ankit,Male,44,Bangalore,,,,10.0,,9613415845,UK
C2203,Ravi,Male,29,Pune,2025-09-09,2021-07-10,2310.25,10.0,,,
C2204,Sneha,Male,21,Ahmedabad,,2023-01-27,,10.0,user2203@mail.com,9727765090,UK
C2205,Rahul,Female,33,Ahmedabad,,,,10.0,,,India
C2206,Sneha,Male,,Hyderabad,2023-11-17,2023-01-27,,10.0,,,USA
C2207,Rahul,Male,60,,,2022-08-04,1950.61,,,,Canada
C2208,Simran,Female,,Pune,,,4454.4,,,9681678942,USA
C2209,Kiran,,,Hyderabad,2022-05-31,2025-08-06,,10.0,,,Australia
C2210,,Male,,Kolkata,2021-01-11,2023-03-09,,,,,Canada
C2211,Neha,Female,,Chennai,2024-04-21,,3255.34,,,9325962103,Australia
C2212,Sneha,Male,60,Chennai,,2022-03-13,4066.79,10.0,user2211@mail.com,9900656246,Australia
C2213,Rahul,Female,19,Hyderabad,2020-12-26,,,,,9830757154,Canada
C2214,Simran,Male,,Ahmedabad,2021-09-09,2025-06-30,,10.0,,,Canada
C2215,Priya,Male,70,,,,,,,,India
C2216,,,,Bangalore,2023-06-16,,,5.0,,,UK
C2217,Rahul,Female,,Delhi,,2025-08-09,,,user2216@mail.com,,India
C2218,Ankit,Female,,Pune,2022-10-22,,,,user2217@mail.com,9770028339,Canada
C2219,Kiran,,,Chennai,2022-01-05,,,10.0,,9921008473,India
C2220,Amit,Female,31,Kolkata,,,,,user2219@mail.com,,USA
C2221,,Male,,,2024-09-28,,,3.0,,9772735613,UK
C2222,Amit,,64,Hyderabad,,,,,,,
C2223,Priya,Male,,Pune,,,,1.0,,,USA
C2224,Pooja,,43,Mumbai,,,4053.43,2.0,,,Canada
C2225,Amit,,45,Chennai,2022-11-30,,,,,,USA
C2226,Neha,Female,,Bangalore,,,,,user2225@mail.com,9222383833,India
C2227,Amit,Female,,,2022-12-22,,,1.0,user2226@mail.com,9489344057,UK
C2228,Ravi,Female,,Bangalore,,,,,,9884617472,Canada
C2229,Ankit,Female,,Ahmedabad,2020-12-11,,,,user2228@mail.com,,
C2230,Ankit,Male,61,Kolkata,,2022-07-28,,10.0,,,
C2231,Rahul,Male,,Chennai,,,3815.22,10.0,,,
C2232,Neha,Female,,Ahmedabad,,,,,,9760991847,India
C2233,Neha,,,,2021-05-12,,,4.0,,,
C2234,Neha,Male,,Pune,,,,10.0,user2233@mail.com,9369780794,Canada
C2235,Amit,Female,,Hyderabad,2021-01-24,2023-04-14,,5.0,,,USA
C2236,Ankit,Male,,Delhi,2021-06-04,,,2.0,user2235@mail.com,9647499715,UK
C2237,Ankit,,,,,,581.28,5.0,,,Canada
C2238,Neha,Male,62,Hyderabad,,2023-12-01,,,user2237@mail.com,,
C2239,Amit,Male,36,Delhi,2024-07-16,,,,user2238@mail.com,,
C2240,Simran,Female,27,Ahmedabad,,,,10.0,user2239@mail.com,,USA
C2241,Ravi,,,Delhi,,,2129.12,2.0,user2240@mail.com,,
C2242,Sneha,Female,,Chennai,2022-03-09,,2232.67,5.0,user2241@mail.com,,
C2243,Sneha,Male,,,,2022-02-01,,10.0,,,USA
C2244,Rahul,Male,,,2024-01-17,,,10.0,,9548774265,USA
C2245,Neha,Male,,Chennai,,2023-08-30,,4.0,,9634317681,USA
C2246,Amit,Female,,Mumbai,,,,,,,Canada
C2247,Priya,,,,2021-07-27,2022-07-10,,,,,Australia
C2248,Kiran,Male,,Pune,2022-12-07,2022-10-09,,,,,USA
C2249,Neha,Female,,,2021-02-27,,2750.12,10.0,,9503264265,Australia
C2250,Sneha,,,Chennai,,2023-06-14,,,,,Australia
C2251,Kiran,,,Bangalore,,,,5.0,,,UK
C2252,Ankit,,24,Pune,,,,10.0,user2251@mail.com,,
C2253,Pooja,Female,,Kolkata,2025-12-30,,,,user2252@mail.com,,UK
C2254,Simran,Female,,Mumbai,,,,4.0,,,India
C2255,Sneha,Female,,Kolkata,2020-09-27,,268.92,10.0,,,India
C2256,Ravi,Male,47,Delhi,2023-10-27,,,10.0,,,UK
C2257,Amit,,,Chennai,,,,,,,
C2258,Neha,Male,,Delhi,,,,,,9680981070,
C2259,Ravi,Male,67,Mumbai,,2022-06-29,,,,9180667899,Canada
C2260,Ravi,Male,,Ahmedabad,,,559.06,,,9930808839,Australia
C2261,Rahul,,,Ahmedabad,,,,10.0,,,Canada
C2262,Ravi,,29,Delhi,,,,,,9434947271,UK
C2263,Pooja,Female,,Pune,,,,10.0,,9286584067,UK
C2264,Simran,Female,,Pune,2023-10-18,,246.48,4.0,user2263@mail.com,9586746264,USA
C2265,,Male,,Delhi,2021-02-12,,,,,,Australia
C2266,Pooja,Male,,Mumbai,2025-03-16,,,,,9289679442,Australia
C2267,Ravi,Male,,,,,,10.0,,,
C2268,Rahul,,,Pune,2021-03-13,2024-11-17,1173.21,10.0,,,India
C2269,Rahul,,,Hyderabad,2025-01-23,,,,user2268@mail.com,,Canada
C2270,Neha,Male,,Mumbai,,2021-09-01,1056.04,,,,UK
C2271,Priya,Female,,Mumbai,2020-12-22,,,10.0,,,Canada
C2272,Priya,,,Mumbai,2024-04-28,,,5.0,,9931359571,India
C2273,Ravi,Female,,Bangalore,,2022-07-07,,,user2272@mail.com,9284787277,
C2274,,Male,,Delhi,2022-11-25,,,,,,Canada
C2275,Priya,,,,2023-08-03,,537.97,10.0,user2274@mail.com,9187030931,Canada
C2276,Amit,Female,,Mumbai,2022-04-06,,,10.0,,,USA
C2277,Ankit,Male,,Hyderabad,2024-05-05,,,10.0,,,India
C2278,Rahul,Male,58,Pune,,,946.29,5.0,user2277@mail.com,,Australia
C2279,Priya,,,Mumbai,,2024-02-21,,,,,UK
C2280,Simran,,,Hyderabad,,2025-04-18,4562.7,,,,Canada
C2281,Kiran,,,Kolkata,2020-09-06,,,,user2280@mail.com,,Australia
C2282,Priya,Male,65,Pune,,2023-07-15,,10.0,,,India
C2283,Simran,Female,,Pune,2023-09-28,,,,user2282@mail.com,,Canada
C2284,Simran,Male,,Pune,2023-12-17,,,,,,USA
C2285,Kiran,Male,,Chennai,,,,10.0,,,Australia
C2286,Sneha,,,Mumbai,,,,10.0,,,Canada
C2287,Amit,Female,37,Mumbai,2021-11-08,2021-05-20,,10.0,,9666381583,Canada
C2288,Ankit,Male,,Hyderabad,2021-02-21,,,10.0,,,Canada
C2289,,Male,,Pune,2021-04-11,2023-05-03,4589.61,,user2288@mail.com,9716358557,
C2290,Pooja,Male,,Bangalore,2024-03-07,,,1.0,,,Australia
C2291,Ankit,Female,,Hyderabad,,,,1.0,user2290@mail.com,,Canada
C2292,Simran,Female,,Kolkata,,2021-06-15,,,user2291@mail.com,,Canada
C2293,Neha,Female,,Ahmedabad,2021-02-01,,,,,,
C2294,Priya,,,Pune,2022-09-24,,,,user2293@mail.com,,
C2295,Rahul,Male,,,,,,,,,India
C2296,Amit,Female,,Hyderabad,2023-01-24,,3544.58,,user2295@mail.com,,Canada
C2297,Priya,Female,,Delhi,,,,10.0,,,Canada
C2298,Neha,Male,,Chennai,,,,1.0,,,Canada
C2299,Priya,,35,Mumbai,2024-05-10,2022-04-29,,,user2298@mail.com,,
C2300,Sneha,Male,,Pune,2022-09-21,2023-08-08,,10.0,,9919816046,USA
C2301,,Female,57,Chennai,,,,,,9566265394,Australia
C2302,Priya,Male,,Kolkata,,,,,user2301@mail.com,,UK
C2303,Pooja,,,Delhi,2020-11-22,,,10.0,,,USA
C2304,Rahul,Male,66,Ahmedabad,,,,,,9371282419,India
C2305,Ravi,Female,,Bangalore,2025-10-30,2023-08-06,,10.0,user2304@mail.com,,USA
C2306,Ankit,Male,,Ahmedabad,,,31.2,,,,
C2307,Pooja,Female,,Delhi,2023-04-10,,,,,,UK
C2308,Ankit,Female,58,Ahmedabad,,,,,,,Australia
C2309,Pooja,Female,,Ahmedabad,,,,4.0,user2308@mail.com,,Australia
C2310,,Female,,Kolkata,2021-05-09,,,10.0,user2309@mail.com,9412142303,
C2311,Ravi,Female,19,Delhi,2020-11-07,,,,,,UK
C2312,Ankit,Female,22,Ahmedabad,,,,4.0,,,Canada
C2313,Priya,Male,,Pune,2022-11-15,,426.38,,,,India
C2314,Amit,Female,53,Ahmedabad,2022-03-03,,,,,,Australia
C2315,Priya,Female,,Pune,,,2623.57,,user2314@mail.com,,UK
C2316,Simran,Female,,Mumbai,,,,3.0,,,
C2317,Simran,,,Kolkata,2021-04-21,,,10.0,user2316@mail.com,,Australia
C2318,Priya,Male,,Hyderabad,2020-10-06,,1427.55,,,,India
C2319,Priya,Female,,Kolkata,2021-09-03,,,10.0,,,UK
C2320,Kiran,Female,,,,,,10.0,user2319@mail.com,9249675839,UK
C2321,Neha,Female,27,Chennai,2022-03-07,,,10.0,user2320@mail.com,9166893876,Canada
C2322,,,,Kolkata,2022-09-23,2023-04-09,,5.0,,9699969384,
C2323,Amit,Male,,Bangalore,,2023-02-24,1477.84,,,9472971434,UK
C2324,,Male,,Ahmedabad,2026-01-14,2023-09-07,,,,,Canada
C2325,Ankit,,,Hyderabad,,,,4.0,user2324@mail.com,,
C2326,Pooja,Male,,Hyderabad,,2025-08-18,,5.0,,,India
C2327,Ravi,Male,42,Hyderabad,,,,,,,Australia
C2328,Kiran,Female,,Bangalore,,,4656.23,,,9449362662,Australia
C2329,,Female,,Pune,2021-03-02,2025-01-16,4216.7,10.0,,,Canada
C2330,,Female,,Ahmedabad,2025-04-02,,3629.43,,,,
C2331,Amit,Male,,Hyderabad,2021-01-14,,,10.0,user2330@mail.com,,USA
C2332,Pooja,Male,,Chennai,2024-11-16,,,1.0,,,USA
C2333,Simran,Female,,Mumbai,,2023-04-12,2751.33,10.0,,,India
C2334,,Female,23,Mumbai,,,,,,,Canada
C2335,Ravi,Female,33,Bangalore,,2021-11-23,4347.68,,,,
C2336,Rahul,,,Delhi,2023-02-24,2025-06-30,,10.0,,,Australia
C2337,Priya,Female,,Kolkata,2022-10-15,2025-04-01,,,user2336@mail.com,,USA
C2338,Pooja,Female,39,Chennai,,,596.93,2.0,,,
C2339,Neha,,,Chennai,,,3622.28,10.0,user2338@mail.com,,UK
C2340,Amit,,69,Kolkata,,,,5.0,,9120006005,USA
C2341,,Female,,Bangalore,2024-11-18,,4591.21,,,,Canada
C2342,,Female,48,Hyderabad,2022-11-03,,,2.0,user2341@mail.com,,Canada
C2343,Simran,Female,,Delhi,,2025-06-04,,1.0,user2342@mail.com,,UK
C2344,,Male,61,Hyderabad,,2021-06-17,,4.0,,,
C2345,Pooja,Male,38,Mumbai,,,1467.45,,user2344@mail.com,,India
C2346,Amit,Male,47,Kolkata,2022-10-01,2023-07-05,,,,,
C2347,,Female,,,2022-06-02,,,,,,USA
C2348,,Male,,Pune,2022-03-17,2021-09-01,,,user2347@mail.com,,Australia
C2349,,Male,,Hyderabad,,,,10.0,user2348@mail.com,,Australia
C2350,Neha,Female,52,,2021-12-27,2021-09-24,,,,9661136484,Australia
C2351,Ankit,Male,62,Pune,,,,5.0,user2350@mail.com,9810700756,USA
C2352,Amit,Female,,Pune,,2023-04-05,,10.0,,,USA
C2353,,Male,35,Ahmedabad,,,,5.0,,,India
C2354,Ankit,,,Pune,2022-11-25,,1465.2,2.0,,,Australia
C2355,Pooja,Female,26,Kolkata,,,,,user2354@mail.com,,India
C2356,Ravi,,,Hyderabad,2022-11-16,,,4.0,,,India
C2357,Neha,Female,32,,2022-03-30,2025-03-17,,,user2356@mail.com,,UK
C2358,Rahul,Female,,Kolkata,2024-02-15,2024-05-20,,,,9174915024,Canada
C2359,Pooja,Male,,Hyderabad,2020-08-22,,,2.0,,,India
C2360,Simran,,26,,2020-12-20,,,,,,UK
C2361,Pooja,,66,Hyderabad,,,,,,,India
C2362,Ankit,Male,,Hyderabad,2025-08-07,2023-04-27,,5.0,,,India
C2363,Pooja,,,Pune,2020-12-18,2026-01-10,,3.0,,,India
C2364,,Male,19,Hyderabad,,,2276.69,10.0,,9118192603,Australia
C2365,Kiran,Female,,Hyderabad,2022-11-12,2025-12-25,216.29,,user2364@mail.com,,Australia
C2366,Pooja,Male,68,,2025-06-22,2024-01-07,,,,,Canada
C2367,Neha,Male,,Bangalore,2021-01-14,,,,,,Australia
C2368,Ravi,,,,2025-03-12,,,10.0,,9694294791,
C2369,Simran,Female,18,Bangalore,2023-09-26,2023-09-27,,,,9968869329,
C2370,Amit,Male,19,,,,,10.0,user2369@mail.com,9638033369,Australia
C2371,Amit,Female,,Ahmedabad,,,,,,,
C2372,Sneha,Female,,Delhi,2021-09-22,2023-10-22,3726.46,,,,
C2373,Neha,Female,,Chennai,,,,3.0,user2372@mail.com,,Australia
C2374,Neha,,,Bangalore,,2023-07-07,,,,,India
C2375,,Male,,,,,,,,,USA
C2376,Ravi,Male,46,Delhi,,,3863.76,10.0,user2375@mail.com,,USA
C2377,Sneha,Female,,Hyderabad,2023-01-07,,,1.0,,,India
C2378,Sneha,Female,47,Kolkata,,,,,user2377@mail.com,,India
C2379,Amit,Female,,Bangalore,2022-09-14,,,10.0,,9974393294,USA
C2380,Kiran,Female,,Bangalore,,,,,,9472427662,Canada
C2381,Simran,,,Hyderabad,,,,2.0,user2380@mail.com,9985178591,UK
C2382,Neha,,,Kolkata,,2022-05-11,,5.0,user2381@mail.com,,
C2383,,Male,32,,,,1693.88,5.0,user2382@mail.com,9331224937,Canada
C2384,Neha,Female,,Ahmedabad,2020-10-04,,,,,,UK
C2385,Ankit,Female,49,Mumbai,,2021-01-30,2114.36,1.0,,9737676645,Canada
C2386,Rahul,Male,,Chennai,2024-08-09,2025-10-14,,5.0,user2385@mail.com,,USA
C2387,Ravi,Female,,,,,,4.0,,9966629763,
C2388,Pooja,Male,,,2022-05-09,,,,,,Australia
C2389,Priya,Female,,Mumbai,2022-11-26,,2405.13,,,9403543821,
C2390,Neha,Male,,Chennai,2021-06-19,,4291.13,1.0,,,USA
C2391,Neha,Male,,Kolkata,2023-10-27,2024-01-23,2026.94,2.0,,,
C2392,Simran,Female,,Delhi,2023-06-07,,,,,9603018580,
C2393,Ravi,Female,,Pune,2025-09-17,,,10.0,user2392@mail.com,,India
C2394,Sneha,,,Chennai,,2020-12-25,,,user2393@mail.com,,Canada
C2395,,Male,,Hyderabad,2021-04-20,,,,,9671651852,India
C2396,Ravi,Male,,Pune,2022-03-10,,4689.69,10.0,user2395@mail.com,,
C2397,Ravi,Female,,Delhi,2021-06-21,2021-12-17,,,user2396@mail.com,,Australia
C2398,Amit,Female,,Chennai,,2020-10-20,,3.0,,,India
C2399,Simran,Male,,Bangalore,,,,2.0,,,Australia
C2400,Neha,Female,49,Kolkata,,,1304.4,,,,Australia
C2401,Neha,Female,,Mumbai,2021-10-01,,,2.0,user2400@mail.com,,Australia
C2402,Neha,Male,,Hyderabad,2022-07-29,2021-01-28,,,,9407116643,Australia
C2403,Ankit,Male,,Chennai,2022-03-06,,,10.0,,9906560184,Canada
C2404,Ravi,Female,,Mumbai,2022-12-30,,,,,,UK
C2405,Amit,Female,,Kolkata,2024-04-03,2023-10-13,,,,,USA
C2406,Rahul,Male,,Chennai,2025-06-28,,,3.0,user2405@mail.com,9206320821,Australia
C2407,Simran,,,Chennai,2021-06-11,,,,user2406@mail.com,,India
C2408,Pooja,Female,61,Hyderabad,2025-08-21,2023-11-27,1174.4,,,,
C2409,Simran,Female,54,Delhi,2023-08-28,,4325.55,,,9331230956,Canada
C2410,Ravi,Male,,Hyderabad,2025-10-11,,,,,,USA
C2411,Ankit,,,Mumbai,2023-02-25,2023-10-03,,1.0,user2410@mail.com,,UK
C2412,Kiran,Male,,,2025-05-22,,30.39,10.0,,,UK
C2413,Ankit,Female,,Hyderabad,2024-06-05,2022-09-19,1947.66,10.0,,,Canada
C2414,,Male,,,2022-03-12,,4527.52,,,,USA
C2415,Ravi,,,Hyderabad,2023-07-26,2022-04-19,,3.0,,,India
C2416,,,,Chennai,2021-08-11,,,10.0,user2415@mail.com,,Australia
C2417,Rahul,Female,65,Mumbai,2025-02-22,2020-10-20,,,user2416@mail.com,9854727560,India
C2418,Priya,Male,64,Chennai,2025-06-08,2023-02-07,,1.0,user2417@mail.com,9358537869,Canada
C2419,Ankit,,,Hyderabad,2024-12-02,,,10.0,,9376258244,Canada
C2420,Pooja,Male,,Kolkata,2024-06-06,2024-11-28,,3.0,,,Canada
C2421,Sneha,Male,,Bangalore,2023-10-15,,,5.0,,,Canada
C2422,Amit,Female,,Kolkata,,2024-06-01,,3.0,,,India
C2423,Kiran,,,Chennai,,2025-12-02,,5.0,user2422@mail.com,9920944428,
C2424,Simran,Female,,Kolkata,,,,5.0,user2423@mail.com,,Australia
C2425,,Male,,Bangalore,2022-11-19,2021-06-11,,,,,Canada
C2426,Rahul,Male,,Bangalore,,2021-10-31,,4.0,user2425@mail.com,,Canada
C2427,Rahul,,,Mumbai,,2023-12-08,3288.2,4.0,,,Canada
C2428,,Female,47,,,,,3.0,,,India
C2429,Simran,Female,,Bangalore,2023-11-16,,,,user2428@mail.com,,Australia
C2430,Neha,Male,,,,,,10.0,,,India
C2431,Rahul,Male,,Bangalore,,,,1.0,,,India
C2432,Kiran,Female,70,Mumbai,,,4256.36,1.0,,,Australia
C2433,Amit,Male,,Mumbai,,,,,,,
C2434,,Female,,Pune,,,2121.72,4.0,,,India
C2435,,,,Delhi,,,,,user2434@mail.com,,USA
C2436,,Female,,Ahmedabad,2024-07-15,2024-04-03,3090.85,3.0,user2435@mail.com,9947613983,India
C2437,Ravi,Male,,Kolkata,,,,,,,Canada
C2438,Priya,Male,,Mumbai,,2023-11-08,,10.0,,,India
C2439,Ankit,Female,,Bangalore,,2023-07-18,,1.0,user2438@mail.com,9884360382,Canada
C2440,Pooja,Male,,Hyderabad,2024-06-02,,,,,,
C2441,Ankit,Female,,Pune,,2021-06-24,,10.0,,,India
C2442,Ankit,,,Bangalore,2025-07-01,2025-03-18,,,,9932353089,
C2443,Amit,Male,,Hyderabad,,2024-11-17,,2.0,user2442@mail.com,9224647141,UK
C2444,Pooja,Female,,Chennai,,,,3.0,user2443@mail.com,,
C2445,Pooja,Female,69,Mumbai,,2025-02-26,,,,,USA
C2446,,Male,,Kolkata,2024-01-30,,,,,,USA
C2447,Ravi,,,Kolkata,2025-04-22,,925.3,2.0,,,UK
C2448,Kiran,Female,,Pune,,2025-07-12,,3.0,,,Australia
C2449,Ankit,,,Delhi,2022-10-30,,,,,,
C2450,Amit,Female,21,,,2022-10-09,1341.01,,user2449@mail.com,9480131753,UK
C2451,Kiran,Female,,,2023-01-25,,4271.62,10.0,user2450@mail.com,,India
C2452,Neha,Female,,Hyderabad,,2022-12-26,,5.0,,,USA
C2453,Ravi,Female,28,Mumbai,2023-04-07,2025-10-14,,10.0,,9760097201,Australia
C2454,Kiran,Male,,Ahmedabad,2024-12-28,,4623.26,,user2453@mail.com,,USA
C2455,Neha,Male,,Bangalore,,2025-10-25,,10.0,user2454@mail.com,9584540891,
C2456,Sneha,Male,,Bangalore,2024-03-02,2024-05-17,213.91,,,,India
C2457,Ravi,Female,,Delhi,,,,,,,
C2458,Pooja,Male,,,2021-07-09,2020-11-30,,4.0,,,USA
C2459,Sneha,Female,,Hyderabad,2025-03-31,,656.12,10.0,user2458@mail.com,,
C2460,Amit,,,Delhi,2021-06-22,,683.68,10.0,,9880733034,Canada
C2461,,,,Bangalore,,,,,,,USA
C2462,Pooja,Male,,Chennai,2021-10-11,2022-01-02,4056.78,,user2461@mail.com,,India
C2463,Sneha,,58,Kolkata,,,,10.0,,,
C2464,Rahul,,,Kolkata,2024-09-19,2024-08-04,,3.0,,,Australia
C2465,Rahul,Female,,Delhi,2023-10-08,2023-09-02,,3.0,user2464@mail.com,,UK
C2466,Ankit,Female,,Mumbai,,,,1.0,,,
C2467,Simran,Female,,,,2025-11-14,,4.0,user2466@mail.com,,USA
C2468,Neha,Female,,Kolkata,2021-11-27,,,3.0,,,UK
C2469,Priya,Male,,Kolkata,2021-09-27,,,,,,USA
C2470,Sneha,Female,,,2022-12-18,2021-04-05,,,,,India
C2471,Rahul,Male,,Kolkata,2021-10-16,,,10.0,,9419888647,
C2472,,Male,20,Hyderabad,,,,,user2471@mail.com,,Australia
C2473,Kiran,,67,Hyderabad,,,,,,,
C2474,Ankit,,,,2024-01-16,,887.0,1.0,,,Canada
C2475,Ravi,Female,22,Chennai,2026-01-12,,,4.0,,9250972857,Australia
C2476,Neha,Male,,Ahmedabad,,,,5.0,,,
C2477,Simran,Male,,,,,,,user2476@mail.com,,USA
C2478,Pooja,,25,Kolkata,,2023-06-18,1386.36,4.0,,,USA
C2479,Ravi,Male,68,Pune,,2022-02-23,,,,,Canada
C2480,,Male,,Kolkata,,,,,user2479@mail.com,,Canada
C2481,Priya,,43,Delhi,2025-05-17,2024-06-30,,,user2480@mail.com,,
C2482,,Male,,Bangalore,2025-05-22,2023-10-06,,3.0,user2481@mail.com,,Australia
C2483,Sneha,,28,Bangalore,2020-12-17,,,5.0,,9993357050,India
C2484,,Male,,Hyderabad,2024-06-20,,,10.0,,9679041482,Australia
C2485,Ankit,,,Mumbai,2023-01-23,,,,,,Canada
C2486,Pooja,Female,,Pune,2025-07-15,2022-10-28,2648.76,10.0,user2485@mail.com,,UK
C2487,Neha,Male,,Bangalore,,2020-11-28,,1.0,,9120961286,
C2488,Sneha,Male,,Ahmedabad,2023-08-05,,,3.0,,,Canada
C2489,Ravi,Male,,Kolkata,,,1081.05,3.0,,,USA
C2490,Ankit,Male,31,Hyderabad,2025-05-03,2021-09-20,,1.0,,9509098522,
C2491,Rahul,,,Ahmedabad,,2023-12-10,,,,9337187831,Australia
C2492,Simran,,,Mumbai,,,,,,,
C2493,Sneha,Female,33,Chennai,,,,10.0,,,USA
C2494,Ravi,,68,Pune,2023-12-13,,,,user2493@mail.com,,USA
C2495,Neha,Female,,Mumbai,,,4996.55,,,9105430651,
C2496,Kiran,Male,,Delhi,2025-07-11,2025-09-22,,10.0,,,UK
C2497,Rahul,Female,,Hyderabad,,,,,user2496@mail.com,,Australia
C2498,Rahul,Female,,Mumbai,,,,10.0,user2497@mail.com,,India
C2499,Neha,Female,56,Delhi,,,,,user2498@mail.com,,USA
C2500,Priya,Male,,Hyderabad,2022-03-13,,,5.0,,,India
C2501,Kiran,Male,,Chennai,2021-06-24,2024-03-27,,,user2500@mail.com,9460299386,USA
C2502,Simran,,41,Kolkata,,,1192.88,10.0,,,USA
C2503,Simran,Male,26,Chennai,2025-03-15,,,,,,
C2504,Kiran,Male,,Bangalore,,,,10.0,user2503@mail.com,,USA
C2505,Rahul,Female,,,,,,,,,Canada
C2506,,Female,,Hyderabad,,,,,,9213192382,
C2507,Rahul,Female,,Delhi,,,556.18,,,,India
C2508,,Female,58,Delhi,,,,,,,India
C2509,Simran,,21,Bangalore,2023-08-23,,,10.0,,,
C2510,Amit,Male,,Kolkata,,2021-10-17,,10.0,,,UK
C2511,Pooja,Male,,Bangalore,,,,,,9695549736,USA
C2512,Neha,Female,,Bangalore,,2024-02-19,,10.0,,,
C2513,Simran,Female,,,,,,4.0,,,India
C2514,Kiran,,,Bangalore,,2024-07-26,,2.0,user2513@mail.com,,
C2515,Pooja,Male,,,2021-03-02,2023-04-13,2050.13,10.0,,9823450646,
C2516,,Female,,Chennai,,,3082.95,10.0,,,
C2517,,Male,61,Mumbai,,,,10.0,user2516@mail.com,,Australia
C2518,Rahul,Male,59,Pune,2023-04-09,,,10.0,,,
C2519,Sneha,Male,,,2024-03-30,,,4.0,,9945533812,USA
C2520,Pooja,Male,,Bangalore,,,,3.0,,,UK
C2521,,Female,39,Bangalore,2024-10-18,,,3.0,,,India
C2522,Sneha,Female,,Bangalore,,2024-10-23,3540.37,,,9692296035,
C2523,Simran,Male,,Hyderabad,2023-11-03,2022-03-19,,,,9429341768,Canada
C2524,Pooja,Female,,Pune,,,,5.0,,,
C2525,Kiran,,44,Kolkata,,,87.25,,,,UK
C2526,Rahul,Male,,Chennai,2025-06-21,,,,,,India
C2527,Pooja,Female,,,,,,10.0,,9745906067,India
C2528,Pooja,Male,,Mumbai,2025-06-27,,,10.0,,,USA
C2529,Sneha,Female,,Ahmedabad,2025-04-12,,,,user2528@mail.com,,UK
C2530,Ankit,Female,,Delhi,2024-02-15,2022-03-15,,,,,Australia
C2531,Sneha,Female,66,Mumbai,,,,,user2530@mail.com,9243144317,Canada
C2532,Rahul,Female,,Delhi,,2023-12-16,,,user2531@mail.com,9112381880,India
C2533,Neha,Female,,Mumbai,,,2986.72,4.0,,,
C2534,Kiran,Female,66,,,2025-04-18,,1.0,,,USA
C2535,,Female,,Hyderabad,,2022-03-12,,,,,
C2536,Kiran,,,,2024-07-31,,2904.61,1.0,,9490045785,Canada
C2537,Kiran,Female,,Hyderabad,2020-08-06,,4471.93,,,9578340382,USA
C2538,Sneha,Female,,Mumbai,2023-05-10,2021-08-09,,,,,
C2539,Pooja,Female,,Bangalore,,,,,,,USA
C2540,Priya,,,Kolkata,,,,,user2539@mail.com,9443546567,Australia
C2541,Pooja,,,Pune,2025-10-24,,3693.96,10.0,,,India
C2542,Amit,Male,,Kolkata,2020-10-14,,4873.4,3.0,,9782966460,Australia
C2543,,,,Mumbai,,,,,,,USA
C2544,,Male,,Kolkata,,2025-04-27,,3.0,,,Australia
C2545,Ravi,Male,,Chennai,,,,10.0,user2544@mail.com,9848749806,Canada
C2546,Simran,Female,39,,,,4235.49,,user2545@mail.com,,Australia
C2547,Ankit,,,Hyderabad,2021-03-14,,4850.44,,user2546@mail.com,,India
C2548,Ravi,Male,51,Ahmedabad,2025-03-26,,3741.91,,,,
C2549,Rahul,Male,,Chennai,2024-12-11,,,2.0,,,UK
C2550,Simran,Female,,Bangalore,2025-02-16,,,4.0,,,UK
C2551,Priya,Male,,Chennai,2021-04-04,2021-07-14,,,user2550@mail.com,,USA
C2552,Pooja,,,,2024-09-25,2024-11-06,4574.33,,,,Canada
C2553,Simran,,24,Delhi,,,,10.0,user2552@mail.com,9263834276,India
C2554,Ravi,,,Chennai,,,,3.0,,9545070862,India
C2555,,,,Mumbai,,,66.49,,,,Canada
C2556,Ankit,Male,69,Pune,,,1420.16,3.0,,,India
C2557,Simran,Female,,Delhi,,2024-08-28,,,,,
C2558,Sneha,Female,,Ahmedabad,,2024-09-11,,2.0,,,USA
C2559,Neha,Female,,Chennai,2022-04-01,2022-06-01,3804.07,,,9353504483,Australia
C2560,Ankit,Male,38,Hyderabad,2025-09-01,2024-02-28,,2.0,,9878052008,
C2561,Sneha,Female,28,Pune,2025-10-24,,,,,,Australia
C2562,Neha,Male,,Chennai,2022-12-23,,,,,,
C2563,Simran,Female,,Hyderabad,,,,,user2562@mail.com,,India
C2564,,,,Ahmedabad,2025-03-25,2025-08-19,1081.02,10.0,,,UK
C2565,Priya,Male,21,Kolkata,,,3954.07,10.0,,,India
C2566,Priya,Female,,Ahmedabad,,,4125.62,4.0,,,Canada
C2567,Amit,Male,29,,,,,10.0,user2566@mail.com,,Australia
C2568,Neha,Female,,Bangalore,2021-07-08,,3575.58,1.0,,,
C2569,Neha,,38,Delhi,,,,,user2568@mail.com,,Australia
C2570,,Male,,,,,,,,,USA
C2571,Amit,,68,Delhi,,,,10.0,,,Canada
C2572,Amit,Male,,Bangalore,2024-03-02,,,,,,
C2573,Pooja,,,Bangalore,,,,10.0,user2572@mail.com,,Canada
C2574,Amit,Female,57,Kolkata,,,,1.0,,9371844115,UK
C2575,Rahul,Female,,Chennai,2025-11-05,,,10.0,user2574@mail.com,,India
C2576,Sneha,,55,Delhi,2024-10-12,,,10.0,,9837314279,UK
C2577,Pooja,Male,60,Mumbai,2024-01-25,,,,,,Canada
C2578,,Female,,Kolkata,2023-05-30,,,,,,UK
C2579,,Female,,Delhi,2025-08-11,,,10.0,,,
C2580,Priya,Male,53,Kolkata,2021-11-11,,,,,,USA
C2581,Rahul,Male,,Mumbai,2022-07-20,2022-06-06,,,,,Australia
C2582,Neha,Female,,Delhi,2022-03-01,2025-10-09,,,,9864687070,Australia
C2583,Rahul,Female,,Mumbai,2025-06-25,,,3.0,,9292963368,Australia
C2584,Pooja,Male,,Ahmedabad,2023-11-19,,4244.74,5.0,,,USA
C2585,Neha,Male,,Mumbai,2023-05-15,2021-09-12,,,,,India
C2586,Priya,Female,,Hyderabad,2022-12-28,,4072.85,,,,Australia
C2587,Neha,Female,,Pune,2023-06-14,,,1.0,,,Australia
C2588,Sneha,Female,,Pune,2022-03-11,2023-09-04,,10.0,,,Australia
C2589,,Female,,Kolkata,2023-04-07,,,,,,Australia
C2590,Amit,Female,,Mumbai,2022-02-01,2025-12-25,,,,,USA
C2591,Kiran,Male,,Ahmedabad,,2021-07-07,3092.66,,user2590@mail.com,,
C2592,Simran,Female,38,Chennai,,,,2.0,user2591@mail.com,9145051160,USA
C2593,Pooja,Female,,Pune,2022-02-24,,,10.0,user2592@mail.com,,
C2594,Priya,Male,,Ahmedabad,,2024-01-06,,,,9760650633,USA
C2595,Ravi,Female,,Kolkata,,,,,user2594@mail.com,,
C2596,Ravi,Male,23,Delhi,2023-06-17,,,10.0,,,Canada
C2597,Priya,,,Pune,,,,,,,UK
C2598,Neha,,,Pune,,,,10.0,,,UK
C2599,Kiran,,,Delhi,,,,3.0,,,Canada
C2600,,Female,52,Delhi,2022-09-17,,,,,,UK
C2601,Rahul,Male,,Bangalore,2020-10-05,,,,user2600@mail.com,,UK
C2602,Ravi,Female,,Chennai,,,3966.77,,,,Australia
C2603,Neha,Male,,Hyderabad,,2023-08-21,1450.67,10.0,,,Canada
C2604,Simran,,,Mumbai,,2022-03-08,,4.0,,,UK
C2605,Kiran,Female,,Bangalore,2021-08-18,2022-04-15,,,user2604@mail.com,,UK
C2606,Sneha,Female,,Kolkata,,2020-09-14,,,,9881402127,
C2607,Amit,Male,60,Hyderabad,2023-02-17,,,,,,Canada
C2608,Pooja,Male,,,2021-11-20,,14.99,4.0,,,Canada
C2609,Priya,Male,,Ahmedabad,2020-11-30,2026-01-04,,,,,Canada
C2610,Ankit,,,Mumbai,2023-02-18,2025-02-16,,,,,India
C2611,Ankit,Female,44,Ahmedabad,,,,,,,UK
C2612,Simran,Female,,Ahmedabad,2022-10-31,,,10.0,,9972224973,UK
C2613,Pooja,Male,,Chennai,,,4879.08,3.0,,,UK
C2614,Kiran,Male,,,,,,,user2613@mail.com,,Canada
C2615,Sneha,,,Ahmedabad,,,,4.0,user2614@mail.com,,Canada
C2616,Sneha,Male,,Hyderabad,,2025-07-22,,3.0,user2615@mail.com,,Australia
C2617,,Male,,Bangalore,,,404.87,,,9886713946,Canada
C2618,Priya,,,Kolkata,2025-12-27,,,,user2617@mail.com,,Canada
C2619,Ankit,Male,,Chennai,2024-01-10,,,,,,India
C2620,Ravi,,27,Delhi,,,,1.0,,9175141622,USA
C2621,Neha,Male,62,Hyderabad,2021-08-28,2021-02-26,,10.0,user2620@mail.com,9972465694,UK
C2622,Ravi,Female,,Kolkata,2023-09-22,,696.95,,,9774630691,UK
C2623,Rahul,,,,,2025-02-13,3043.67,10.0,,,Canada
C2624,Pooja,Male,,,,,4700.4,,,,UK
C2625,Priya,Male,,Bangalore,2022-03-06,,,,,,Australia
C2626,Neha,Male,50,Pune,,,,,,,UK
C2627,Pooja,Male,,,2022-08-04,,,,,9760689983,India
C2628,,Female,,Delhi,2021-08-12,2025-10-07,,,,,
C2629,Ravi,,42,Delhi,,,3358.04,10.0,,9193121636,Australia
C2630,Kiran,Female,,Bangalore,2021-02-21,2023-02-27,,10.0,,,
C2631,Neha,Male,55,Mumbai,2024-07-02,,364.06,,,,Canada
C2632,,Female,,Ahmedabad,2022-05-17,,,,,,Canada
C2633,Ankit,Male,54,Kolkata,,2024-05-26,,5.0,,,
C2634,Priya,Male,,Bangalore,2020-09-20,,,,,,Canada
C2635,,Male,,Mumbai,2022-03-19,,,,,,
C2636,,Female,,Bangalore,,2022-07-01,,,,9958013405,
C2637,Simran,Male,,Ahmedabad,2025-12-03,,,,,,India
C2638,,Male,,Ahmedabad,2023-11-24,,,,user2637@mail.com,,
C2639,Amit,,,Ahmedabad,,,,1.0,,,USA
C2640,Ravi,Male,24,Delhi,2023-01-29,,,10.0,,,India
C2641,Simran,,28,Hyderabad,2022-03-22,,,,,9419905935,Australia
C2642,Simran,Female,,Bangalore,,2020-10-18,,,,,USA
C2643,,Male,,Kolkata,2025-02-06,2024-12-04,,2.0,user2642@mail.com,,Australia
C2644,Pooja,Male,,Delhi,,,,10.0,,9122013481,Canada
C2645,Amit,Male,,Bangalore,2025-02-02,,,10.0,,,Canada
C2646,Pooja,Male,65,Mumbai,2023-01-14,,,,,9571974722,Canada
C2647,Priya,Female,,Bangalore,,,,10.0,,,
C2648,Neha,Male,38,Hyderabad,,2024-11-20,,4.0,,,Canada
C2649,Simran,Male,,,,2023-05-11,,,user2648@mail.com,,USA
C2650,Simran,Female,,Kolkata,2024-11-01,,,10.0,,9351626576,
C2651,Rahul,,,Ahmedabad,2020-10-25,,,10.0,,,Canada
C2652,Ankit,,,Kolkata,,,,,,9242142419,Australia
C2653,,Female,18,Delhi,2022-02-11,,,,,9448091351,UK
C2654,,,,Hyderabad,2024-04-12,,,4.0,,,USA
C2655,Ankit,Male,,Chennai,,,288.7,10.0,,,Canada
C2656,,Female,,Kolkata,,,,,user2655@mail.com,,Australia
C2657,,Male,58,Hyderabad,2020-12-06,,,1.0,user2656@mail.com,9110300642,
C2658,Sneha,Male,29,,2021-08-19,2021-12-16,,5.0,,,Canada
C2659,Simran,,,,,,,1.0,,9172952589,USA
C2660,Priya,Female,,Pune,2021-09-23,2025-07-14,,,,,Canada
C2661,Neha,Male,,,,,,,,,USA
C2662,Ravi,Female,31,Mumbai,,,2801.47,,,,India
C2663,Simran,Female,,,,,,3.0,,,India
C2664,,Male,49,Pune,2020-09-04,,996.42,10.0,,,USA
C2665,,Female,,Delhi,2022-01-28,,,10.0,,9264295140,UK
C2666,Pooja,Male,,Kolkata,,,3414.89,3.0,user2665@mail.com,,India
C2667,Ravi,Female,,Kolkata,,,,,,,
C2668,Ravi,,55,,,,4663.27,10.0,,,UK
C2669,Rahul,Male,,Chennai,,,,2.0,user2668@mail.com,,Australia
C2670,,Female,19,Pune,,,3287.68,10.0,,,USA
C2671,Amit,Female,,Kolkata,2023-08-09,,,10.0,,,USA
C2672,Kiran,Female,,Pune,,2021-10-21,3592.46,,,,USA
C2673,Ravi,Female,,Bangalore,2024-07-04,,,10.0,,9636062673,USA
C2674,Amit,,,Pune,2025-05-08,,,1.0,,9869939677,USA
C2675,Simran,Female,37,Mumbai,2021-04-15,,,,,9333070097,Australia
C2676,Amit,Male,,Chennai,,,1459.97,,user2675@mail.com,,USA
C2677,Sneha,Female,,Bangalore,,,,10.0,user2676@mail.com,,Australia
C2678,Neha,Male,,Hyderabad,2022-03-07,,,,,,UK
C2679,Ravi,Male,,Ahmedabad,2020-09-18,,,4.0,user2678@mail.com,9361678647,
C2680,Pooja,Male,,Chennai,,2023-08-13,,2.0,,,Canada
C2681,,,,Mumbai,2021-11-03,,,,,,UK
C2682,Neha,Male,49,Hyderabad,,,1381.25,,,,
C2683,Pooja,Male,59,Delhi,,2024-02-12,3493.24,5.0,,9480740522,
C2684,Sneha,,,Mumbai,,2021-04-30,1740.2,,,,Australia
C2685,,Male,,Bangalore,,,,10.0,,,Canada
C2686,Sneha,Male,,Mumbai,,,,,user2685@mail.com,9661768033,USA
C2687,Priya,Male,,Kolkata,,2021-07-14,1254.35,,,9653400952,USA
C2688,Kiran,Female,53,Chennai,,,802.43,2.0,,,India
C2689,Ravi,Female,,,,,,10.0,,9123373866,UK
C2690,Kiran,Female,,Kolkata,2023-08-06,,,,,,
C2691,Simran,Male,,Pune,2022-05-26,,,10.0,user2690@mail.com,9420988379,India
C2692,Rahul,,,Pune,,,983.32,,,,UK
C2693,Kiran,Female,,Kolkata,2020-09-05,,,10.0,,,UK
C2694,Ravi,Male,46,Ahmedabad,,,1757.18,,,,India
C2695,,,,Mumbai,,,919.06,,,,
C2696,Simran,Male,,Pune,2022-08-07,,3549.23,3.0,,9313671297,
C2697,Kiran,,,Chennai,,2023-07-17,,,,,Canada
C2698,Pooja,,,Ahmedabad,,,,,,,UK
C2699,,,,Kolkata,2023-04-26,,,,,,USA
C2700,Ravi,Male,,Chennai,,,4030.82,2.0,,9672903825,UK
C2701,Kiran,,,Delhi,,2022-03-24,994.95,,user2700@mail.com,,USA
C2702,Ravi,,,Kolkata,2022-02-25,,,,,9528965124,
C2703,Sneha,Female,,Mumbai,2022-03-28,,171.35,,,,Australia
C2704,Priya,Male,,Bangalore,2022-06-07,2021-01-01,,,,9642887672,India
C2705,Neha,Female,,Chennai,2022-01-03,2023-09-18,,2.0,user2704@mail.com,,USA
C2706,Ankit,Male,62,Mumbai,,2023-10-06,,,user2705@mail.com,,UK
C2707,,,,Mumbai,,2025-02-21,,,,9169421944,India
C2708,Simran,Male,,Hyderabad,,,,,,9292658564,Canada
C2709,,,,Ahmedabad,,,,,,,Canada
C2710,,Female,,Chennai,,,2552.45,4.0,,,
C2711,Amit,Male,,Delhi,2020-09-02,,,10.0,,,UK
C2712,Pooja,,37,Pune,,2023-12-30,,3.0,user2711@mail.com,,
C2713,Sneha,Male,,Bangalore,2021-06-21,,529.03,10.0,user2712@mail.com,,Canada
C2714,,Male,33,Pune,,,,2.0,,,Canada
C2715,Ravi,Male,42,Kolkata,2022-09-19,,548.25,,,,UK
C2716,,Female,68,Hyderabad,,,,,,,
C2717,,Male,19,Hyderabad,2024-03-19,2022-08-04,4173.1,,,,India
C2718,Ankit,Female,,,,,,10.0,user2717@mail.com,,
C2719,Ankit,Male,,,2021-12-25,,4154.62,,user2718@mail.com,,India
C2720,Kiran,Female,,Ahmedabad,,,,,,9509734926,USA
C2721,Ankit,Male,,Hyderabad,,,,3.0,,,UK
C2722,,Female,,,,,,1.0,,,USA
C2723,Ravi,,,Mumbai,,,3611.42,10.0,,,USA
C2724,,Female,,Mumbai,2025-09-15,,,2.0,user2723@mail.com,,Australia
C2725,Neha,Female,,,2020-12-05,,,,,,India
C2726,Neha,Female,,Hyderabad,2024-07-03,,,10.0,,,
C2727,Pooja,Male,,Kolkata,,,,10.0,user2726@mail.com,9796276389,Australia
C2728,Sneha,Female,,Pune,,,2282.27,1.0,,,India
C2729,Ankit,Male,,,,,,,user2728@mail.com,9475311613,UK
C2730,Ravi,Male,,Mumbai,,,,,,9643076918,USA
C2731,Priya,,,Pune,2020-09-12,,604.87,2.0,,,India
C2732,Ankit,Female,,Ahmedabad,2022-03-23,,,4.0,user2731@mail.com,,Australia
C2733,Kiran,Male,,Ahmedabad,,2023-11-14,,,,9899360013,India
C2734,Rahul,Female,,Bangalore,,,,2.0,,9231751323,
C2735,Ravi,,,Kolkata,,2025-05-16,,,,,India
C2736,Neha,Male,,Chennai,2023-07-26,,3779.31,,,,India
C2737,,Male,49,Chennai,2025-01-30,,,,user2736@mail.com,,Australia
C2738,Rahul,,,,2023-09-25,,,4.0,,,Australia
C2739,Ravi,Female,19,Kolkata,,2023-02-16,,,user2738@mail.com,9784138095,
C2740,Ravi,Female,,Kolkata,,2022-07-10,2004.24,3.0,,,UK
C2741,Ravi,Male,,Kolkata,,,661.38,4.0,,,
C2742,Kiran,Female,,Bangalore,2024-11-08,,,1.0,,,India
C2743,Ankit,,64,Ahmedabad,,,,5.0,,,Australia
C2744,Priya,Male,,Chennai,2023-10-13,2023-01-04,,5.0,user2743@mail.com,,Australia
C2745,,Male,,Ahmedabad,2023-11-27,,,,,,India
C2746,Ravi,Female,,Kolkata,,2021-10-19,,,,,Canada
C2747,Ankit,Female,,Kolkata,2025-05-04,,,,,9566181817,India
C2748,,Female,64,Mumbai,,,,,,,Australia
C2749,Priya,Female,,Ahmedabad,2025-06-18,2024-02-21,,10.0,,9126358103,UK
C2750,Simran,Female,45,Chennai,,,,10.0,user2749@mail.com,,Australia
C2751,Priya,,57,Pune,,,1443.47,10.0,,,UK
C2752,Simran,Female,,Kolkata,,,,10.0,,9279877114,USA
C2753,Simran,,,Delhi,2024-02-01,,,,,9693464250,UK
C2754,Ravi,,,Kolkata,2022-09-28,2024-12-24,,,,,India
C2755,Kiran,Male,,Kolkata,,2020-08-09,,,user2754@mail.com,,
C2756,Rahul,,,Mumbai,2024-07-20,2025-12-17,,,,,India
C2757,Neha,Male,,Pune,2022-03-27,,695.96,3.0,,,Canada
C2758,Sneha,Female,,Kolkata,2023-11-06,2021-10-08,,,,,UK
C2759,Simran,Male,,Pune,2023-07-27,,,10.0,,,
C2760,Priya,Male,,Kolkata,,2021-01-13,4448.11,3.0,,9177648181,Australia
C2761,Neha,,62,Delhi,2021-10-27,2023-01-25,,10.0,,,Australia
C2762,,Female,,Chennai,2021-10-07,,,,,9789367889,India
C2763,Rahul,,,Mumbai,,,,5.0,user2762@mail.com,,Canada
C2764,Rahul,Male,46,Kolkata,,,,1.0,,9221160293,Australia
C2765,Amit,,,,,2025-08-03,,,,,USA
C2766,,,20,Pune,,,2882.25,,,,
C2767,Simran,Male,,Ahmedabad,,2025-06-16,4161.42,3.0,,,
C2768,Kiran,Male,,Hyderabad,2022-11-09,,,,,9310139902,
C2769,Amit,Female,18,Ahmedabad,,2021-12-10,,5.0,,9459176915,Canada
C2770,Priya,,,Mumbai,2025-08-06,,47.18,3.0,,9944703700,Australia
C2771,Priya,Male,,Kolkata,2024-03-24,,,5.0,,,UK
C2772,,,,Ahmedabad,2022-05-22,2023-10-10,3154.67,,user2771@mail.com,,UK
C2773,Pooja,Female,,Ahmedabad,2021-11-07,2023-05-18,,,,9835557183,UK
C2774,Kiran,Male,37,Pune,,,,2.0,user2773@mail.com,,
C2775,Simran,Female,45,Ahmedabad,2022-09-28,,,3.0,,,Canada
C2776,Ankit,Male,,Chennai,,,,,,,Australia
C2777,,,,Delhi,,,1426.54,,,,UK
C2778,,Female,,Delhi,,2024-12-02,,3.0,,,Australia
C2779,Rahul,,,Bangalore,2024-09-10,,1586.21,10.0,user2778@mail.com,,USA
C2780,,,,Ahmedabad,2023-08-18,2021-01-23,,,,,USA
C2781,Amit,Female,49,Hyderabad,,2025-08-08,,,,,UK
C2782,Neha,Female,,,2020-11-10,,,,,9854578377,Australia
C2783,Sneha,Male,,Delhi,,2020-10-04,,5.0,,,
C2784,Ravi,Female,,Bangalore,2021-04-29,2024-01-26,,,,9991269577,India
C2785,Priya,Male,,Hyderabad,,,,5.0,,9196505619,
C2786,Priya,Female,,Mumbai,2022-05-04,,,,user2785@mail.com,,USA
C2787,Ravi,,18,,,2023-01-04,,10.0,,,UK
C2788,Priya,,30,Ahmedabad,,,,,,9601208201,India
C2789,Pooja,Female,,Mumbai,2020-09-22,,,,user2788@mail.com,9482602087,Canada
C2790,Amit,Male,29,Delhi,2024-12-08,,,3.0,,,Australia
C2791,Priya,Female,,Pune,,2024-07-20,,4.0,,,Canada
C2792,Simran,Female,44,Pune,,,2416.33,3.0,user2791@mail.com,,Canada
C2793,,Female,,Bangalore,,2024-02-16,,2.0,,,UK
C2794,,Female,,Bangalore,2021-07-04,2024-06-09,,5.0,,,UK
C2795,,Male,,,2025-06-26,,,,,,Australia
C2796,Priya,Female,,Mumbai,,2021-04-01,,,,9488485262,India
C2797,Priya,Male,44,Chennai,2024-08-31,2022-07-08,45.07,10.0,,,Australia
C2798,Ankit,Female,,Kolkata,2022-02-07,2021-04-27,,10.0,user2797@mail.com,,
C2799,Ravi,Female,39,,2024-11-13,,,,,9179235616,UK
C2800,Pooja,Male,,Delhi,,,781.14,2.0,,,UK
C2801,Amit,Female,,Kolkata,2023-03-20,,3212.13,2.0,,,India
C2802,,Female,54,Hyderabad,,2022-03-07,,,user2801@mail.com,9968387632,Canada
C2803,Amit,Female,,Mumbai,,,,10.0,,9180060004,UK
C2804,Sneha,Male,,Chennai,2023-12-04,2024-10-23,,5.0,,,UK
C2805,Simran,,,,,2023-07-20,,,,,India
C2806,,Female,37,Mumbai,,,,,,,UK
C2807,Rahul,,,Chennai,,2021-04-10,,1.0,,,
C2808,,Male,,Ahmedabad,2025-05-07,2023-02-06,,,,,India
C2809,Amit,Male,,Ahmedabad,,2024-08-28,1141.75,,user2808@mail.com,,
C2810,Kiran,,,Kolkata,,2022-01-13,,2.0,,,
C2811,Simran,Female,49,,2023-07-19,,,5.0,,,UK
C2812,Ankit,,,Delhi,,,,,,,Australia
C2813,Ravi,Male,,,,,,,,,Canada
C2814,,Female,,Chennai,,2023-06-11,,2.0,,,
C2815,Priya,Male,,,,,,,,9998826529,India
C2816,Neha,,,Pune,,,246.52,,user2815@mail.com,,Canada
C2817,Kiran,Female,,Kolkata,,2022-05-06,,2.0,,,
C2818,Rahul,,,Pune,,,42.02,4.0,,,UK
C2819,Pooja,Male,44,Ahmedabad,,,,,user2818@mail.com,,
C2820,Simran,Male,,Kolkata,,2021-05-19,,,user2819@mail.com,,UK
C2821,Sneha,Male,,Bangalore,,,,,user2820@mail.com,9246375328,USA
C2822,Ravi,Female,,Ahmedabad,,,,,,,UK
C2823,Priya,Male,,Mumbai,2025-03-26,,4143.97,,,,UK
C2824,Ravi,Female,40,Delhi,2021-02-11,,,,,,India
C2825,Kiran,Male,,Delhi,2021-02-22,,197.61,,,,USA
C2826,Simran,,,Kolkata,2024-11-05,,,10.0,,9469526220,India
C2827,Neha,Male,,,2021-08-18,,,,,9463635413,UK
C2828,Priya,,,,,,305.17,10.0,user2827@mail.com,,
C2829,Priya,Male,,Bangalore,2020-09-12,,,3.0,,9137308358,UK
C2830,,,68,Mumbai,,2022-09-15,,3.0,,,India
C2831,Rahul,Male,,Kolkata,2021-12-01,,,10.0,,,Australia
C2832,Sneha,Female,,Hyderabad,2023-08-05,,,3.0,,,Australia
C2833,Pooja,Female,,Delhi,,,,10.0,,,
C2834,Simran,Male,54,Ahmedabad,,,,,,,
C2835,Simran,Female,,Delhi,,,,10.0,user2834@mail.com,,
C2836,Kiran,Male,,,,,,,,,India
C2837,Kiran,Male,,Mumbai,,,,10.0,,,USA
C2838,Neha,Female,,Delhi,2022-08-29,,,10.0,user2837@mail.com,,USA
C2839,,Female,,Kolkata,2024-06-22,,,,,,USA
C2840,Neha,Female,,,,,,,,9399460900,Australia
C2841,Pooja,Female,,Pune,2023-12-30,2021-05-22,2778.12,,user2840@mail.com,,UK
C2842,Kiran,Male,,Mumbai,2021-06-06,2025-03-08,,,,,USA
C2843,Ravi,Female,,Pune,2023-12-26,,,,,,Australia
C2844,Priya,Male,,Chennai,,,,,,,Canada
C2845,Kiran,Male,41,Pune,,,2709.18,,user2844@mail.com,,India
C2846,Amit,,,Hyderabad,,,,,,,Canada
C2847,Priya,Female,,Kolkata,,2022-08-12,,1.0,user2846@mail.com,,Canada
C2848,Simran,Female,48,Hyderabad,2021-09-14,,,10.0,,,UK
C2849,Rahul,,,Mumbai,,,,,,,USA
C2850,Priya,Female,,Kolkata,,2022-11-16,,,,,India
C2851,,Male,35,Delhi,,,,10.0,,,USA
C2852,Neha,,,Bangalore,,,,4.0,,9320074296,India
C2853,Ravi,Male,,Delhi,,,,3.0,,9312162464,India
C2854,Ravi,,,,,2021-10-04,,,,,Australia
C2855,Sneha,,,,2024-06-23,,,,,,Canada
C2856,Neha,Male,,Chennai,,,,10.0,user2855@mail.com,9139324398,
C2857,Ravi,,,Hyderabad,,2025-11-26,,3.0,,9419670760,USA
C2858,Pooja,Male,,,,2023-01-17,,10.0,,,India
C2859,Pooja,Male,25,Hyderabad,,2020-11-10,,10.0,,,
C2860,Neha,Female,,Ahmedabad,2024-11-09,,,3.0,user2859@mail.com,,India
C2861,Sneha,Male,,Kolkata,2025-08-26,,2085.06,2.0,user2860@mail.com,,USA
C2862,Priya,,,Delhi,,2023-05-31,,,,,
C2863,,,,Delhi,,2025-09-04,,10.0,,,USA
C2864,Ravi,,,Pune,2022-12-25,,,,,,Australia
C2865,Ankit,Male,44,Chennai,2025-04-01,2021-12-01,585.69,,,,UK
C2866,Simran,Female,,Hyderabad,2025-05-06,,,,,9790172981,USA
C2867,Sneha,Female,,Delhi,2023-12-28,2021-08-26,,10.0,user2866@mail.com,,Australia
C2868,Kiran,Female,,Chennai,,,,10.0,,,Canada
C2869,Simran,Male,,Pune,2023-04-24,,,,user2868@mail.com,9931701619,India
C2870,Pooja,Female,,Delhi,,,,10.0,,,UK
C2871,Neha,,,Kolkata,,2024-07-03,,,,9283130535,Australia
C2872,,,35,Ahmedabad,,,,,,,India
C2873,Simran,Female,,Ahmedabad,,,,,,,Australia
C2874,Ankit,Male,,Chennai,2023-03-26,2025-02-12,1033.93,,,9715909678,Canada
C2875,Neha,Male,,Ahmedabad,,,,10.0,,,USA
C2876,Priya,Male,58,Delhi,2023-12-25,2023-03-22,,,,,
C2877,Priya,,44,Hyderabad,2024-10-18,,678.09,10.0,,,
C2878,,Female,,Kolkata,2021-01-20,,,10.0,,,USA
C2879,Amit,Female,,,2022-10-02,,,1.0,,9757571402,Canada
C2880,Ankit,,,Chennai,,,,10.0,user2879@mail.com,9544715420,UK
C2881,,,65,Delhi,,2024-09-11,,1.0,,,UK
C2882,Neha,Male,,Ahmedabad,,,,5.0,,,Australia
C2883,,,18,Bangalore,2020-11-04,,,,,9528899112,Australia
C2884,Ankit,Male,63,Delhi,2021-09-21,,4309.07,1.0,user2883@mail.com,9203501460,India
C2885,Rahul,Female,18,,,,,3.0,user2884@mail.com,,Canada
C2886,Rahul,Male,,Pune,2025-02-04,2025-10-23,,,,,USA
C2887,Sneha,Female,,Pune,,,,10.0,user2886@mail.com,,India
C2888,Rahul,Male,,Pune,,,675.9,2.0,,9172900322,India
C2889,Ravi,,,Delhi,,,,10.0,,9881181189,USA
C2890,Ravi,Male,,Mumbai,2021-07-26,2024-01-01,,2.0,user2889@mail.com,,Australia
C2891,Sneha,,,Delhi,,2024-05-01,3672.82,,,,Australia
C2892,Neha,Female,,Hyderabad,2022-04-27,2025-01-30,,,user2891@mail.com,,Canada
C2893,Ravi,Female,30,Mumbai,2023-07-19,2020-12-06,,,,9258058428,UK
C2894,Ravi,Male,,Delhi,,2020-12-11,,2.0,user2893@mail.com,9521500934,UK
C2895,Ravi,,,Hyderabad,,2022-03-29,,,,9983583755,UK
C2896,Neha,Female,,Kolkata,,,1673.29,,,,Australia
C2897,,Male,38,Hyderabad,,2021-04-27,,1.0,,,Australia
C2898,Rahul,Female,20,Kolkata,2023-08-28,,,,,,Canada
C2899,Ankit,,,Kolkata,2023-06-25,,,,,,USA
C2900,,Male,,Ahmedabad,2024-09-30,,,2.0,,,UK
C2901,Priya,,,Chennai,2023-03-12,2023-02-28,381.4,,,9501019484,
C2902,Kiran,Male,,Delhi,,,,10.0,,,UK
C2903,Neha,Male,,Mumbai,,2021-02-21,,5.0,,,USA
C2904,Neha,Male,,Chennai,2022-04-04,,,,,9610970193,UK
C2905,,,,Delhi,,2023-05-31,,1.0,user2904@mail.com,9647447351,Australia
C2906,Rahul,,,Pune,,2023-12-12,,,,,Canada
C2907,Ravi,Male,59,Delhi,2025-07-15,,,,user2906@mail.com,9401299235,Australia
C2908,Rahul,Female,,Delhi,,,,,,9626079274,
C2909,,Male,,Ahmedabad,2025-02-23,2021-12-22,,10.0,,,USA
C2910,Ravi,,36,Mumbai,2022-02-21,,3192.7,10.0,user2909@mail.com,,Canada
C2911,Neha,Female,,Pune,,,,3.0,,,Australia
C2912,Pooja,Male,32,Hyderabad,2022-11-23,2024-02-19,,,,9359927850,India
C2913,Ravi,Male,,Kolkata,2025-01-13,2023-01-06,,,user2912@mail.com,,Australia
C2914,Kiran,Female,,Kolkata,,,,,,,Canada
C2915,Simran,Male,,,2025-05-06,,,,,,India
C2916,Priya,,,Delhi,,,,10.0,,9544866381,USA
C2917,Ravi,Female,,Delhi,,,,,,9980254978,USA
C2918,Ravi,Female,,Delhi,2022-10-18,,,3.0,user2917@mail.com,,UK
C2919,,Male,,Pune,,,,,,,UK
C2920,Ravi,Female,,Pune,2023-06-08,2024-05-02,,,,,
C2921,Amit,,,Kolkata,,,,5.0,user2920@mail.com,,Australia
C2922,Priya,,27,Chennai,2023-06-10,2025-09-02,,10.0,,,India
C2923,Ravi,Male,,Ahmedabad,,,,,user2922@mail.com,,India
C2924,Sneha,Female,,Mumbai,2021-03-20,,,,,,Canada
C2925,Ravi,,64,Kolkata,2025-12-22,,,,,,
C2926,Neha,Female,,Mumbai,2023-03-01,,,10.0,user2925@mail.com,,USA
C2927,,Female,,,2021-04-16,2024-02-05,,,user2926@mail.com,,UK
C2928,Pooja,Female,,Chennai,,,4206.93,,,9399416352,Australia
C2929,Ankit,Female,18,Ahmedabad,,,4075.32,,,,India
C2930,Kiran,,,Hyderabad,,2023-08-29,,4.0,,,India
C2931,Neha,Male,,Hyderabad,2023-01-14,,,3.0,,,Canada
C2932,,Female,,Bangalore,,,,,,,Australia
C2933,Amit,Female,,,2025-11-29,2023-05-22,,,,,Canada
C2934,,,,Ahmedabad,,2020-12-12,,,,9496394994,Australia
C2935,Priya,,,Pune,,2024-10-23,,,user2934@mail.com,,
C2936,Sneha,Male,32,Kolkata,2022-05-25,,836.38,,,,Canada
C2937,Rahul,Female,,Kolkata,,,,4.0,user2936@mail.com,9782630007,USA
C2938,Ankit,Female,,Hyderabad,2025-01-17,,,10.0,,,Australia
C2939,Ankit,,,Bangalore,2023-05-15,,,,,,USA
C2940,Neha,Male,,Chennai,2023-01-30,2022-07-28,,1.0,,9159233580,USA
C2941,Rahul,Female,,Kolkata,2022-12-21,2022-10-03,901.64,,,,
C2942,Kiran,Male,,Bangalore,,2023-02-23,811.92,,,,
C2943,Rahul,,,Mumbai,,,,,,,UK
C2944,Simran,,,Ahmedabad,,,,10.0,,,
C2945,Priya,,,Mumbai,2023-09-17,,,,,,India
C2946,,Male,,Bangalore,2022-03-18,2022-10-29,4626.98,1.0,user2945@mail.com,9745430166,Australia
C2947,Ankit,Male,20,Mumbai,,,,,,,
C2948,Sneha,Female,52,Chennai,2024-11-04,,4467.26,2.0,,,India
C2949,Kiran,Female,,Ahmedabad,2022-03-09,2022-09-02,,10.0,user2948@mail.com,,Australia
C2950,Pooja,Male,47,Delhi,,2020-12-06,,,,,USA
C2951,Neha,Female,,,,,,10.0,,,UK
C2952,,,,Chennai,2022-12-19,,,,,,USA
C2953,Kiran,,,Mumbai,,2025-08-04,,,,,USA
C2954,Ravi,Female,,,,,,,,,USA
C2955,Neha,Female,69,,2023-11-03,,,10.0,user2954@mail.com,,Australia
C2956,Kiran,Male,,Ahmedabad,,,,,user2955@mail.com,,India
C2957,Ravi,Female,,Ahmedabad,2020-08-27,2025-12-04,,10.0,user2956@mail.com,,USA
C2958,Simran,,,Pune,2025-09-22,2024-05-26,,,,,
C2959,Amit,Male,,Ahmedabad,,2024-12-23,,10.0,user2958@mail.com,,
C2960,Neha,,,Pune,,,,10.0,,,
C2961,Amit,Female,,Chennai,,,,10.0,,,Canada
C2962,Kiran,Female,,Pune,,2025-07-16,,10.0,user2961@mail.com,9779026976,USA
C2963,,Female,49,,2021-09-25,,,,user2962@mail.com,,
C2964,Amit,,,Chennai,2024-03-22,2023-05-11,,,user2963@mail.com,,India
C2965,Ravi,Female,,Chennai,,2021-03-01,4097.76,,,,Australia
C2966,Pooja,Female,,Bangalore,,,,5.0,user2965@mail.com,,
C2967,Ravi,Female,39,Mumbai,2020-10-19,,,,,,Canada
C2968,Priya,Male,,Hyderabad,2022-07-04,2022-11-22,,,,,UK
C2969,Priya,Female,64,Bangalore,2021-04-10,2025-10-18,,5.0,user2968@mail.com,,UK
C2970,,Female,,Mumbai,2023-11-06,,,4.0,,,India
C2971,Rahul,Male,,Hyderabad,2026-01-15,,841.97,10.0,,,India
C2972,Simran,Male,,Bangalore,,,4038.94,,,,UK
C2973,,Male,49,Bangalore,2024-11-07,,2614.41,3.0,user2972@mail.com,,Australia
C2974,Neha,Male,,,2025-08-16,,2122.95,10.0,,9973179681,India
C2975,Rahul,Female,28,Bangalore,,,,10.0,user2974@mail.com,,Australia
C2976,Ravi,Male,68,Mumbai,2025-12-09,,,3.0,user2975@mail.com,,Canada
C2977,Rahul,Male,,Mumbai,,,3415.38,2.0,,,UK
C2978,,Female,,,2024-10-30,,,3.0,,,UK
C2979,Rahul,Female,,Hyderabad,,2023-12-13,,,user2978@mail.com,,Australia
C2980,Neha,Female,35,,2022-03-02,,2570.76,,,9802228021,Canada
C2981,Kiran,Male,57,,,2022-02-16,,10.0,,,USA
C2982,Priya,Male,,,,2023-04-26,,,,,India
C2983,Pooja,Female,,Bangalore,,,,10.0,,,India
C2984,Kiran,,,Ahmedabad,,,,10.0,,,Australia
C2985,Pooja,,,Pune,,,,,,,UK
C2986,,,,Chennai,,2022-01-20,,10.0,,,USA
C2987,Kiran,,,Kolkata,,,3335.32,,user2986@mail.com,,Canada
C2988,Simran,,,Pune,2022-05-26,,2712.94,10.0,,9177777962,Canada
C2989,Simran,Female,,Ahmedabad,2023-10-02,2025-07-03,,10.0,,9860170624,UK
C2990,Rahul,,,Mumbai,2021-01-30,,1935.06,3.0,,,
C2991,Amit,Female,41,Bangalore,2025-11-10,2022-02-07,,1.0,,,UK
C2992,Pooja,,,Pune,2023-02-15,,2249.55,,,,India
C2993,Rahul,Male,,Kolkata,2022-08-31,,3541.94,,,,Australia
C2994,Amit,,,Ahmedabad,,2024-02-10,510.86,,,9774367398,
C2995,Sneha,Female,,Bangalore,,2024-01-20,,5.0,,,Canada
C2996,Priya,Female,,,2020-09-11,2022-02-11,797.59,,,9155728371,Australia
C2997,Pooja,Male,,Mumbai,2024-07-14,,,,,,USA
C2998,Neha,Female,51,Bangalore,2022-08-28,,,,,9383213134,USA
C2999,Simran,Female,,Pune,,,4386.46,,,,Australia
C3000,Priya,Female,61,Kolkata,2023-01-24,,,,user2999@mail.com,,Canada
C3001,,Female,,Hyderabad,2021-12-11,,,,user3000@mail.com,9410781977,UK
C3002,Neha,,38,,2023-12-19,,,1.0,user3001@mail.com,,
C3003,,Male,40,Mumbai,2020-09-13,,,5.0,,,Canada
C3004,Ankit,,,,2022-09-28,2022-08-12,,,user3003@mail.com,9573574190,USA
C3005,Kiran,,20,Mumbai,,,,2.0,,,Australia
C3006,Kiran,Male,,Ahmedabad,,2025-08-05,,2.0,,,USA
C3007,Priya,Female,35,Chennai,,2022-04-30,,5.0,,,Australia
C3008,Priya,Male,,Hyderabad,,,,,,,
C3009,,,,Mumbai,,,3105.14,10.0,,9431166329,UK
C3010,Rahul,,,Chennai,,,,10.0,user3009@mail.com,,UK
C3011,,Male,,,2021-06-08,2023-09-23,,10.0,,,India
C3012,Ankit,Female,,,2024-02-11,,,10.0,,,Canada
C3013,,Female,,,,2024-04-20,2154.39,,user3012@mail.com,,Australia
C3014,Ravi,Male,,Delhi,2023-01-07,,,3.0,,9545919114,Australia
C3015,Rahul,,,Ahmedabad,2024-04-06,,,,,,Australia
C3016,Ravi,Male,,Hyderabad,2021-10-19,,,1.0,,,
C3017,Priya,Male,,Kolkata,2021-04-29,,,,user3016@mail.com,,
C3018,,Male,34,,2023-07-13,,,10.0,,,Canada
C3019,Simran,Male,,,,,,2.0,,,USA
C3020,Simran,,,Ahmedabad,2025-04-03,,,3.0,,,
C3021,Simran,Female,,Bangalore,2021-01-24,2021-01-02,,3.0,,,Canada
C3022,Amit,Female,,Pune,,2024-10-09,1473.36,,user3021@mail.com,,Australia
C3023,,Male,,Kolkata,2024-08-11,2025-03-19,3562.99,,,,UK
C3024,,Male,,Ahmedabad,,2022-09-24,1753.34,,user3023@mail.com,,
C3025,Ravi,Female,,Hyderabad,2023-04-13,,,3.0,user3024@mail.com,,Australia
C3026,,,,Mumbai,2024-11-18,2025-01-11,98.25,10.0,,9967391393,UK
C3027,Kiran,Female,,Mumbai,,,2468.75,,,9559856865,UK
C3028,Ankit,Male,,Chennai,2025-04-02,,2569.83,,,9343999627,India
C3029,Ravi,Male,,Mumbai,2021-08-17,,,4.0,,9753771287,USA
C3030,,,,Ahmedabad,,2024-10-08,,,user3029@mail.com,9295975252,UK
C3031,Ankit,,,Mumbai,2023-04-30,,633.0,,user3030@mail.com,9102288660,USA
C3032,,,,Ahmedabad,,2021-11-17,,,,,India
C3033,Rahul,,,Ahmedabad,,2024-08-27,,,,,
C3034,,Male,32,Chennai,2023-09-24,,294.58,,,,USA
C3035,Priya,Female,,Bangalore,,2024-08-21,,,user3034@mail.com,,USA
C3036,Amit,Female,37,Hyderabad,,,1967.67,10.0,,,USA
C3037,Simran,Male,,Pune,,,,5.0,,9793858571,
C3038,Simran,,,Bangalore,2022-02-14,2020-11-08,3982.93,,,,Canada
C3039,Sneha,,30,Pune,2026-01-09,,,4.0,,9729022571,India
C3040,,Male,,Ahmedabad,2022-08-05,,953.09,,,,UK
C3041,Kiran,Female,42,Ahmedabad,2025-08-22,,,,,,UK
C3042,,Male,58,Hyderabad,2021-09-17,,,10.0,,,
C3043,Amit,Male,,Delhi,,,4836.29,10.0,,,India
C3044,Priya,Male,,Pune,2025-03-16,2024-11-23,3320.85,,,9588778162,India
C3045,,Male,,Bangalore,,,,,,,UK
C3046,Ankit,,,Hyderabad,,2021-07-12,,10.0,,9789932533,India
C3047,Amit,Female,,Hyderabad,,,,,,,UK
C3048,Neha,Male,,Pune,,,,2.0,,,
C3049,Pooja,Female,,Bangalore,,,,10.0,user3048@mail.com,,India
C3050,Ankit,Male,,Pune,,2023-08-10,,10.0,,9456188177,USA
C3051,,Female,,Chennai,,,,5.0,,,India
C3052,Neha,Female,,Pune,2026-01-23,2024-02-02,,,,,Canada
C3053,,Female,,Hyderabad,,,1144.9,,user3052@mail.com,,Australia
C3054,Priya,Male,,Kolkata,,,,10.0,,,UK
C3055,Ravi,Male,,Chennai,,2021-02-04,,,,,Australia
C3056,,Male,37,Hyderabad,2026-01-14,2022-10-03,,1.0,,,Australia
C3057,Amit,Male,,Chennai,,2022-10-18,,,,,USA
C3058,Sneha,Male,,Mumbai,2024-11-26,,,,,,UK
C3059,Ravi,Female,,Delhi,2022-10-09,2024-03-22,,,,,Canada
C3060,Pooja,Male,44,Pune,,,,4.0,user3059@mail.com,,UK
C3061,,Male,,Ahmedabad,,2021-04-03,4120.04,,,,India
C3062,Rahul,Male,30,Delhi,,,,,,9292957701,UK
C3063,,Female,,,2022-08-17,2023-08-29,,4.0,user3062@mail.com,,USA
C3064,,,69,Ahmedabad,2024-10-02,,,,,,Australia
C3065,Simran,,,Mumbai,,,3182.31,2.0,,9317692327,
C3066,Ankit,Female,36,Bangalore,,,,,,,USA
C3067,Ankit,Female,,Pune,,2020-09-22,4420.42,,,,Australia
C3068,Sneha,Female,,Kolkata,2021-04-15,,3900.07,,,9861581604,USA
C3069,Neha,Male,49,Pune,,2023-07-20,2955.95,,,,USA
C3070,,,,Hyderabad,,,,,,9600391787,India
C3071,Ravi,Male,47,Mumbai,,2022-01-31,,5.0,,,UK
C3072,Sneha,Female,,Hyderabad,,,,3.0,,9728400525,India
C3073,Amit,Female,,Pune,,,92.53,,,,Canada
C3074,Ravi,Male,,Kolkata,,,,10.0,,,Australia
C3075,Amit,Male,43,Delhi,,,,3.0,user3074@mail.com,,India
C3076,Ankit,Female,,Hyderabad,,2024-11-13,,,,,Canada
C3077,Ankit,Male,,Ahmedabad,2020-09-17,,1939.42,,user3076@mail.com,,Canada
C3078,Pooja,,,Delhi,,,,,,,USA
C3079,Priya,Female,,Chennai,2025-04-22,,,5.0,,,Australia
C3080,Simran,Female,30,Bangalore,,2022-04-26,,,,,USA
C3081,Pooja,Female,,Hyderabad,2023-09-18,,,,,,Canada
C3082,Sneha,Female,,Kolkata,2022-11-08,,,,user3081@mail.com,9490898925,
C3083,Pooja,Female,42,,,2024-12-20,,,,,UK
C3084,Pooja,Female,28,Pune,,2025-12-29,,,user3083@mail.com,,UK
C3085,Sneha,Male,,Delhi,,,,,user3084@mail.com,,Canada
C3086,Neha,Male,41,Bangalore,2023-03-03,2024-11-29,4034.72,4.0,,,USA
C3087,Priya,,,,,,3296.93,3.0,user3086@mail.com,,
C3088,Sneha,Male,,Pune,2025-08-17,2021-11-10,4992.32,1.0,,,
C3089,Priya,Female,24,Mumbai,2022-07-13,,,10.0,,,Canada
C3090,Amit,Male,,Chennai,2022-09-16,,,,,9290503071,Australia
C3091,Neha,,,Delhi,2024-09-14,2024-08-21,,,,,Canada
C3092,Simran,Male,,Ahmedabad,,,,10.0,,,USA
C3093,Kiran,Male,,Kolkata,2025-12-29,,,10.0,,,UK
C3094,Priya,Male,,Mumbai,2024-08-01,,10.31,,,,India
C3095,Sneha,Female,,Bangalore,2023-11-12,2023-09-15,,,,,USA
C3096,Amit,,,Hyderabad,2021-12-12,,,,,,UK
C3097,,Female,,Kolkata,2021-08-09,2025-02-27,,10.0,,,USA
C3098,Ankit,Male,,Mumbai,,,,3.0,,,Canada
C3099,,Female,,Bangalore,2023-03-28,,,10.0,,,
C3100,Sneha,Female,34,Bangalore,,,,1.0,,,USA
C3101,Simran,,,Chennai,2022-06-27,,,,,,Australia
C3102,,Female,,Hyderabad,,,4837.06,,,,Canada
C3103,Sneha,Male,,Delhi,,2021-04-06,,1.0,,9541412990,Canada
C3104,Pooja,Female,,Delhi,,,,,,,Australia
C3105,Kiran,Male,,Pune,2023-08-14,2023-06-02,2452.95,5.0,,,
C3106,,Male,41,Ahmedabad,2024-05-15,2023-10-21,,1.0,,,
C3107,Neha,Female,,Hyderabad,2023-07-21,2022-06-09,,,,,UK
C3108,Neha,Male,,Bangalore,,,318.1,3.0,,9821572817,India
C3109,,Female,43,,,,,4.0,,,UK
C3110,Neha,Female,56,Pune,,2023-04-30,3787.77,10.0,,9118606757,UK
C3111,Ankit,Male,,Pune,2023-05-22,2021-03-01,,10.0,,,Canada
C3112,Pooja,,,,,2025-01-05,4301.25,10.0,,,UK
C3113,Rahul,Female,25,Pune,,2025-10-17,,,,,India
C3114,Priya,Female,,Pune,2023-07-25,,1664.52,1.0,user3113@mail.com,9435460977,
C3115,Kiran,Male,43,Ahmedabad,,2021-10-24,,5.0,user3114@mail.com,,Australia
C3116,Ankit,Female,,Delhi,2020-12-01,2025-07-07,,,,,
C3117,Priya,Female,,Chennai,2025-06-18,2024-07-02,,2.0,user3116@mail.com,,
C3118,Pooja,Male,49,Pune,,2022-06-07,,,,,Australia
C3119,Amit,,,,,,,,,,Canada
C3120,,,,Hyderabad,,2021-03-06,,10.0,,,Australia
C3121,Amit,Female,,,2023-09-08,,,10.0,,,UK
C3122,Kiran,,,Delhi,,2023-05-06,800.37,,,,
C3123,Rahul,,55,Kolkata,2024-08-09,,,,,,India
C3124,Sneha,Male,,Mumbai,,2024-03-10,927.31,1.0,,9240687824,
C3125,Sneha,,60,Mumbai,,,,,,,Canada
C3126,Priya,Male,,Ahmedabad,,2022-07-13,,10.0,,,UK
C3127,Sneha,Female,,Bangalore,,,,,,,UK
C3128,,Female,,Hyderabad,2023-05-16,2022-11-20,,,,,UK
C3129,Pooja,Female,,Hyderabad,2023-07-04,2025-09-02,,10.0,,9679195446,UK
C3130,Amit,Female,,Mumbai,,2021-11-12,,10.0,,,Australia
C3131,,,,Bangalore,2021-10-05,,,,,9848984060,Australia
C3132,Pooja,Female,,Delhi,2021-01-14,,866.15,,,9402348348,UK
C3133,Rahul,Female,26,Pune,,2024-08-18,,10.0,,,UK
C3134,Simran,,49,Mumbai,,,,10.0,,,USA
C3135,Neha,Male,49,Hyderabad,,,,,,,Canada
C3136,Sneha,Female,,Chennai,,,1675.42,,,9377446611,Canada
C3137,,Female,,Delhi,,2025-01-04,1974.76,10.0,,,India
C3138,Kiran,Male,,Bangalore,,2023-01-14,,,,,Australia
C3139,Amit,Female,,Kolkata,,,,10.0,,,USA
C3140,Sneha,Female,52,,2023-02-06,,176.98,10.0,,,UK
C3141,Rahul,Male,,Bangalore,,,4507.0,,user3140@mail.com,,Australia
C3142,Rahul,,51,Mumbai,,,2769.97,10.0,,9166252879,
C3143,Kiran,Male,,Chennai,2021-03-01,2021-09-29,,10.0,,,
C3144,Neha,Male,,Hyderabad,2024-01-29,,,10.0,,9798840265,
C3145,,Female,41,Kolkata,2023-01-31,2022-12-21,,,,,
C3146,Kiran,Female,,Ahmedabad,2024-05-27,,,,,,Canada
C3147,,,21,Chennai,2025-05-16,,,,,,Canada
C3148,Ravi,,65,Hyderabad,2023-10-30,,,,,9826156710,Canada
C3149,Pooja,Male,70,Kolkata,,,,,,9766465062,USA
C3150,Rahul,,,Chennai,,,,2.0,user3149@mail.com,9219503118,India
C3151,Sneha,Male,,,,2024-12-11,2469.79,,user3150@mail.com,,India
C3152,,Female,,Kolkata,,,,,,9102346536,UK
C3153,Simran,Female,,Kolkata,,,,10.0,,9677133083,UK
C3154,,,,Pune,2024-11-07,,3966.39,4.0,,,India
C3155,Neha,Female,,Hyderabad,,2024-08-25,,1.0,,,Canada
C3156,Priya,Male,,Delhi,2024-12-28,,1011.03,,,,UK
C3157,Ravi,,,Mumbai,2022-05-23,2023-10-26,1870.52,10.0,,9775334008,
C3158,Sneha,,,Chennai,,,,10.0,user3157@mail.com,,Canada
C3159,,Male,,Bangalore,,,,10.0,user3158@mail.com,,Australia
C3160,Simran,Male,,Mumbai,2024-05-25,,,10.0,,,USA
C3161,,,51,Bangalore,,,,,,9141058945,USA
C3162,Neha,Male,,Mumbai,2025-09-23,2023-12-17,3103.42,10.0,,,Australia
C3163,,Female,,Hyderabad,,,,,,9323633755,UK
C3164,Rahul,Female,,Kolkata,2023-08-28,2020-09-11,,,,,Australia
C3165,Amit,Male,,Ahmedabad,,,,,,,USA
C3166,Ravi,,,Hyderabad,2022-09-17,,,10.0,,,USA
C3167,Ankit,Female,,Chennai,,,,1.0,,9982756467,Australia
C3168,Priya,,,Kolkata,,2020-10-23,,1.0,,,Canada
C3169,,Female,,,2021-06-21,,,10.0,,,UK
C3170,Ravi,Male,,Ahmedabad,,,,10.0,,,Australia
C3171,Ravi,Female,,Ahmedabad,,,2388.78,,,,UK
C3172,Neha,Female,,Pune,,2021-06-20,,,,9104065505,
C3173,Simran,Male,,Pune,2020-11-20,,1357.66,,,,UK
C3174,Neha,,,Hyderabad,2025-06-08,,,10.0,,9127996824,Canada
C3175,Priya,Male,,Hyderabad,,,,3.0,,,
C3176,Ravi,Female,,Delhi,,,4068.17,5.0,,,Canada
C3177,Rahul,,,Ahmedabad,2022-03-29,,3769.87,,,,USA
C3178,Kiran,Male,,Hyderabad,2020-09-15,,,,user3177@mail.com,,Canada
C3179,Amit,Male,25,Bangalore,,2022-06-14,,,,,
C3180,Neha,Female,,Ahmedabad,2024-11-21,,2094.51,,user3179@mail.com,,
C3181,Ravi,,43,Chennai,,2020-10-21,,10.0,user3180@mail.com,,Canada
C3182,Pooja,Female,,,,,,10.0,,9710426285,Australia
C3183,Ankit,,29,Bangalore,2025-07-24,,,,user3182@mail.com,,Canada
C3184,Pooja,Male,,Hyderabad,,,,,,,Canada
C3185,Kiran,Female,,Bangalore,,2025-09-25,,10.0,user3184@mail.com,,Canada
C3186,Neha,Female,69,Pune,2023-04-27,2025-03-16,,,,,USA
C3187,Neha,,22,Mumbai,2023-12-20,,,3.0,,,Canada
C3188,Rahul,Male,,Delhi,2024-08-07,,3942.99,,,9869682013,Australia
C3189,Priya,Male,,Hyderabad,,,,,,,USA
C3190,Simran,Female,,Delhi,,2021-04-01,,3.0,,9635344155,
C3191,Kiran,Male,,Mumbai,,,,,,9761470362,India
C3192,Rahul,Female,,Delhi,2024-01-14,,,10.0,,,UK
C3193,Neha,Female,,Mumbai,,,915.11,10.0,,,
C3194,Kiran,Female,59,Pune,2025-11-14,,,,,9735432280,USA
C3195,,Male,,Kolkata,2023-01-28,,3957.82,5.0,,9202866435,Canada
C3196,Neha,,,Kolkata,,,,10.0,,9659874668,India
C3197,,Male,,Chennai,,2025-08-13,,,user3196@mail.com,,USA
C3198,Kiran,Male,,,,2025-09-10,4300.64,3.0,,,India
C3199,Amit,Female,,Ahmedabad,,,711.22,,,,India
C3200,Pooja,Female,,Bangalore,2022-12-06,,,10.0,user3199@mail.com,,USA
C3201,Amit,Male,,,2020-11-25,,,,user3200@mail.com,,UK
C3202,Neha,Male,19,Hyderabad,,2021-04-19,,10.0,,,India
C3203,Simran,,34,Bangalore,2022-06-12,,,1.0,user3202@mail.com,,Canada
C3204,,Female,,Pune,2024-07-01,,643.18,3.0,,9589749618,USA
C3205,,Male,,Bangalore,,,,10.0,,,India
C3206,Priya,,,,2024-12-06,2022-08-14,,10.0,,,India
C3207,,Female,,Pune,2023-11-21,,,5.0,user3206@mail.com,,Australia
C3208,Sneha,,,Kolkata,2021-03-08,,,,user3207@mail.com,9104066267,UK
C3209,Sneha,,,,,,,,,,Canada
C3210,Sneha,Male,,Delhi,2023-03-15,,,,,,
C3211,,Male,,Kolkata,2025-01-21,2022-12-25,,,,,Canada
C3212,Priya,Female,,Hyderabad,,,,10.0,,,Canada
C3213,Ankit,Female,,Bangalore,,,510.72,,,9727557355,
C3214,Sneha,Female,,Delhi,2023-08-04,,,10.0,,9173441388,USA
C3215,Simran,,,Mumbai,,,,4.0,,,UK
C3216,Rahul,Male,60,Pune,2022-04-04,2023-11-30,,5.0,user3215@mail.com,9500624377,USA
C3217,Pooja,Male,,Bangalore,2021-05-22,,3749.78,2.0,,,India
C3218,Priya,Male,19,Ahmedabad,2022-11-08,,,,,,
C3219,Sneha,Male,53,Pune,2025-02-03,,,2.0,,,UK
C3220,Sneha,Female,,Kolkata,2020-11-18,,1489.83,4.0,,,Australia
C3221,Rahul,Male,,Hyderabad,,,,,,,
C3222,,Male,,,,2022-07-01,230.95,1.0,user3221@mail.com,,
C3223,Neha,Male,,Bangalore,,,,2.0,,,USA
C3224,,Male,,Ahmedabad,,2020-08-16,,3.0,,,USA
C3225,Rahul,Female,,Chennai,,2022-08-27,3487.32,1.0,,9216711177,
C3226,Simran,Female,,Ahmedabad,2021-03-10,,,,,,Australia
C3227,Rahul,Male,66,,,,,2.0,,,
C3228,,Female,,Mumbai,,,,,,,India
C3229,Priya,Male,,Chennai,2024-06-25,,,4.0,,,India
C3230,Rahul,Female,26,Ahmedabad,,,,10.0,,,
C3231,Amit,Female,,Pune,2021-04-07,2022-09-23,,,,,India
C3232,Kiran,Male,,Hyderabad,2024-12-04,2024-06-25,,,,9644458339,Canada
C3233,Ravi,Male,,Chennai,2025-09-01,,3929.08,,,,
C3234,Pooja,,,Delhi,,,,10.0,,,India
C3235,,Female,,Kolkata,2024-02-27,2025-05-12,,10.0,,9700784943,India
C3236,,Female,19,Mumbai,2023-11-01,,,3.0,,9410135948,India
C3237,Amit,,,Kolkata,,2024-08-26,,2.0,,,USA
C3238,Neha,Female,,,,,2219.59,4.0,,,Australia
C3239,Neha,Male,,Hyderabad,,,,,,9754626940,USA
C3240,Neha,,,,,,4221.85,10.0,,,
C3241,Priya,Male,,Mumbai,2024-11-17,,,10.0,,,USA
C3242,Rahul,,,Bangalore,,,4956.77,3.0,,,Canada
C3243,Sneha,Female,52,Ahmedabad,2021-04-20,2023-12-08,,10.0,,9100236187,
C3244,Pooja,,,,2021-11-28,,,10.0,,,Canada
C3245,Pooja,Male,,Bangalore,2025-06-02,2021-11-12,,,user3244@mail.com,,Australia
C3246,Kiran,Female,,Pune,2020-09-28,,,,,,Australia
C3247,Neha,Male,,Pune,2022-11-07,,,2.0,,9367623382,India
C3248,Priya,Male,62,Bangalore,2024-12-23,,,10.0,,9316734556,UK
C3249,Ravi,Female,,Hyderabad,,,,,,,India
C3250,Simran,Male,33,Hyderabad,2023-01-20,,688.65,,,9878357176,USA
C3251,Ravi,Female,53,Chennai,2020-12-03,,,,,,Australia
C3252,,,,Ahmedabad,,,,10.0,,,USA
C3253,Ankit,,,Pune,2026-01-14,,,10.0,user3252@mail.com,,USA
C3254,Neha,Male,,Delhi,2022-02-13,,,10.0,,,India
C3255,Kiran,,,Delhi,,,,,user3254@mail.com,,Canada
C3256,Rahul,Male,,Pune,,2021-05-13,,5.0,,,USA
C3257,Rahul,Female,,Kolkata,2025-06-30,,,10.0,user3256@mail.com,9164656978,India
C3258,,,,Mumbai,,,,10.0,,,USA
C3259,Simran,Female,34,Mumbai,,2024-01-30,227.43,,,,Canada
C3260,,,,Bangalore,2021-11-02,,253.48,2.0,,,
C3261,Neha,Female,67,Hyderabad,,,,10.0,,,Canada
C3262,,Male,34,Ahmedabad,,,,5.0,,,Canada
C3263,Priya,Male,,,2024-04-07,2022-03-08,4482.09,,,,Canada
C3264,,Male,,Mumbai,2021-08-18,,930.7,10.0,user3263@mail.com,,
C3265,Neha,Female,40,Delhi,2025-06-29,,,10.0,user3264@mail.com,,USA
C3266,Kiran,,,Ahmedabad,2021-04-21,,,5.0,,9909110888,
C3267,Priya,Male,,,2021-02-11,,,2.0,,,UK
C3268,Sneha,,69,Hyderabad,,,,1.0,,,
C3269,Kiran,Female,51,Ahmedabad,2021-03-17,2025-09-28,4862.87,10.0,,,India
C3270,Ankit,Female,,Chennai,2020-08-30,2021-06-05,3061.26,,user3269@mail.com,,India
C3271,,,,Ahmedabad,,,1904.01,,,,Australia
C3272,Amit,,19,,2024-09-11,,1888.88,,,,Canada
C3273,Amit,Female,20,Pune,2025-05-30,,,5.0,,,UK
C3274,,Female,,Mumbai,2025-03-23,2022-03-06,,5.0,user3273@mail.com,,UK
C3275,Kiran,Female,,Delhi,2021-01-09,,,10.0,,,Canada
C3276,Sneha,Female,,Hyderabad,2022-10-05,,,10.0,,,UK
C3277,Neha,,,Mumbai,,,,10.0,,,Canada
C3278,Neha,,,Ahmedabad,2021-08-27,2023-11-14,,10.0,,,Australia
C3279,Neha,Male,44,Hyderabad,2022-10-02,2021-02-18,,10.0,user3278@mail.com,,UK
C3280,Pooja,,,Bangalore,2025-06-24,2022-12-01,,10.0,,,UK
C3281,Priya,Male,,Hyderabad,2023-02-21,2020-10-14,,4.0,,9999498711,India
C3282,,,33,Bangalore,,,,,,9185817856,USA
C3283,Sneha,,,Kolkata,,,,,,,USA
C3284,Rahul,Male,,Delhi,,2021-08-31,376.69,,,,Canada
C3285,Pooja,,,Ahmedabad,2021-12-18,,,,user3284@mail.com,9711620645,Canada
C3286,Sneha,Male,,Mumbai,2025-11-21,,,5.0,,9883611318,USA
C3287,Simran,,38,Hyderabad,,,,,,,Canada
C3288,Rahul,Male,30,Hyderabad,,,,10.0,user3287@mail.com,9542871663,UK
C3289,Priya,Female,,Delhi,,2022-08-02,,10.0,,9412544927,Canada
C3290,Priya,Female,,Mumbai,,,,,,,USA
C3291,Priya,Male,,Mumbai,2022-10-06,,,10.0,,9671015129,USA
C3292,Priya,Female,,Pune,,2022-08-14,,4.0,,,UK
C3293,Pooja,,,Bangalore,,,1633.16,2.0,,,India
C3294,Ankit,,,Delhi,,,,,,,
C3295,Neha,Male,,Chennai,2024-08-30,,,,,9301804114,
C3296,Neha,,,Pune,2025-10-22,2022-05-28,,,,,USA
C3297,,Female,,Kolkata,,2022-03-11,,10.0,user3296@mail.com,,USA
C3298,Neha,Male,39,Bangalore,,2025-05-14,,,,9449990908,USA
C3299,Sneha,,,Hyderabad,,,3619.45,10.0,,,
C3300,Ankit,Male,,Kolkata,,2022-06-16,2803.81,,,,UK
C3301,Ankit,,,Pune,,2022-02-09,,,,,UK
C3302,Rahul,Male,50,Kolkata,,,,,,,UK
C3303,Rahul,Female,,Bangalore,,2021-03-16,,,,9437326416,UK
C3304,,,56,Ahmedabad,,2021-11-13,,,,9843552089,UK
C3305,Ravi,Male,47,Delhi,2022-06-16,,,,,,
C3306,Neha,Female,,Pune,2023-01-30,,,10.0,user3305@mail.com,,Canada
C3307,Kiran,,51,,2024-10-07,,,,,,Canada
C3308,Kiran,,45,Ahmedabad,2025-10-07,,462.14,,,,Australia
C3309,,,33,Delhi,2022-07-02,,3064.63,10.0,,,India
C3310,Kiran,,,,2023-05-14,,1755.33,,,,Australia
C3311,Neha,Female,,Bangalore,,,,,,9840131449,Australia
C3312,Sneha,Female,,Pune,,,4514.08,4.0,,9883801497,
C3313,Amit,Male,,Chennai,,,,,,,
C3314,,Male,60,Pune,,2025-09-09,,5.0,,,USA
C3315,Pooja,Female,,Hyderabad,,,1053.8,3.0,user3314@mail.com,9904426295,UK
C3316,Rahul,,,Delhi,2022-03-19,,,,,9952481842,Canada
C3317,Rahul,,,Bangalore,2024-06-20,,,,,,Canada
C3318,Amit,Male,,,2023-03-28,,,10.0,,9432995703,Australia
C3319,Amit,Female,,Bangalore,,2025-06-04,,,user3318@mail.com,,India
C3320,Ankit,Female,,Chennai,2023-06-02,,,1.0,,,Australia
C3321,Sneha,,,Hyderabad,,,,,user3320@mail.com,,USA
C3322,Priya,Female,57,Hyderabad,2023-07-20,,3885.49,,,,USA
C3323,Neha,,,,2024-02-10,2020-09-07,,2.0,user3322@mail.com,,
C3324,Kiran,,28,Mumbai,2025-08-09,2026-01-12,1230.67,10.0,,9478630943,
C3325,Sneha,Male,,Ahmedabad,2023-04-07,,,2.0,,,
C3326,Pooja,,,Mumbai,,2022-11-06,,10.0,user3325@mail.com,,Australia
C3327,Rahul,Female,,Hyderabad,2025-10-30,,3667.25,,,,Canada
C3328,Priya,Female,,,2023-08-12,2021-06-19,4376.16,,,,Australia
C3329,Pooja,Male,,Pune,,2021-11-24,238.72,,,,
C3330,Ankit,Female,,Delhi,2025-12-16,,,5.0,,9893032268,Australia
C3331,,,,Mumbai,2024-01-22,2024-04-02,,1.0,,,India
C3332,Ankit,Male,,Hyderabad,,2024-03-11,2104.77,,,9863139319,Australia
C3333,Simran,Female,,Ahmedabad,,,,,,,
C3334,Rahul,Female,,Hyderabad,2025-01-04,2023-10-22,,10.0,,,
C3335,Priya,Female,,Chennai,2026-01-16,2026-01-22,,,user3334@mail.com,9205802342,UK
C3336,Ankit,Female,,Ahmedabad,,,1145.13,,,,Canada
C3337,Rahul,Female,,Mumbai,2024-05-11,,2783.52,5.0,,,Canada
C3338,Kiran,Female,,Hyderabad,,,2236.72,10.0,user3337@mail.com,,UK
C3339,Ankit,Male,65,Delhi,2025-10-15,,,,,,Australia
C3340,Priya,Female,,Pune,2025-02-10,2022-07-20,,10.0,,,Canada
C3341,,Female,70,Mumbai,2020-10-10,2022-05-14,,,,,India
C3342,Kiran,Male,,Ahmedabad,,2020-09-13,,,,9938862774,
C3343,Priya,Male,,,,2026-01-03,2643.14,10.0,,,UK
C3344,,Female,,Hyderabad,2024-07-28,,,,,9398023587,India
C3345,Kiran,Male,,Chennai,,,,10.0,,,Canada
C3346,Sneha,,,Bangalore,2022-02-16,,,10.0,,,Canada
C3347,Priya,Male,,Bangalore,2021-10-11,2025-04-13,227.6,10.0,user3346@mail.com,9754183754,USA
C3348,Ankit,Male,,Delhi,2024-12-22,2023-11-19,,,,9675040175,Australia
C3349,,Male,25,Hyderabad,,,,,user3348@mail.com,,
C3350,Ravi,Female,,Pune,,2020-08-17,297.29,3.0,,,India
C3351,Neha,Female,,Ahmedabad,,2020-08-07,,4.0,,,USA
C3352,Amit,,,Ahmedabad,,,,,user3351@mail.com,,
C3353,Pooja,,63,Ahmedabad,,2021-04-01,4149.46,,,,Australia
C3354,Neha,Female,,Delhi,2021-10-27,,,,,,Australia
C3355,Pooja,,,Chennai,,,,,,,Canada
C3356,Priya,Female,,Chennai,2022-04-23,2024-12-19,3582.91,1.0,,,USA
C3357,Neha,,,Kolkata,2024-08-14,2025-02-19,1865.4,,,,USA
C3358,Sneha,,,Bangalore,2023-04-25,,,,,9362519126,
C3359,,Male,62,,2024-11-12,2024-05-03,,5.0,,,
C3360,Rahul,Female,,Bangalore,,2023-07-16,,,,,Canada
C3361,Amit,Female,,Hyderabad,,2021-05-15,,,,,USA
C3362,Rahul,,,Mumbai,2024-08-24,,,,,9750085813,Australia
C3363,Amit,Male,,Pune,,,,,,,UK
C3364,Simran,Female,,,2021-10-22,,,,,9581334478,USA
C3365,Rahul,Female,,Hyderabad,,,,4.0,user3364@mail.com,,India
C3366,Ankit,,40,Pune,2024-03-04,,,,,,Canada
C3367,Neha,Female,,Delhi,2024-08-20,,,,,,Australia
C3368,Kiran,Male,32,,,2022-05-29,,10.0,,,Canada
C3369,Simran,Female,49,Mumbai,,,,1.0,,,USA
C3370,Neha,Female,,Kolkata,2025-09-29,,,,,,Australia
C3371,Rahul,Female,,,,,2047.52,10.0,,,USA
C3372,Kiran,Male,,Mumbai,2023-07-07,,,10.0,,,
C3373,Priya,Female,,Pune,,,,,user3372@mail.com,,UK
C3374,Priya,,,Mumbai,,2021-11-22,352.4,,,,India
C3375,Priya,Male,,Bangalore,,,,2.0,,9658800590,Australia
C3376,Amit,Male,,Chennai,2023-12-15,,,,,9892053600,Australia
C3377,,Male,,Delhi,,,,,,,Canada
C3378,,,,Mumbai,2022-08-11,2022-08-14,4157.56,10.0,,,Canada
C3379,Rahul,Male,,Ahmedabad,2024-06-14,,,,,9991448018,Canada
C3380,Rahul,Female,,Mumbai,,2023-05-23,,2.0,,,UK
C3381,Simran,,,Mumbai,,,,,,,Australia
C3382,Pooja,Male,,Hyderabad,,,,,,,India
C3383,,,,Chennai,,,2178.52,,user3382@mail.com,,
C3384,,Male,,Kolkata,2023-10-19,,,10.0,user3383@mail.com,9925085748,USA
C3385,,Female,,Chennai,2024-06-21,,,,user3384@mail.com,,Canada
C3386,Ravi,Female,,Delhi,,2022-08-11,,4.0,user3385@mail.com,,Australia
C3387,Priya,Female,,Ahmedabad,,2022-11-07,,,,9303498258,India
C3388,Amit,,,Ahmedabad,2025-10-22,,,5.0,,,UK
C3389,Priya,Male,,Kolkata,,,,5.0,,,USA
C3390,Amit,,,Pune,2024-08-17,,,,user3389@mail.com,,India
C3391,,,,Chennai,2023-09-21,,,,,,India
C3392,Ankit,Female,39,Chennai,,2022-08-07,988.83,10.0,,,USA
C3393,Simran,Female,,Kolkata,2025-07-09,,,,,,USA
C3394,Rahul,Male,,Kolkata,,,,4.0,user3393@mail.com,9619174322,UK
C3395,Ankit,Male,,Pune,,,,,,,UK
C3396,Sneha,,,Mumbai,2022-08-14,,2643.71,10.0,,,India
C3397,Sneha,,,,2020-12-25,,,,,,UK
C3398,Ankit,Female,,Chennai,2025-12-11,,,10.0,,,Canada
C3399,Amit,Female,,Kolkata,2021-06-27,,,10.0,,,
C3400,Pooja,Male,,,2021-11-02,2021-09-05,1608.69,,,9770604956,India
C3401,,,20,Ahmedabad,2025-09-16,2024-06-26,,5.0,,,USA
C3402,Ankit,Male,,Delhi,,,,,,,Canada
C3403,Amit,Female,,Mumbai,,,,5.0,user3402@mail.com,,India
C3404,Ravi,,,Ahmedabad,,,,,,,India
C3405,Neha,Female,31,Kolkata,2025-07-27,,957.84,5.0,,,India
C3406,Rahul,Female,,Delhi,,,,2.0,,,UK
C3407,Neha,Male,,,2023-01-29,2024-02-21,2823.49,,user3406@mail.com,9238762670,Canada
C3408,Kiran,Female,,Bangalore,,,,,,,USA
C3409,Ankit,Male,,Ahmedabad,,2023-04-06,,,,,
C3410,Priya,Male,61,Bangalore,2021-11-25,,,,,,USA
C3411,Simran,Female,,Mumbai,,,,,,,Australia
C3412,Priya,Male,,Bangalore,2022-09-12,,,,,,Australia
C3413,Simran,Male,,Mumbai,,,,,,,
C3414,Neha,Female,38,,2023-04-23,,3854.82,2.0,,,India
C3415,Kiran,Male,,Mumbai,2021-07-22,,,,,9928926386,
C3416,Ravi,Female,32,Hyderabad,,,,,,,UK
C3417,Priya,Female,,,,2024-09-30,,10.0,,9133090566,Australia
C3418,Sneha,Female,,Hyderabad,2024-02-19,2025-08-19,,5.0,,,Australia
C3419,,Male,,Bangalore,2024-10-17,2023-04-13,1492.24,2.0,,,India
C3420,,Male,,Ahmedabad,2025-01-07,,,10.0,,,Canada
C3421,Neha,,,Delhi,,,,,,,Australia
C3422,Rahul,Female,,Kolkata,2020-12-30,2022-06-27,2802.76,10.0,,,USA
C3423,Rahul,Female,65,Bangalore,2025-12-15,,,5.0,user3422@mail.com,9690225333,Australia
C3424,Pooja,Female,,Hyderabad,,2023-02-16,,2.0,,9795610605,USA
C3425,,Male,64,Delhi,2021-01-13,2023-03-07,,,,,Canada
C3426,Ravi,Male,,Kolkata,2022-11-08,,,,,9155947904,UK
C3427,Simran,,,,,2024-07-29,,10.0,,9472617267,Australia
C3428,,,,Ahmedabad,,,,10.0,user3427@mail.com,,Canada
C3429,Neha,Female,54,Hyderabad,,2024-07-25,1690.11,10.0,user3428@mail.com,9255627742,
C3430,,Male,,Mumbai,2023-08-26,,,,,9134142328,Australia
C3431,Ankit,Female,,Bangalore,2022-10-11,2025-12-06,1285.78,10.0,,,Canada
C3432,Ankit,Female,,Hyderabad,2025-02-19,2022-08-15,4700.04,3.0,,,
C3433,Ravi,Female,,Kolkata,,2021-02-09,,,user3432@mail.com,,India
C3434,Amit,Male,,Ahmedabad,2024-04-10,,,,,,USA
C3435,Neha,Male,,Ahmedabad,2023-05-04,2023-01-14,,,user3434@mail.com,,
C3436,Sneha,Female,,Bangalore,2024-09-10,,,,user3435@mail.com,,Australia
C3437,,,,,2026-01-17,2020-10-19,,10.0,user3436@mail.com,,
C3438,,Male,18,Hyderabad,2020-12-27,,4893.38,,,,Australia
C3439,Neha,,,Hyderabad,2025-03-28,,,,user3438@mail.com,9533902316,India
C3440,Amit,Male,,,,,,,,9313432066,Australia
C3441,Ravi,,,Kolkata,,,,,user3440@mail.com,,UK
C3442,Simran,Female,,Hyderabad,,,,,,,
C3443,Ravi,Male,53,Delhi,,,,,,,Australia
C3444,Ravi,Female,66,,2023-12-16,,,,,,India
C3445,Kiran,Female,,Hyderabad,2023-04-14,2021-12-09,,10.0,,,UK
C3446,,Male,25,Kolkata,2025-03-22,,,,,,UK
C3447,Neha,,,Bangalore,,,,,,9889215683,
C3448,Simran,,,,2024-02-26,2022-04-01,,10.0,,,UK
C3449,Kiran,Male,,Delhi,2024-07-15,,708.5,2.0,,,USA
C3450,Amit,Female,63,,,2025-06-30,,10.0,,,Canada
C3451,,Male,,,,,,,,9759433352,Canada
C3452,Sneha,Female,,,,2023-03-22,,2.0,user3451@mail.com,,India
C3453,Ravi,Male,29,Chennai,,2022-09-21,,2.0,,,UK
C3454,Kiran,,,,,2024-02-21,,,user3453@mail.com,,UK
C3455,,,,Delhi,2023-06-08,2023-02-23,,,,,Australia
C3456,Priya,Female,39,,,,,5.0,,,USA
C3457,Rahul,,,Hyderabad,,2022-09-29,,,,9955851392,UK
C3458,Sneha,Male,,Ahmedabad,,,4318.89,10.0,,9322565136,India
C3459,Priya,Female,,,2023-05-26,,,10.0,,,
C3460,,Female,,,2020-11-04,,,,,,Canada
C3461,Amit,,,Bangalore,2023-12-26,,,10.0,,,
C3462,Kiran,,,Kolkata,,2022-08-10,,,,,Canada
C3463,,Female,,Bangalore,,,109.07,10.0,,,USA
C3464,,Male,,Mumbai,2024-04-26,2024-08-25,,4.0,user3463@mail.com,,Australia
C3465,,Female,,Delhi,,2022-04-16,,3.0,,,India
C3466,,,,Chennai,2024-08-24,,,10.0,,,
C3467,Ankit,Male,,Bangalore,,,,,,9114171270,India
C3468,Ravi,Female,,Chennai,2023-04-25,,,3.0,,,India
C3469,Sneha,Female,,Kolkata,,2024-11-07,656.48,,,9602163396,USA
C3470,Priya,,30,Mumbai,,2025-04-19,,1.0,,9750561911,UK
C3471,Ravi,Male,,Pune,2025-08-10,,3833.02,,user3470@mail.com,,Canada
C3472,Simran,Male,,Hyderabad,2024-09-09,2021-11-18,,2.0,,,UK
C3473,,Male,,,,,,,,,UK
C3474,Rahul,Female,30,Kolkata,,2022-10-29,,3.0,,,USA
C3475,Rahul,Female,,,2021-01-03,,,4.0,,,Australia
C3476,,Female,55,Ahmedabad,2023-04-18,,,,,9382181285,USA
C3477,Pooja,Male,,Kolkata,,2021-12-30,1544.04,,,,Canada
C3478,Priya,Male,,Pune,2024-02-24,,,10.0,,,India
C3479,Sneha,,,Mumbai,2023-10-02,2024-04-26,4260.1,,,,USA
C3480,Amit,,,Chennai,,,1556.01,,,,
C3481,Rahul,,43,Chennai,2025-09-13,,,5.0,,,USA
C3482,Rahul,Male,59,Pune,,,,4.0,user3481@mail.com,,Australia
C3483,Simran,,,Hyderabad,2021-08-03,2023-05-20,,10.0,,,India
C3484,Simran,Female,,Mumbai,2024-04-02,,2997.83,4.0,,,UK
C3485,Simran,Female,,Ahmedabad,2025-04-17,,1781.99,,,,Australia
C3486,Simran,Female,,Chennai,2024-06-15,2023-03-30,,,,9968016006,Australia
C3487,Kiran,Female,,,,2022-11-30,,2.0,,,Canada
C3488,,Female,,Mumbai,2022-12-04,2022-06-07,,5.0,,,
C3489,Rahul,,,,,,,,,9128539198,USA
C3490,Ankit,,,Mumbai,,,,,,,UK
C3491,Kiran,Female,,,2022-02-12,2025-05-17,,,,,Canada
C3492,Ankit,Female,44,Ahmedabad,2025-09-18,,1151.93,1.0,user3491@mail.com,,
C3493,Simran,,,Bangalore,,2022-01-19,118.24,3.0,,,USA
C3494,Ravi,Female,,Delhi,2025-05-01,2020-08-16,,,,,Canada
C3495,Simran,Male,,Hyderabad,2021-01-02,,,,,,India
C3496,Amit,,,Delhi,,,,10.0,user3495@mail.com,,Canada
C3497,,,,Bangalore,2022-03-28,2022-10-16,,,user3496@mail.com,,USA
C3498,Ankit,Female,23,Bangalore,2024-11-27,2023-05-20,,,,,UK
C3499,Priya,Male,,Hyderabad,2022-11-04,2022-07-22,,2.0,user3498@mail.com,9874469735,USA
C3500,Simran,Female,22,,,2023-02-08,,,,9449622584,Australia
C3501,Neha,Male,,Hyderabad,2021-04-17,,,,user3500@mail.com,,UK
C3502,Kiran,,28,Kolkata,,,1316.46,10.0,user3501@mail.com,,
C3503,Sneha,Female,,,2024-10-02,,,,user3502@mail.com,9664821829,USA
C3504,,Female,,Delhi,,,2368.7,10.0,user3503@mail.com,9160878266,
C3505,Ravi,Male,,Ahmedabad,2020-08-23,2021-12-29,,,,,UK
C3506,Simran,Male,47,Kolkata,2023-12-04,,,10.0,user3505@mail.com,,Australia
C3507,Pooja,Female,40,Ahmedabad,2024-02-07,,,3.0,,9251707927,Canada
C3508,Simran,Female,,Delhi,,,,,user3507@mail.com,9694844988,
C3509,,Female,18,Ahmedabad,2025-08-23,,,,,,UK
C3510,Amit,Male,,,,,,10.0,user3509@mail.com,,UK
C3511,Neha,Male,40,Delhi,2023-07-18,2025-12-25,,10.0,,,Canada
C3512,Kiran,,,Delhi,,,513.36,,user3511@mail.com,9891260327,
C3513,Priya,Male,,Delhi,2023-05-23,,,10.0,,,USA
C3514,Neha,,47,Delhi,,2023-07-01,,,,,India
C3515,Ravi,Male,,Bangalore,2025-12-12,2025-03-20,885.24,5.0,user3514@mail.com,,USA
C3516,,Female,,Bangalore,2024-09-27,2025-08-17,,1.0,,9709440037,Canada
C3517,Amit,Female,65,Bangalore,,2022-07-07,,10.0,,,
C3518,Kiran,Male,70,Chennai,2025-10-18,2024-02-17,,1.0,,,Canada
C3519,,Female,,,,2021-11-18,,,,,India
C3520,Ravi,Female,64,Hyderabad,2020-11-21,2023-11-28,,10.0,,,Canada
C3521,Kiran,Male,,Pune,,,,1.0,,,India
C3522,Rahul,Female,24,Hyderabad,2024-05-11,,1186.6,10.0,,,India
C3523,,Male,,Delhi,,,,,user3522@mail.com,,Canada
C3524,Neha,Male,,Hyderabad,,,,,user3523@mail.com,,India
C3525,Priya,Male,,Ahmedabad,,,,,user3524@mail.com,,UK
C3526,Neha,Female,19,Kolkata,,2024-06-10,,10.0,user3525@mail.com,,UK
C3527,Sneha,Male,25,Kolkata,2023-10-28,2022-10-26,,10.0,,,
C3528,Simran,Male,41,Mumbai,2025-05-28,,,,,,USA
C3529,,Female,,Bangalore,2023-07-02,2022-12-26,,,user3528@mail.com,,USA
C3530,Priya,Female,,Ahmedabad,2023-02-13,,,4.0,,9901734678,
C3531,,,,Chennai,,,2181.69,5.0,,,Canada
C3532,Neha,Male,48,Pune,2022-05-16,,,,,9206929858,UK
C3533,Sneha,Female,58,Hyderabad,2022-04-08,,,,,,UK
C3534,Kiran,,29,Ahmedabad,2020-10-02,2022-10-05,,10.0,,,UK
C3535,Amit,Female,,Delhi,2020-09-24,,1914.11,10.0,,,
C3536,Ankit,Female,,Mumbai,2022-12-28,,,,,9418567635,Canada
C3537,,,,,2022-06-10,2021-11-12,,4.0,user3536@mail.com,,Australia
C3538,Sneha,Female,53,Pune,2021-05-19,2024-07-12,,,,9292802631,India
C3539,Rahul,Male,30,Bangalore,2024-10-15,,,,,,USA
C3540,Priya,Male,,,2022-04-11,2021-12-17,,,user3539@mail.com,9893580640,UK
C3541,,Male,,Pune,2025-08-19,,,2.0,,,Australia
C3542,Sneha,Male,,Chennai,,,,1.0,,9897723127,Canada
C3543,Sneha,Female,,Hyderabad,,,,,,,
C3544,Ankit,Male,,Chennai,2024-06-27,2022-11-08,,3.0,,,Australia
C3545,Simran,Female,,Pune,2021-09-20,,,10.0,,,Australia
C3546,,Male,,Kolkata,,,,,user3545@mail.com,,India
C3547,Pooja,Female,,Delhi,,2021-09-10,,1.0,user3546@mail.com,,USA
C3548,Rahul,,,Ahmedabad,2025-03-20,2023-04-15,,,,,USA
C3549,Simran,Female,,Ahmedabad,2024-07-18,,,4.0,,9487542304,
C3550,Simran,,,Kolkata,2021-08-24,2020-08-12,,,,,USA
C3551,Simran,Female,,Delhi,2022-11-27,,,,,,USA
C3552,Amit,Female,,Chennai,,,,,,,UK
C3553,Sneha,Female,61,Mumbai,,2023-12-01,,,user3552@mail.com,9230019504,
C3554,Simran,,,Mumbai,,2021-08-27,4472.8,,,,Australia
C3555,Priya,,,Pune,2021-03-02,,2875.03,,,9744925839,
C3556,Ravi,Male,,Pune,,,4362.71,,user3555@mail.com,,Australia
C3557,Ravi,,,Mumbai,,,30.76,5.0,,,
C3558,Rahul,Male,,Bangalore,,2024-02-06,,10.0,user3557@mail.com,9562013288,Australia
C3559,Priya,Female,,Mumbai,2023-11-14,,,1.0,user3558@mail.com,9919934149,
C3560,Rahul,,,Delhi,,,2581.62,10.0,,,Canada
C3561,Priya,,,Chennai,2022-10-14,,,3.0,user3560@mail.com,,Canada
C3562,Rahul,Male,,,,,,3.0,,,Australia
C3563,Rahul,Male,,Chennai,,2024-11-21,2163.36,10.0,,,USA
C3564,Rahul,Male,,Bangalore,2024-08-03,,,10.0,,,Canada
C3565,Rahul,Male,41,Delhi,2024-07-06,,,10.0,,,UK
C3566,Priya,,,,2021-05-23,,,,,,India
C3567,Sneha,Female,,Delhi,,,,1.0,user3566@mail.com,,
C3568,Sneha,Female,,,,2022-05-05,,10.0,,9363385715,UK
C3569,,,,Bangalore,,2021-11-16,,3.0,,,Australia
C3570,Ravi,Male,,Pune,2024-12-13,,,10.0,,,Australia
C3571,Pooja,Male,,Ahmedabad,2023-08-19,,,,,9357817804,
C3572,,,,Delhi,2025-11-05,,,,user3571@mail.com,9542097844,India
C3573,Ravi,Female,,Kolkata,,,,,user3572@mail.com,,UK
C3574,Simran,Male,,Delhi,2021-02-03,,4262.42,,,,USA
C3575,Pooja,Male,,Pune,2021-02-19,2025-07-13,,10.0,user3574@mail.com,,Australia
C3576,Kiran,,,Bangalore,,,,2.0,,,Canada
C3577,Ankit,,,Delhi,,2023-11-09,,,,,UK
C3578,Ankit,Male,,Chennai,2021-11-27,,,,user3577@mail.com,,
C3579,Ankit,,61,Mumbai,,2024-08-31,4328.18,,user3578@mail.com,9141552642,Australia
C3580,Ankit,,,Bangalore,2023-11-01,2021-11-27,,1.0,,,UK
C3581,,Female,,Bangalore,,2024-04-29,,,,,USA
C3582,Priya,Female,,Mumbai,,,,4.0,user3581@mail.com,,India
C3583,Rahul,Female,,Bangalore,2021-06-07,,,,user3582@mail.com,,India
C3584,Sneha,Male,56,Chennai,,,,10.0,,9427656524,UK
C3585,Amit,Female,,Kolkata,2021-06-04,,,,,9430025393,Canada
C3586,Rahul,,,Hyderabad,2023-01-03,2020-08-07,,,,,India
C3587,Amit,Male,,Bangalore,,2023-08-18,,5.0,user3586@mail.com,,
C3588,Neha,Female,,Chennai,,,,,,,India
C3589,Ravi,,,Ahmedabad,,2024-11-20,,,,,USA
C3590,Amit,Female,39,Hyderabad,2020-12-12,2022-02-17,,10.0,,,India
C3591,Kiran,Female,,Mumbai,,,,,,,Canada
C3592,Pooja,Male,,Pune,2023-01-06,,,10.0,,,UK
C3593,Priya,Female,,Pune,2024-07-21,2024-02-02,,,,9199764207,UK
C3594,Rahul,Female,,Bangalore,2023-01-02,2021-05-15,251.96,5.0,,,Australia
C3595,,Male,,Hyderabad,,2025-01-02,,2.0,,,
C3596,Amit,Male,,,2023-12-28,2024-09-12,,2.0,user3595@mail.com,,India
C3597,Ankit,Female,,,2024-11-04,2024-06-11,,4.0,,,Canada
C3598,Simran,,,Pune,,,4266.6,2.0,,9860973590,UK
C3599,Sneha,Female,,Delhi,2021-04-19,,,,,,Canada
C3600,Ankit,Male,35,Pune,,,,,user3599@mail.com,,
C3601,Pooja,Female,63,,,2023-01-11,1129.35,10.0,,,India
C3602,Sneha,Male,62,Bangalore,,,226.59,1.0,user3601@mail.com,9382365697,Canada
C3603,Ravi,Male,,Hyderabad,2021-02-28,,,10.0,,,UK
C3604,Ankit,,,Pune,,2025-10-29,3433.37,10.0,,,Canada
C3605,Neha,Female,48,Bangalore,2021-08-08,2020-09-10,287.59,5.0,,9890159873,UK
C3606,Amit,Female,,Bangalore,,,,,,,
C3607,,Male,,Pune,,,,10.0,,9329715749,USA
C3608,Simran,,,Mumbai,2024-11-30,,,10.0,,,Canada
C3609,Neha,Male,,Bangalore,,,,,,9621736617,USA
C3610,Amit,,,Hyderabad,,2021-02-16,,,user3609@mail.com,,
C3611,Amit,Female,,Ahmedabad,2025-03-22,,,,,,Australia
C3612,Pooja,Male,,Bangalore,,,940.3,,,,USA
C3613,,,,Pune,,,,10.0,user3612@mail.com,,India
C3614,Kiran,Female,65,Hyderabad,,2022-06-20,,,,,UK
C3615,Simran,Male,,Pune,,,4362.73,,user3614@mail.com,,Australia
C3616,Amit,Female,66,,,,3614.75,,,9646797499,India
C3617,,Male,,Ahmedabad,2025-11-01,2024-06-22,,,,9304617520,USA
C3618,Rahul,Male,,Hyderabad,,2025-09-26,,,user3617@mail.com,,USA
C3619,Amit,Male,41,Pune,2020-10-11,2023-02-27,,,,9650654916,India
C3620,Amit,Female,25,Bangalore,2025-03-22,2024-10-21,,,,9311408283,Australia
C3621,Ankit,Female,,Ahmedabad,,,,,user3620@mail.com,,Australia
C3622,,Female,,Delhi,2025-11-13,2025-03-08,,10.0,,,Australia
C3623,Simran,,19,Bangalore,,,3180.67,,,,Australia
C3624,Simran,Male,,Ahmedabad,,,,,user3623@mail.com,,India
C3625,,Male,,Ahmedabad,,,,2.0,,,UK
C3626,Kiran,Male,,Ahmedabad,,2024-10-06,,3.0,,9497865014,Australia
C3627,Rahul,,,Bangalore,,,,,user3626@mail.com,,Australia
C3628,,Female,,Kolkata,,2022-08-01,,10.0,,,Canada
C3629,Neha,,,Chennai,,,,,user3628@mail.com,,UK
C3630,Amit,Female,27,Kolkata,2022-07-08,,1568.91,10.0,,,USA
C3631,Ankit,,,Delhi,2022-09-05,2021-11-09,,,user3630@mail.com,,Canada
C3632,Kiran,Male,18,Delhi,2022-05-05,2024-07-06,,3.0,,9147231373,UK
C3633,Kiran,Female,27,,,,,,,,Canada
C3634,Amit,Female,59,Ahmedabad,,,,,user3633@mail.com,9160318209,India
C3635,Amit,Male,,,,,4866.38,,,,
C3636,Rahul,Male,,Kolkata,,,,2.0,,,UK
C3637,Ravi,Female,37,Delhi,2020-09-23,,,2.0,user3636@mail.com,,Australia
C3638,Simran,Male,,,2021-01-16,,3063.55,,,,USA
C3639,Kiran,Female,,Mumbai,,,,1.0,user3638@mail.com,,Australia
C3640,Neha,Male,,Chennai,,2020-11-24,,,,,UK
C3641,Ravi,Male,,Delhi,2025-11-06,,866.53,3.0,,,Australia
C3642,,Female,,Ahmedabad,2021-06-16,,,10.0,,9160160405,
C3643,,Female,,Bangalore,,,,,,,
C3644,Neha,Female,36,Mumbai,,,,1.0,,,
C3645,Neha,Female,,Ahmedabad,,2022-12-05,,,,9841314414,
C3646,Priya,Female,,Pune,,,,3.0,,,Canada
C3647,Kiran,,,Ahmedabad,2021-10-30,,,,user3646@mail.com,9814548762,India
C3648,Simran,Male,,Bangalore,,2022-05-22,,10.0,user3647@mail.com,9714425266,India
C3649,Neha,Female,47,Pune,2022-09-18,2020-10-26,,3.0,,9400873206,Australia
C3650,Neha,,,Chennai,2021-12-22,,,,user3649@mail.com,,India
C3651,Kiran,,,Pune,,,,,user3650@mail.com,,Canada
C3652,Ankit,,,Mumbai,,2021-12-04,2614.63,3.0,,,Canada
C3653,Ravi,,,Pune,,,,10.0,user3652@mail.com,,India
C3654,Amit,Female,,Bangalore,2024-04-04,,,,user3653@mail.com,,
C3655,Ravi,,,Hyderabad,,,,10.0,user3654@mail.com,,Canada
C3656,Ravi,Male,38,Bangalore,,2021-03-28,,,,,
C3657,Sneha,Female,,Bangalore,2021-01-18,,,3.0,user3656@mail.com,,Canada
C3658,Kiran,Female,,Mumbai,,2025-11-07,207.65,10.0,,,
C3659,,,,Pune,2022-08-16,2023-08-29,,,,,UK
C3660,Ankit,,,Bangalore,2022-07-13,,1151.28,,user3659@mail.com,,India
C3661,Neha,,48,Bangalore,,2025-05-25,,10.0,,9223330796,USA
C3662,Amit,,59,Chennai,2022-02-28,2025-03-10,,10.0,,,Australia
C3663,,,,Pune,,,,4.0,user3662@mail.com,,Australia
C3664,,Male,30,Kolkata,,2021-06-30,,4.0,,9914553112,India
C3665,Ankit,,,Kolkata,,2023-01-03,,,,,
C3666,Pooja,,,Pune,,,,,,9933634787,India
C3667,Pooja,Female,,Hyderabad,,2023-07-31,,10.0,,9494225265,UK
C3668,Sneha,Female,,Ahmedabad,2023-11-27,,3945.49,,,,Australia
C3669,Kiran,Female,44,Mumbai,2023-05-16,2023-05-10,889.95,,,9446630076,UK
C3670,Simran,,,Pune,2020-08-10,,,1.0,user3669@mail.com,,UK
C3671,Sneha,Female,,Hyderabad,2025-05-16,2022-09-29,,10.0,,9784618328,Canada
C3672,Rahul,Male,,Delhi,,,,,,,Australia
C3673,Rahul,Male,,Delhi,,2020-08-24,,2.0,user3672@mail.com,9507546517,India
C3674,Priya,Female,,Chennai,2025-11-15,2020-09-19,,,,,USA
C3675,Kiran,Male,,Chennai,,,,,,,UK
C3676,Simran,,,Ahmedabad,2025-01-31,,,,user3675@mail.com,,Canada
C3677,Amit,Male,56,Bangalore,,,,2.0,,9590482463,
C3678,,Male,24,Delhi,,,3557.56,5.0,user3677@mail.com,9246344559,UK
C3679,Simran,,,Pune,,2022-11-26,,,,,UK
C3680,Amit,Female,,Bangalore,,,3350.79,10.0,,,Canada
C3681,Pooja,Male,,Ahmedabad,2022-07-16,,,,,,Australia
C3682,Amit,,53,Mumbai,,,,,user3681@mail.com,,UK
C3683,Priya,Male,,Delhi,,2022-12-01,,10.0,,9338763132,Australia
C3684,Amit,Male,,,,,,1.0,,,Australia
C3685,Kiran,Female,,Chennai,2023-02-09,2023-09-22,,10.0,,,USA
C3686,Amit,Male,,,,,,,,,Australia
C3687,Ravi,Female,,Delhi,,2022-08-22,2301.13,3.0,,,Canada
C3688,Priya,Female,,Bangalore,2021-02-06,2023-10-25,,10.0,,,Canada
C3689,Priya,Female,,Chennai,2025-08-26,2021-05-17,,,,9167420192,Australia
C3690,,Female,,Hyderabad,,,,,user3689@mail.com,,Canada
C3691,Amit,Female,61,Bangalore,,2025-11-24,3939.0,10.0,user3690@mail.com,,India
C3692,Rahul,,,Pune,2026-01-26,,,,,,India
C3693,Amit,Male,42,Pune,2023-02-27,2021-07-20,,,,,USA
C3694,Neha,,,Kolkata,2021-10-31,,,5.0,,,Australia
C3695,Neha,Male,,Bangalore,,,,,,,USA
C3696,Neha,Male,,Kolkata,,,,,user3695@mail.com,,UK
C3697,,Male,,,,,3144.32,,,9644014849,India
C3698,Rahul,Female,,,2023-04-09,,,5.0,,,Australia
C3699,Pooja,Female,,Pune,2023-01-10,,2483.59,1.0,,,Australia
C3700,Simran,Female,,Mumbai,2025-08-05,,3753.55,,,,
C3701,,Male,,Chennai,2024-05-19,,,,,,
C3702,,Male,,Hyderabad,,,,,,,Australia
C3703,Ankit,Female,,Bangalore,,2023-07-18,,3.0,user3702@mail.com,,India
C3704,Ravi,Female,18,,,,913.29,,,,UK
C3705,Pooja,Male,,Chennai,2021-09-02,2022-10-27,3359.33,1.0,user3704@mail.com,,Canada
C3706,Amit,Male,,Hyderabad,2022-06-08,,1345.77,,,,USA
C3707,,Male,,Delhi,,2022-08-31,2370.84,,,,Canada
C3708,Simran,Female,,Mumbai,,,,,,9885383844,Australia
C3709,Sneha,Male,,Pune,,,,,,,
C3710,,Female,,Mumbai,2022-01-15,2021-02-21,,3.0,,9146147253,UK
C3711,Ravi,,,Bangalore,,2021-08-20,,10.0,user3710@mail.com,,USA
C3712,Neha,Female,,Hyderabad,,,,10.0,,9675482271,USA
C3713,Neha,Male,39,Bangalore,2022-04-22,,,,,,Australia
C3714,Pooja,,,Chennai,,,2714.1,,,,USA
C3715,Amit,Male,,Hyderabad,,,,,,,Canada
C3716,Rahul,Female,,Chennai,,2022-04-28,,,,,USA
C3717,Sneha,Female,53,Hyderabad,2023-07-26,2024-07-21,983.51,10.0,,,
C3718,,Male,24,Ahmedabad,2023-12-10,2022-09-26,,,,9528735449,India
C3719,Sneha,,28,Kolkata,,,598.99,10.0,,9998227320,Australia
C3720,Ankit,Female,29,Kolkata,2025-10-19,,,,,,Australia
C3721,Ravi,,,Bangalore,,2020-10-13,,10.0,user3720@mail.com,,India
C3722,Kiran,Male,,Pune,,,,5.0,user3721@mail.com,,Australia
C3723,Ankit,Female,,Kolkata,,,,,user3722@mail.com,9307708862,Canada
C3724,Sneha,Male,,Mumbai,,2025-05-20,1042.56,1.0,,,UK
C3725,,Female,25,Delhi,2020-09-04,,,,user3724@mail.com,,UK
C3726,Amit,Male,,Kolkata,2024-02-16,,,3.0,,,India
C3727,Sneha,Male,,Bangalore,2022-01-12,2024-01-14,,5.0,,,Canada
C3728,Sneha,Female,,Ahmedabad,,,,1.0,,,
C3729,Priya,Female,,,,,,,,,India
C3730,Neha,Female,,,,,,2.0,,,
C3731,Amit,Female,,Delhi,2023-05-01,,503.87,1.0,,,Australia
C3732,Kiran,,,,,2020-10-10,138.75,2.0,,,India
C3733,Ravi,Female,59,Mumbai,2021-05-11,,,10.0,,,
C3734,Kiran,Male,,Kolkata,,2024-02-29,,,,,Australia
C3735,Rahul,Female,,,2023-12-13,,,10.0,user3734@mail.com,,Canada
C3736,Neha,,,Mumbai,,,4863.85,10.0,,,
C3737,Ravi,Female,,Kolkata,2025-04-15,,,,,9471772549,Australia
C3738,Neha,Male,69,Hyderabad,2021-11-25,,,10.0,,,
C3739,Neha,Female,,Delhi,,,2076.94,,,,USA
C3740,Ankit,Male,,Bangalore,,,,3.0,,9406359520,USA
C3741,Rahul,Female,47,Delhi,,,,3.0,,,Australia
C3742,Rahul,,,Chennai,2022-12-07,2024-01-20,,5.0,,,India
C3743,Ankit,Male,66,Ahmedabad,,2020-08-21,,,,,UK
C3744,Rahul,Female,,Delhi,2025-05-15,,3883.32,2.0,,,Australia
C3745,,Male,,Ahmedabad,2021-05-20,2024-03-30,2505.13,5.0,,,Australia
C3746,Ravi,Female,,Delhi,,2024-05-17,1327.29,,,,UK
C3747,Ravi,Female,69,Delhi,2020-10-19,2023-08-04,,5.0,,,UK
C3748,,,,Bangalore,,2024-03-16,,,user3747@mail.com,,UK
C3749,Rahul,,,Ahmedabad,,,,1.0,,,Australia
C3750,Kiran,,,Chennai,,,,,user3749@mail.com,9760072883,Australia
C3751,Simran,Male,,Delhi,2024-08-03,,,,user3750@mail.com,9184425190,India
C3752,Priya,Male,,Kolkata,,,,,user3751@mail.com,,India
C3753,,Male,,,2022-12-11,,,,user3752@mail.com,9360140497,Canada
C3754,Simran,Male,,Chennai,,,,2.0,user3753@mail.com,,India
C3755,Ankit,,,Pune,2021-08-05,2024-08-17,,10.0,,,USA
C3756,,Female,,Chennai,2023-04-24,2022-03-16,,10.0,,9297827775,Canada
C3757,Simran,Female,,Hyderabad,2022-10-08,2024-07-21,,10.0,user3756@mail.com,,Canada
C3758,Kiran,Female,,Ahmedabad,,2022-09-11,,4.0,,9334509873,
C3759,Neha,Female,,Mumbai,,,,10.0,,,
C3760,Rahul,Male,,Pune,,,,,,,UK
C3761,,Male,,Chennai,2025-01-20,,,,,,UK
C3762,Priya,Male,,Hyderabad,2021-10-13,,,10.0,,,India
C3763,Neha,Female,,Ahmedabad,,2023-08-22,,,,,Canada
C3764,Priya,Male,,Mumbai,2022-07-04,,,,,9964247774,Australia
C3765,Amit,Male,,Chennai,,,,,,,Canada
C3766,,Male,67,Ahmedabad,,,3705.51,3.0,,9376634690,Australia
C3767,Sneha,Female,,,2025-09-18,,,,,,Canada
C3768,Pooja,,,,2022-06-19,2024-12-23,,4.0,,,UK
C3769,Rahul,Female,18,Mumbai,2022-11-13,,4284.28,10.0,,,India
C3770,Sneha,Female,66,Kolkata,2022-07-18,,954.85,1.0,,9905586129,Australia
C3771,Sneha,Male,,Chennai,,,,5.0,,9783120332,Australia
C3772,Ankit,Female,,Delhi,2024-03-13,,3076.11,2.0,,,Canada
C3773,Priya,Female,,Hyderabad,2020-10-27,,1639.23,,user3772@mail.com,9868734837,India
C3774,,Male,,Ahmedabad,,2022-06-24,,10.0,,,UK
C3775,,Female,,Hyderabad,2022-10-15,,3803.1,,,,UK
C3776,Pooja,,,Mumbai,2022-11-14,2025-10-23,,,,,Australia
C3777,Sneha,Male,,Ahmedabad,2021-03-17,,,1.0,user3776@mail.com,,UK
C3778,Simran,,,Ahmedabad,2025-04-09,,,1.0,,,Australia
C3779,Kiran,Female,22,Delhi,,,424.92,,,,India
C3780,Priya,Female,,Delhi,,,,,,,Canada
C3781,Ankit,Female,,Hyderabad,2020-09-27,,,10.0,,,
C3782,Amit,,,Chennai,,,,,user3781@mail.com,9989860525,Canada
C3783,Rahul,Male,,Mumbai,2022-04-21,2023-11-10,,10.0,user3782@mail.com,,
C3784,Pooja,Male,,Hyderabad,2023-02-18,2023-08-17,302.42,,,,
C3785,Simran,Female,,Chennai,2024-08-11,,,,,,Australia
C3786,,Female,,Pune,,2022-07-20,,5.0,,,
C3787,Ravi,,,Bangalore,2025-02-27,,4530.78,10.0,,,Australia
C3788,Amit,Male,28,,,2025-02-26,,10.0,,,Canada
C3789,Kiran,Female,,Pune,2021-08-18,2023-06-15,4202.05,10.0,,,Canada
C3790,,Female,,,,,,5.0,,,UK
C3791,Priya,Male,,Ahmedabad,2023-04-19,2025-10-31,,1.0,,,USA
C3792,Amit,Male,,Delhi,2022-08-14,2024-10-21,,10.0,,,
C3793,Rahul,Female,,Mumbai,,,,2.0,,,UK
C3794,Simran,Male,,Chennai,,2024-12-20,,,,9467932507,
C3795,Amit,Female,49,Mumbai,2020-10-11,,,5.0,,9308255607,Australia
C3796,Amit,,41,Hyderabad,2022-08-07,,,,user3795@mail.com,,USA
C3797,Rahul,Male,,,2023-06-08,,,,,,
C3798,Simran,Female,42,,2025-11-19,,,10.0,,,
C3799,,Female,,Bangalore,,2023-01-28,,,,,UK
C3800,,Female,,Kolkata,2024-07-15,,,5.0,,,
C3801,Kiran,,,Ahmedabad,,,1197.21,,,,
C3802,Sneha,Female,,Kolkata,,,,,,,UK
C3803,Amit,Female,60,Chennai,2022-01-02,2026-01-17,4600.93,,,9923959679,
C3804,,Male,,Pune,2024-08-02,,3807.97,10.0,,9101963737,UK
C3805,Pooja,Female,,Bangalore,2022-10-26,,,,,,
C3806,Neha,,68,Chennai,,2023-11-19,4126.51,10.0,,9970402284,Canada
C3807,Kiran,Male,44,Hyderabad,,,4005.85,,,,India
C3808,Kiran,Male,,,,2024-02-18,,10.0,,9805767464,UK
C3809,Ankit,Male,,,,2020-11-02,,1.0,,,Australia
C3810,Simran,Male,,,2021-03-29,,,,,,UK
C3811,Neha,Male,,Hyderabad,,,,5.0,,9155049248,
C3812,Kiran,Female,,Pune,,,,,,,Australia
C3813,Amit,,59,Delhi,,,,,,9263621273,Australia
C3814,Ravi,,,Chennai,,,,10.0,user3813@mail.com,9217245261,Canada
C3815,Simran,,65,Pune,2023-01-28,,,5.0,user3814@mail.com,,USA
C3816,Sneha,Female,,Ahmedabad,,,,,,,
C3817,Kiran,Male,,Pune,,,,,,,USA
C3818,Ravi,,,Hyderabad,2022-08-27,,,,,,Australia
C3819,Rahul,Female,56,Pune,,2025-06-30,,10.0,,9823797969,
C3820,Kiran,Male,63,Mumbai,,,,,,,Canada
C3821,Rahul,Female,,Pune,2023-02-22,,1320.62,5.0,,,Australia
C3822,Sneha,Male,,Chennai,,2021-06-24,,,,,UK
C3823,Rahul,Male,,Kolkata,2024-07-10,2022-08-05,4818.62,,,,India
C3824,Sneha,Male,,Pune,,,,,,,Australia
C3825,Sneha,Male,,Ahmedabad,,,,10.0,,,USA
C3826,Pooja,Female,39,Bangalore,,2023-11-10,,,,,India
C3827,Kiran,Male,,Mumbai,,2024-08-08,1535.71,10.0,,9237065842,USA
C3828,Priya,Male,,Kolkata,2024-10-18,,,4.0,,9182903167,Australia
C3829,Sneha,,,Bangalore,2022-10-01,,,5.0,,,Australia
C3830,Sneha,,58,Bangalore,2021-09-01,,,,,,
C3831,,Female,,Kolkata,2025-02-23,,,10.0,,,USA
C3832,Priya,Male,,Hyderabad,,,,10.0,user3831@mail.com,,Canada
C3833,Priya,Female,,Bangalore,,,,,,,UK
C3834,Pooja,Female,,Delhi,2020-09-25,,,,,9374902101,Canada
C3835,Neha,Female,,Ahmedabad,,,,1.0,user3834@mail.com,,Canada
C3836,Amit,Male,,Delhi,,,4992.4,4.0,,,USA
C3837,Ankit,,,,,2024-03-30,,,,,UK
C3838,Neha,Female,,Pune,2023-11-16,2025-03-15,,,,,India
C3839,Sneha,Male,21,Ahmedabad,2025-01-18,2022-09-24,,5.0,,,USA
C3840,Priya,Male,,,,,,10.0,,,Canada
C3841,Kiran,Male,,Hyderabad,,2024-04-26,,,user3840@mail.com,,
C3842,Kiran,Male,,Bangalore,2023-02-13,,1887.07,1.0,,,UK
C3843,Pooja,Female,,Delhi,,,1697.58,,,9644250578,USA
C3844,Kiran,Male,,Delhi,2024-12-05,,,10.0,,9833077998,Australia
C3845,Kiran,,,Hyderabad,,,,10.0,,9434665393,USA
C3846,Rahul,Female,,Ahmedabad,2024-12-07,,,10.0,,9166788091,Australia
C3847,Rahul,Female,,Bangalore,,,,,,,USA
C3848,Sneha,,,Ahmedabad,,,,,user3847@mail.com,,UK
C3849,Pooja,Male,,Delhi,2025-07-31,2021-05-27,,,,,Australia
C3850,Kiran,Female,,Chennai,,2022-01-17,,10.0,user3849@mail.com,,UK
C3851,Simran,Male,,Bangalore,2024-08-30,,,,,,USA
C3852,Kiran,Female,,Ahmedabad,2024-04-27,,,,,9800534363,UK
C3853,Ankit,,36,,,2024-12-13,2666.07,5.0,user3852@mail.com,9522384313,
C3854,Rahul,,,Delhi,2024-08-30,,,3.0,,,Australia
C3855,Pooja,Male,38,Chennai,2024-12-20,,,,user3854@mail.com,,India
C3856,Rahul,Male,,Chennai,2024-03-12,,,,,9488914684,
C3857,Kiran,Male,,Delhi,2025-12-28,,3178.28,10.0,,,USA
C3858,Kiran,,,Delhi,,,,10.0,,,USA
C3859,Ravi,,,Mumbai,2020-12-22,2021-05-18,,,user3858@mail.com,,
C3860,Ankit,Male,,Mumbai,2025-10-23,,,,,,Australia
C3861,Amit,Female,,Kolkata,2020-11-09,,,10.0,,,UK
C3862,Ravi,Male,,Ahmedabad,,2022-10-26,,3.0,,,USA
C3863,Priya,Male,,Chennai,,,,2.0,user3862@mail.com,9922872010,UK
C3864,,Male,,Bangalore,,,3696.02,10.0,,9770365790,
C3865,Neha,,,Hyderabad,2021-12-28,,,,,,USA
C3866,Kiran,Male,,,2022-03-28,2022-02-07,,3.0,,,USA
C3867,,,19,Chennai,,,4399.06,4.0,,,India
C3868,Rahul,,55,Delhi,2023-10-30,2021-03-16,,10.0,,9824926665,USA
C3869,Ravi,Male,,Hyderabad,,,2579.87,,,,Australia
C3870,Ankit,Male,,Pune,2023-02-22,2022-07-20,,,,9915117940,UK
C3871,Kiran,Male,,Kolkata,,,296.71,3.0,,,USA
C3872,Neha,Male,50,Pune,,,3755.86,10.0,,9454293657,Canada
C3873,Sneha,Female,,Kolkata,2021-05-16,,,4.0,user3872@mail.com,,India
C3874,Sneha,Female,,Kolkata,,,,,,,UK
C3875,Kiran,Female,,Delhi,,,979.07,4.0,,9465828411,
C3876,,Male,,Bangalore,2024-12-08,,4631.43,,user3875@mail.com,,UK
C3877,Simran,,47,Ahmedabad,2024-01-08,2020-08-27,,,,9887863058,UK
C3878,Ravi,,,Pune,,2022-08-13,,10.0,,,India
C3879,Priya,Female,19,Pune,,,,10.0,user3878@mail.com,,Canada
C3880,Sneha,Male,,Mumbai,2022-01-01,2022-02-09,,,user3879@mail.com,9456722744,
C3881,Rahul,Male,,Hyderabad,2023-01-13,2024-04-26,,10.0,user3880@mail.com,,India
C3882,Amit,Male,,Kolkata,2025-07-17,2025-11-01,,1.0,,,USA
C3883,,Female,,Ahmedabad,,2023-06-30,,,,,UK
C3884,Amit,Male,,Kolkata,2020-08-31,,,3.0,user3883@mail.com,,USA
C3885,Simran,,,Kolkata,,,357.54,,,,
C3886,Simran,Male,,Ahmedabad,2022-01-17,,,,,9476560041,UK
C3887,Pooja,Female,,Kolkata,2022-08-21,,,,,,
C3888,Ravi,Male,,Pune,2021-02-24,,2527.01,10.0,user3887@mail.com,,India
C3889,,Female,21,Kolkata,2024-06-13,,2148.1,,user3888@mail.com,,USA
C3890,Ravi,Male,,Hyderabad,2024-10-09,2020-08-29,,10.0,,,Canada
C3891,Simran,,,Mumbai,2022-10-07,2025-11-12,,,user3890@mail.com,,
C3892,Simran,Male,,Delhi,,2022-02-04,,,,,USA
C3893,Simran,,,,2025-07-09,,,3.0,user3892@mail.com,,India
C3894,,Female,,Pune,2023-03-19,2022-04-11,,,user3893@mail.com,,
C3895,Amit,Male,,Delhi,,,,2.0,,,USA
C3896,Pooja,Male,33,Kolkata,2023-06-12,2020-09-02,,,,,Australia
C3897,Simran,Male,,Delhi,2022-06-23,,,,,,
C3898,Pooja,Female,59,Ahmedabad,2022-07-07,2021-10-29,,,,,Canada
C3899,Rahul,Male,,Hyderabad,2021-06-24,,47.89,3.0,,,Australia
C3900,Sneha,,,Bangalore,2022-09-08,2024-07-19,,2.0,,9465357777,India
C3901,Kiran,Female,,Hyderabad,2024-10-30,,,,user3900@mail.com,9358382591,
C3902,,Male,,,2020-09-13,2025-11-15,,10.0,user3901@mail.com,,Canada
C3903,Simran,Female,52,Kolkata,,2021-01-17,,10.0,,,Australia
C3904,Amit,,41,Delhi,,,,,,,UK
C3905,Priya,Female,,Mumbai,2023-05-12,,,,,,USA
C3906,Rahul,Male,,Mumbai,,2023-01-06,,,,,India
C3907,Neha,Male,68,Ahmedabad,2021-12-06,2021-10-25,,,,,Canada
C3908,Priya,Female,,Mumbai,,,,4.0,,,
C3909,,Female,,Pune,2025-09-04,,,4.0,,9270360237,
C3910,Ravi,,,,2021-04-30,,,2.0,user3909@mail.com,9297912890,UK
C3911,,Male,,Pune,,,,,user3910@mail.com,,Australia
C3912,Sneha,Male,,,,,,,,,Australia
C3913,Simran,Female,,Bangalore,,,,10.0,user3912@mail.com,,Canada
C3914,,,,,,,,10.0,,,
C3915,Amit,Male,57,,,,1802.39,4.0,user3914@mail.com,,India
C3916,Simran,Male,,Chennai,,,,,,,Canada
C3917,Ankit,Female,39,Kolkata,2022-01-12,,3387.66,10.0,user3916@mail.com,9353674977,India
C3918,Priya,Male,,Kolkata,,2025-10-16,4802.54,3.0,,,India
C3919,,,,Mumbai,2024-02-27,,,1.0,,,India
C3920,Rahul,Female,56,Pune,2025-01-17,,,,,9566163849,Australia
C3921,Ankit,Male,,Bangalore,,,,,,,
C3922,Pooja,,,Kolkata,,,3381.59,,,,USA
C3923,Pooja,Male,,Delhi,,,1766.24,,,,Australia
C3924,Sneha,Male,,Delhi,2023-10-26,,,5.0,,,India
C3925,,Male,53,Ahmedabad,,,,3.0,,9776712147,Australia
C3926,Ravi,Female,30,Delhi,,,,10.0,user3925@mail.com,,India
C3927,Simran,Male,,Ahmedabad,,2025-06-22,,2.0,,,
C3928,Priya,Male,,Kolkata,2021-04-11,,,,,,UK
C3929,,Female,,Delhi,2024-01-16,,,10.0,,,UK
C3930,Kiran,,54,Hyderabad,,,1588.5,3.0,user3929@mail.com,9453409523,UK
C3931,Pooja,Male,,Mumbai,2023-12-09,2025-12-26,1407.28,1.0,,9609339611,Canada
C3932,Pooja,,,Mumbai,2021-02-14,,,1.0,,,UK
C3933,Sneha,Male,,Mumbai,2024-03-23,,2494.53,,,,UK
C3934,Ravi,Male,,,,,4575.83,10.0,user3933@mail.com,,Canada
C3935,,Male,,Ahmedabad,2021-06-29,,,,,,UK
C3936,Kiran,Male,60,Bangalore,,,,10.0,,,India
C3937,Sneha,,,Delhi,,,,4.0,,,UK
C3938,,,,Kolkata,,,,,,,
C3939,Priya,Female,,Pune,,2024-12-08,,10.0,,,Canada
C3940,Priya,Male,,Chennai,,,,3.0,,9972394776,USA
C3941,Sneha,Female,,Chennai,,,,10.0,,9101394218,Canada
C3942,Ravi,Female,,Bangalore,2024-06-04,2025-06-10,,10.0,,,Australia
C3943,Rahul,Male,69,Kolkata,2024-02-15,,,10.0,,,
C3944,,Male,,Bangalore,,2025-12-06,,4.0,user3943@mail.com,,Australia
C3945,,Female,52,Bangalore,2024-07-17,,,5.0,,,India
C3946,,Female,,,2024-11-05,,,,,,UK
C3947,Ravi,Male,45,Hyderabad,,2022-02-20,3859.96,10.0,,,UK
C3948,Amit,,,Bangalore,,,,,,9838715825,USA
C3949,Amit,Male,,Mumbai,2021-06-22,,,1.0,,,USA
C3950,Ankit,,,Chennai,2025-06-01,,,,,9181264814,USA
C3951,Simran,Male,,Pune,2024-12-31,,,10.0,user3950@mail.com,,Canada
C3952,Amit,Female,,Mumbai,2022-01-18,2025-10-09,,,,,UK
C3953,,,,Chennai,,2025-02-22,1104.29,10.0,user3952@mail.com,,
C3954,Pooja,Male,,Ahmedabad,,,,,user3953@mail.com,,USA
C3955,Rahul,,,Delhi,,2022-12-03,,10.0,user3954@mail.com,9437951815,India
C3956,,Female,47,Delhi,,2022-05-01,1030.64,2.0,,,USA
C3957,Simran,Female,,Kolkata,2021-04-17,,2812.22,1.0,,9781954018,UK
C3958,Neha,,,Hyderabad,2021-12-15,,2700.59,,,,India
C3959,Simran,Female,,Kolkata,2023-08-04,2025-02-28,,1.0,,,UK
C3960,Ravi,Female,69,Hyderabad,,,,,,,Canada
C3961,Neha,,21,,,2025-10-27,,3.0,,,
C3962,,Male,,Hyderabad,,,,,,,Australia
C3963,Sneha,Female,,Bangalore,2023-06-29,,,,,9191365774,USA
C3964,Sneha,Male,,Hyderabad,2021-03-12,2022-04-14,1570.41,,,,
C3965,,,,Hyderabad,2021-12-29,,2835.63,,user3964@mail.com,,USA
C3966,Amit,Male,,Kolkata,,,,3.0,user3965@mail.com,,UK
C3967,Amit,Female,,Bangalore,,2023-11-17,,1.0,,,Canada
C3968,Ankit,,47,,2023-03-17,2025-05-10,3829.81,10.0,,,
C3969,Amit,Male,,Bangalore,,,4089.73,4.0,,,USA
C3970,,Male,,Bangalore,2025-01-29,,,1.0,,,USA
C3971,Priya,Male,56,Delhi,,,,10.0,,,
C3972,Amit,,59,,,,,2.0,,9696891430,Australia
C3973,Pooja,Female,,Bangalore,2023-05-23,,,10.0,,,India
C3974,Amit,,,Mumbai,2020-10-23,,,10.0,user3973@mail.com,,
C3975,Pooja,Male,,Ahmedabad,2023-09-09,2024-04-15,,2.0,,,USA
C3976,Simran,,,Kolkata,2024-10-26,,,10.0,,,
C3977,Pooja,Female,,Ahmedabad,2023-02-10,,,,user3976@mail.com,,UK
C3978,,Male,,Mumbai,2024-08-03,,,1.0,,,UK
C3979,Amit,Male,,Ahmedabad,2022-11-14,,3640.91,2.0,,9953905681,UK
C3980,,,,Mumbai,2021-05-14,,,5.0,user3979@mail.com,,USA
C3981,Ravi,Female,,Hyderabad,,,2896.46,2.0,,,
C3982,Priya,Female,,Pune,,,4447.81,,,9172149003,Canada
C3983,Kiran,,,Mumbai,2021-08-24,,2990.65,,user3982@mail.com,,
C3984,Priya,Female,,Chennai,2022-05-04,2025-05-21,,3.0,,9655847753,Australia
C3985,Sneha,Male,,Hyderabad,,,,,user3984@mail.com,,India
C3986,,Female,61,Delhi,2021-02-05,,3079.71,5.0,,,India
C3987,Neha,Male,,Kolkata,2021-10-15,,,10.0,user3986@mail.com,,
C3988,Kiran,Female,,Ahmedabad,2023-01-20,2021-01-15,,10.0,,,UK
C3989,Neha,Female,,Kolkata,,,507.95,,,,India
C3990,Kiran,Male,57,Kolkata,,,495.88,,,,Canada
C3991,Neha,,,Ahmedabad,,,,,,9655640232,Australia
C3992,Ankit,Female,,Ahmedabad,2025-01-11,,,2.0,user3991@mail.com,,USA
C3993,Kiran,Male,35,Kolkata,,,,,,,Australia
C3994,Amit,Male,,Hyderabad,,,,,,,India
C3995,Amit,Male,,Bangalore,,2025-07-30,,,,9707228061,UK
C3996,Rahul,Male,,Pune,,,,10.0,,,Australia
C3997,Priya,Male,,Delhi,,2022-07-05,,10.0,user3996@mail.com,9844444848,
C3998,Neha,,,Ahmedabad,2024-09-24,2021-01-01,2984.94,,,,Australia
C3999,Amit,Male,,Mumbai,2025-02-21,,,10.0,,,Canada
C4000,,Female,,Chennai,2025-04-27,,4197.11,,,,Canada
C4001,,Female,,Chennai,,,4094.87,,,,India
C4002,Kiran,,,Kolkata,,2021-07-30,,10.0,,9124793104,Canada
C4003,Ankit,,,Pune,2022-04-14,,,5.0,,9920668301,UK
C4004,Pooja,,,Delhi,2020-11-22,2023-01-25,,,,,USA
C4005,Ankit,Male,,,2021-04-01,2022-10-02,,10.0,user4004@mail.com,9694633250,India
C4006,Amit,,,Chennai,,2024-09-07,2616.07,3.0,,,Australia
C4007,Simran,Female,,Mumbai,2021-10-05,2024-03-31,,10.0,,9867664590,Canada
C4008,Amit,,,Chennai,,,,10.0,,,UK
C4009,Priya,Male,36,Kolkata,,,,10.0,user4008@mail.com,,India
C4010,Ankit,,,Pune,2025-04-22,2024-10-30,2711.38,10.0,,,
C4011,Amit,Female,,Hyderabad,2023-02-12,2024-01-08,,,,,
C4012,Neha,,47,,,,,,,,UK
C4013,Kiran,,,Pune,2025-03-08,,2525.94,4.0,user4012@mail.com,,Canada
C4014,Simran,,,Hyderabad,2021-03-09,,,,user4013@mail.com,9435689283,Australia
C4015,Neha,Male,,,,,1012.5,,user4014@mail.com,,
C4016,Pooja,Female,,Delhi,2025-05-19,,,,,9693664466,UK
C4017,Amit,Male,,Bangalore,2023-02-22,,,10.0,,9155823981,Australia
C4018,Kiran,Male,,Hyderabad,,,3878.97,1.0,user4017@mail.com,,Australia
C4019,Sneha,Female,69,Pune,,,2261.92,3.0,,9796700278,USA
C4020,Amit,Female,,Mumbai,,2025-01-18,,,,9521697261,UK
C4021,Priya,Female,,Kolkata,,2022-11-25,1117.91,10.0,,,
C4022,Rahul,Male,,Chennai,2025-09-30,,,10.0,,,
C4023,Sneha,Male,,Chennai,,2025-05-26,,3.0,user4022@mail.com,,USA
C4024,,Male,40,Hyderabad,2022-03-10,2021-09-19,,10.0,,,
C4025,Ravi,Male,,Bangalore,2021-02-04,,,,,,
C4026,Amit,Female,,Mumbai,2021-07-03,,,,,,Australia
C4027,Amit,,32,,,,,4.0,,,USA
C4028,Ankit,,25,,,,,4.0,,,India
C4029,Simran,Male,69,Mumbai,,,,10.0,user4028@mail.com,,Canada
C4030,Pooja,Male,,Hyderabad,,2024-09-21,,,,,Canada
C4031,Rahul,Female,,Hyderabad,2024-09-30,,2553.66,,,,USA
C4032,Ankit,Male,,Bangalore,,,,,user4031@mail.com,9811199025,USA
C4033,Kiran,Male,,Pune,2023-02-18,2021-08-01,,1.0,user4032@mail.com,,USA
C4034,Rahul,Female,,Delhi,,2022-10-14,,10.0,,,UK
C4035,,,,Kolkata,,,3773.47,10.0,,,Canada
C4036,Simran,,,Bangalore,,,,,,,Canada
C4037,Simran,Female,58,Bangalore,2021-04-14,2024-07-19,881.08,5.0,,9867929830,Australia
C4038,Rahul,Male,,Mumbai,2023-04-03,,1841.27,10.0,,9362957655,Canada
C4039,Neha,,56,Pune,,,,10.0,,,India
C4040,Rahul,Male,,Pune,2025-02-11,,2428.08,10.0,,,USA
C4041,Kiran,Male,,Pune,,,647.41,,,9490428199,India
C4042,Ankit,Female,,Hyderabad,2023-10-31,,,,,,USA
C4043,,Male,,Kolkata,,,,,,,India
C4044,Neha,Female,,Hyderabad,2022-11-22,,,3.0,,,Australia
C4045,Sneha,Male,,Chennai,2022-11-29,,,,,,Canada
C4046,Pooja,,54,Bangalore,2020-10-17,2025-05-10,,,user4045@mail.com,,USA
C4047,,Male,,Chennai,,,,10.0,user4046@mail.com,,
C4048,Pooja,Male,,Kolkata,2024-12-31,,,10.0,user4047@mail.com,,
C4049,Rahul,Male,,Chennai,2023-11-14,,,10.0,,,USA
C4050,Neha,Male,,Pune,2024-08-10,,,10.0,,9472386847,India
C4051,Ankit,,,Chennai,2022-07-26,2025-02-28,,10.0,,9315517409,Australia
C4052,Neha,Male,,Kolkata,2025-03-28,,455.26,1.0,,,USA
C4053,Amit,Male,,Mumbai,,,,,user4052@mail.com,,Canada
C4054,Rahul,,,Kolkata,,,2039.53,,,,Canada
C4055,Priya,Female,,Pune,,,,,,,
C4056,Ankit,Male,,Chennai,,,,,,,USA
C4057,Sneha,Female,,Ahmedabad,,,,1.0,,,Australia
C4058,Priya,Female,,Mumbai,,,,10.0,user4057@mail.com,,UK
C4059,Ankit,Male,26,Chennai,2021-06-13,,2324.81,5.0,user4058@mail.com,,India
C4060,Simran,Female,,Pune,2024-03-30,,,10.0,,,Canada
C4061,Ravi,Female,,Chennai,2022-07-13,2022-07-17,,5.0,user4060@mail.com,,USA
C4062,Kiran,,,Chennai,2021-07-28,2025-11-19,,10.0,,9934937540,
C4063,Ankit,Male,,Mumbai,2020-11-23,2025-09-12,,10.0,,,USA
C4064,Sneha,Male,,Ahmedabad,,,,10.0,user4063@mail.com,,
C4065,Ankit,Female,43,,,,,10.0,,,Australia
C4066,Sneha,Female,,Kolkata,,,,10.0,,9412730823,India
C4067,Pooja,,,Delhi,,2023-06-25,,,,,UK
C4068,Kiran,Female,22,Pune,,2021-09-12,,5.0,user4067@mail.com,,
C4069,Ravi,,,Pune,,,2628.73,,,,UK
C4070,Simran,Male,,Bangalore,2023-12-02,2022-07-14,424.11,3.0,user4069@mail.com,,Canada
C4071,Neha,Female,,Hyderabad,2021-07-24,,,,,,USA
C4072,Simran,Male,,Hyderabad,,2025-03-30,3332.36,4.0,,,Australia
C4073,Kiran,Male,,Bangalore,,,,,,,India
C4074,Simran,Male,20,Hyderabad,2024-09-18,2025-12-06,,4.0,user4073@mail.com,9612708089,Canada
C4075,Simran,Female,,Kolkata,2020-12-08,,,,,,Canada
C4076,Amit,,50,Kolkata,2023-08-10,,2533.1,3.0,,,India
C4077,Amit,Male,43,Kolkata,,,,4.0,,,Australia
C4078,,Female,48,Bangalore,2022-02-01,2024-10-01,4367.83,10.0,user4077@mail.com,,USA
C4079,Sneha,Male,45,Hyderabad,,,4353.08,3.0,,,
C4080,Ankit,Female,23,,,,,,,9396924043,India
C4081,Sneha,,38,Delhi,2022-03-04,,,,,,UK
C4082,Rahul,Female,69,Kolkata,2023-11-02,,,10.0,user4081@mail.com,,Canada
C4083,Amit,Male,,Chennai,2025-11-12,,,3.0,,,UK
C4084,Sneha,Female,40,Mumbai,,,,3.0,,,Australia
C4085,Ravi,Female,,Mumbai,2023-12-23,,249.32,10.0,,,USA
C4086,Kiran,,,Kolkata,,,2843.81,4.0,,,India
C4087,Pooja,Female,,Delhi,2025-06-14,,,10.0,,,Australia
C4088,,Male,,Mumbai,2024-07-09,,4144.4,1.0,,,USA
C4089,Sneha,Male,35,Kolkata,,,,,user4088@mail.com,,UK
C4090,Priya,Female,,Hyderabad,,2024-10-26,,,,9878352126,USA
C4091,,,,Hyderabad,,,1360.18,,,,Australia
C4092,Pooja,Female,,Delhi,2024-06-05,2023-06-17,,10.0,,,Canada
C4093,Ankit,Female,37,Kolkata,2024-06-09,2021-11-15,,10.0,,,Australia
C4094,Kiran,Male,,Kolkata,,,646.8,2.0,,,Canada
C4095,Ankit,Male,,Delhi,2021-01-14,,,10.0,,,
C4096,Rahul,Male,,Ahmedabad,,2025-03-03,1096.59,,,,
C4097,Rahul,,30,Bangalore,,2020-09-16,,10.0,,,Australia
C4098,Pooja,Female,38,Delhi,,,3262.12,5.0,,,
C4099,,Female,,Bangalore,2024-03-15,,4520.98,5.0,,9566782919,USA
C4100,Neha,Male,,Mumbai,2022-06-11,,,10.0,,9300288124,
C4101,,Male,,Chennai,2024-02-20,,4293.74,5.0,,,UK
C4102,,,,Chennai,,2020-10-28,1434.07,10.0,,,
C4103,,,,,,,,,user4102@mail.com,,USA
C4104,Priya,Male,38,Kolkata,,,83.43,2.0,,9443731924,Australia
C4105,,Male,,Hyderabad,2020-09-12,2021-01-27,,5.0,user4104@mail.com,9874571543,Australia
C4106,Sneha,Female,,,,2025-11-13,,10.0,,,
C4107,Ankit,,,Ahmedabad,,,4692.77,10.0,,,USA
C4108,,,,,2024-03-30,,,10.0,,,Australia
C4109,Kiran,Female,,Bangalore,2025-11-25,,,4.0,,,UK
C4110,,Female,,Chennai,,,4142.18,5.0,,9893478138,Australia
C4111,Sneha,,,Pune,,,,1.0,user4110@mail.com,,India
C4112,,Male,,Delhi,,2023-12-18,,,,,India
C4113,Simran,Male,37,,2025-07-14,,,10.0,,,Australia
C4114,Neha,Female,,Bangalore,2021-12-09,2023-12-16,,,,,Canada
C4115,Sneha,,,,2022-03-26,,,,user4114@mail.com,,USA
C4116,Priya,Male,,Bangalore,2023-11-10,,163.26,,user4115@mail.com,9680728855,
C4117,Ravi,,35,Hyderabad,2021-12-24,,,10.0,user4116@mail.com,,Australia
C4118,Ankit,Female,38,Chennai,,2023-09-13,2828.75,3.0,,,India
C4119,Kiran,Male,,Chennai,,,2793.23,10.0,user4118@mail.com,,Australia
C4120,Ankit,,43,Bangalore,2020-10-17,2022-09-15,,,,9941405084,Australia
C4121,Simran,Female,,Pune,,,,2.0,user4120@mail.com,,
C4122,Rahul,Male,65,Pune,2024-11-20,2020-11-19,3205.77,10.0,user4121@mail.com,,
C4123,,,,,,2024-10-12,,10.0,,,India
C4124,Pooja,,,Ahmedabad,,2022-05-07,,,,,USA
C4125,Rahul,Female,,Pune,,2022-06-09,,,,,Canada
C4126,Priya,Female,,Mumbai,,,,10.0,,,Canada
C4127,Pooja,,,Mumbai,,2024-10-11,3333.3,10.0,,,India
C4128,Rahul,,42,Chennai,2022-03-10,,,10.0,,,Canada
C4129,Rahul,Male,,,2022-03-05,2023-04-28,,,,,Canada
C4130,Neha,Male,53,Kolkata,,,4575.57,10.0,user4129@mail.com,,UK
C4131,Rahul,Female,,Pune,,,,,,,
C4132,Simran,,,Pune,2022-03-26,2022-07-14,,10.0,,9753551300,
C4133,Pooja,Male,,Pune,2023-04-08,2024-10-23,,1.0,,,Canada
C4134,Ankit,Male,69,,2021-09-22,,4005.08,10.0,,9614312006,
C4135,Ankit,Female,,Hyderabad,,,,10.0,user4134@mail.com,,USA
C4136,Rahul,,,Ahmedabad,,,2623.81,,,9223500594,
C4137,Pooja,Female,,Hyderabad,,,2809.6,10.0,user4136@mail.com,,Canada
C4138,Rahul,Male,,Kolkata,,,1639.77,,user4137@mail.com,,
C4139,Priya,Male,,Pune,,,,,user4138@mail.com,9466967707,USA
C4140,,Female,,Kolkata,2022-03-09,2024-01-08,856.76,,user4139@mail.com,,Australia
C4141,Kiran,Male,,,2025-10-07,2023-10-29,,,,,India
C4142,Sneha,Male,,Mumbai,,,4963.94,10.0,,,UK
C4143,Pooja,Male,30,Hyderabad,2025-07-19,,2083.48,10.0,user4142@mail.com,9679908653,UK
C4144,Priya,Male,,Mumbai,,2026-01-01,4992.81,4.0,user4143@mail.com,9741573490,UK
C4145,Ankit,Male,,Delhi,2021-09-05,,,10.0,,,India
C4146,Sneha,Female,,Delhi,2020-11-10,2025-03-25,1594.18,,,9440951895,Australia
C4147,Rahul,Male,,Ahmedabad,,,,10.0,user4146@mail.com,,
C4148,,Male,36,Kolkata,2022-07-16,,,10.0,user4147@mail.com,,Australia
C4149,Kiran,Female,,Pune,2021-08-22,,,,,9958245248,
C4150,Amit,Male,,Chennai,,,,,,,Australia
C4151,Neha,Female,,Mumbai,,2022-01-07,4004.97,4.0,,,India
C4152,Sneha,Male,,Pune,2024-02-03,,,,,9801839864,USA
C4153,Amit,Female,,Delhi,,,,,user4152@mail.com,,India
C4154,Priya,Male,,Ahmedabad,,2020-08-06,,,,,Australia
C4155,Neha,Male,,Hyderabad,2023-01-18,,3293.82,10.0,,,USA
C4156,Ankit,Male,,Mumbai,,,,3.0,,9903017150,UK
C4157,Ankit,Female,,Chennai,,,,10.0,,,UK
C4158,Pooja,Male,,Bangalore,,2025-11-14,,,,,USA
C4159,Priya,Female,,Kolkata,2024-03-04,,,,,,UK
C4160,Neha,Female,36,Kolkata,,,2719.35,10.0,,,USA
C4161,Amit,Female,62,Pune,,,,1.0,user4160@mail.com,,
C4162,Priya,Female,54,Kolkata,2025-04-01,2020-12-14,,1.0,,9834562836,USA
C4163,Priya,Male,,Ahmedabad,,,,10.0,,,Australia
C4164,Sneha,Female,,Bangalore,,,,,,,Australia
C4165,Rahul,Female,,Mumbai,2021-02-03,2026-01-25,,10.0,,,USA
C4166,Ankit,Female,18,Hyderabad,,,,4.0,,,India
C4167,Rahul,Female,,,,2020-09-09,,,,,India
C4168,Ravi,Male,69,Ahmedabad,,,,4.0,,,
C4169,Neha,Female,51,Mumbai,,2023-09-25,944.01,4.0,user4168@mail.com,9932867854,Australia
C4170,Rahul,Male,,Mumbai,2022-04-20,,1351.23,1.0,,,Canada
C4171,Ravi,Male,,Bangalore,2023-05-09,,,5.0,user4170@mail.com,,
C4172,Neha,Male,,Hyderabad,,2021-03-01,,,user4171@mail.com,,USA
C4173,Rahul,Male,48,Kolkata,2023-04-21,,,10.0,,9794351646,
C4174,,,,,,2020-11-16,,,user4173@mail.com,9887937691,
C4175,Pooja,Female,,Ahmedabad,2022-11-15,,,10.0,,9981379208,
C4176,Neha,Female,61,Bangalore,2022-04-22,,,,,9602801656,India
C4177,Simran,,,Chennai,,,2514.95,,,,Canada
C4178,Amit,Female,52,Ahmedabad,,,,10.0,,,Australia
C4179,,Male,,Mumbai,,,,,,,USA
C4180,Sneha,Male,,Chennai,2023-09-13,,4492.66,10.0,user4179@mail.com,9306375787,USA
C4181,Neha,,,Bangalore,2024-02-18,,,,user4180@mail.com,,USA
C4182,,Female,,Pune,,,1813.99,10.0,,,India
C4183,Neha,Male,,Ahmedabad,,,,,,,India
C4184,Kiran,Male,,Hyderabad,,,,1.0,,,Canada
C4185,Neha,Male,41,Chennai,,,,,,,USA
C4186,,Female,,Delhi,,,,10.0,,,
C4187,,,,Pune,2021-06-17,2024-07-13,,10.0,user4186@mail.com,,Canada
C4188,Ravi,Female,,Ahmedabad,2025-02-28,,3811.94,,user4187@mail.com,,Australia
C4189,Rahul,Male,50,Hyderabad,2022-12-25,,,10.0,user4188@mail.com,,Australia
C4190,Rahul,Female,52,Pune,2023-12-26,2025-12-09,3855.25,3.0,,,
C4191,Sneha,,56,,,2024-07-23,,2.0,,,UK
C4192,Sneha,,,Mumbai,2024-11-10,2025-08-07,,4.0,,,India
C4193,Amit,Female,23,Pune,,2025-01-08,,,,9924822903,UK
C4194,Simran,Female,,Mumbai,,,,,,9298657489,USA
C4195,Kiran,,,Pune,2021-09-12,,4381.08,,user4194@mail.com,,India
C4196,Rahul,Male,,Ahmedabad,,,,,,,UK
C4197,Rahul,Male,,Mumbai,,,,,,9170098281,USA
C4198,,Female,,,,,,,,,UK
C4199,Ankit,Female,,Pune,2025-03-01,,4085.43,10.0,user4198@mail.com,9364196916,UK
C4200,Simran,Female,,Hyderabad,,,,10.0,,,USA
C4201,Priya,Female,,Mumbai,2025-02-05,,,,user4200@mail.com,,Canada
C4202,Ankit,,,Chennai,2023-08-05,,,10.0,user4201@mail.com,,UK
C4203,Sneha,,,Mumbai,,,,,user4202@mail.com,,India
C4204,,Female,62,Kolkata,2020-10-20,,,,user4203@mail.com,,Australia
C4205,Ankit,,,Chennai,,2020-12-20,,10.0,,,India
C4206,Neha,Male,38,Pune,2025-07-10,,,10.0,,,India
C4207,Ravi,Male,,Hyderabad,,,,10.0,,,UK
C4208,,Male,,Pune,,,725.49,,,,USA
C4209,Pooja,Female,64,Chennai,2023-08-12,,,4.0,,,Canada
C4210,Ravi,,,Pune,,,,3.0,,,India
C4211,,Female,,Hyderabad,,,,10.0,,,USA
C4212,Neha,,,Mumbai,,,,,user4211@mail.com,9461594048,USA
C4213,,Female,54,Hyderabad,,,,,,,USA
C4214,Pooja,Male,58,,,2020-10-22,2203.12,,,,Australia
C4215,Rahul,,,,2021-09-05,,3940.26,,user4214@mail.com,,USA
C4216,,,,,2021-10-08,2025-12-23,3318.35,10.0,user4215@mail.com,9383651992,
C4217,Rahul,Male,54,Chennai,,2022-02-11,,10.0,,,
C4218,Sneha,Female,,Chennai,2024-10-19,,,,user4217@mail.com,,India
C4219,Rahul,Female,44,Pune,2023-12-24,,,,,9782000080,India
C4220,,Female,,Hyderabad,2024-12-23,,,,,,UK
C4221,Kiran,,28,Ahmedabad,2023-08-05,,,,user4220@mail.com,9528065267,India
C4222,Amit,Female,,Bangalore,,,3928.62,,,,UK
C4223,Simran,Female,45,Bangalore,2025-02-09,2021-08-20,,,,,UK
C4224,Priya,Female,,Delhi,,2024-11-24,,,,,
C4225,Kiran,,,Delhi,2022-03-14,,,1.0,user4224@mail.com,,Australia
C4226,Ravi,,,Mumbai,,,,,user4225@mail.com,,Canada
C4227,Neha,,,Mumbai,,2022-03-28,,1.0,,,Canada
C4228,Ankit,Male,,Bangalore,,,1974.79,1.0,,,
C4229,Rahul,Male,,Bangalore,2021-06-28,,4237.4,10.0,user4228@mail.com,9432402656,
C4230,,Female,,Pune,,,,2.0,user4229@mail.com,,India
C4231,,,,Mumbai,,2020-12-08,,,,9635538772,
C4232,Sneha,Male,,Mumbai,,2024-10-31,,,,9788905579,Canada
C4233,Simran,Male,,Kolkata,2023-08-27,,,,,,UK
C4234,,,,,,,,3.0,,9303673762,
C4235,Sneha,Male,,Delhi,2024-12-03,,,4.0,,9503908076,
C4236,Priya,Female,,Chennai,,,1778.46,,,,India
C4237,Pooja,Female,,Hyderabad,2024-09-13,,,,user4236@mail.com,,UK
C4238,,Male,47,,2024-10-03,,771.76,,,,India
C4239,Pooja,Male,,Ahmedabad,,2021-09-27,,,,,UK
C4240,Sneha,Female,,Bangalore,,2025-01-20,502.23,,,,
C4241,Sneha,Male,,Pune,,,,10.0,,,Canada
C4242,Amit,Male,,Ahmedabad,,2023-11-30,,10.0,,9426300678,UK
C4243,Kiran,Male,,Delhi,2024-05-07,,,1.0,,,USA
C4244,Kiran,Female,40,Pune,2024-07-12,,,1.0,,9221419034,India
C4245,Kiran,Female,,Bangalore,2023-11-01,,,10.0,,,India
C4246,Rahul,Female,52,Mumbai,,,,,,9674931879,Australia
C4247,Kiran,,,Pune,2025-09-13,,3322.86,3.0,,9797179058,Canada
C4248,Ravi,Male,,,,2024-01-11,,4.0,user4247@mail.com,,
C4249,,Male,57,,2024-06-23,,,1.0,user4248@mail.com,,India
C4250,Rahul,,,Kolkata,2025-02-21,,,,user4249@mail.com,,UK
C4251,Kiran,Male,,Delhi,2024-02-29,,,10.0,,9593780873,Australia
C4252,Kiran,Female,,Ahmedabad,2023-10-30,,,,user4251@mail.com,9195721761,Australia
C4253,,Female,,Delhi,2025-12-14,2024-12-08,,,user4252@mail.com,,USA
C4254,Ankit,Male,,Ahmedabad,2020-10-21,,259.64,10.0,,,Canada
C4255,Amit,,,Mumbai,,2021-01-12,,10.0,,,Australia
C4256,Rahul,Male,,Hyderabad,,2023-06-23,56.38,,,,
C4257,Pooja,Female,29,Hyderabad,2025-11-06,,,10.0,,,Australia
C4258,Ankit,Female,,Delhi,,,,3.0,,,India
C4259,Rahul,,,Kolkata,2025-06-26,,,2.0,user4258@mail.com,,UK
C4260,Pooja,Male,,Hyderabad,,,,,,,USA
C4261,Neha,Male,64,Hyderabad,,,,2.0,,,UK
C4262,Rahul,Female,,,,2021-06-15,1142.35,10.0,,9478968407,UK
C4263,,,26,Kolkata,,,,,,9799147536,Canada
C4264,Simran,,38,,,,2619.39,,,,UK
C4265,,,,Hyderabad,2022-02-09,,,,,,Canada
C4266,Ankit,Male,,Pune,2021-04-23,,,10.0,user4265@mail.com,,
C4267,Sneha,,,Hyderabad,,2022-07-21,,4.0,,,UK
C4268,Simran,,,Mumbai,2025-12-26,2022-05-19,,4.0,,,India
C4269,Pooja,Male,,,2021-04-26,,4153.44,,,9889804817,
C4270,,Female,,Ahmedabad,2025-11-03,,,10.0,,,Canada
C4271,Sneha,Male,65,Ahmedabad,2024-11-06,2023-04-24,,,,9458383729,UK
C4272,Amit,Female,,,2025-08-02,,,10.0,,,UK
C4273,Priya,Female,,Kolkata,2020-11-02,,,1.0,user4272@mail.com,9394841177,Canada
C4274,Amit,Female,,Delhi,,,,10.0,,,India
C4275,Rahul,,,Mumbai,2023-02-21,,,4.0,,9714471851,
C4276,Simran,Female,,,2025-04-22,2025-11-09,1397.82,3.0,,9546860623,
C4277,,Female,,Kolkata,,,927.7,5.0,,,Canada
C4278,Sneha,Female,,Ahmedabad,,,,,,9804830229,Canada
C4279,Ankit,Male,,Bangalore,,,,2.0,,9431400274,India
C4280,Kiran,Female,,Kolkata,,2023-07-09,,,,,USA
C4281,Sneha,Female,51,Pune,2021-09-14,,,2.0,,,USA
C4282,Simran,Male,,Pune,2023-04-30,,,,,,India
C4283,Simran,Male,,Mumbai,,2020-12-27,,,user4282@mail.com,,Canada
C4284,Kiran,Male,,Pune,2024-05-23,2022-07-22,,,,9601361892,Canada
C4285,Simran,Female,,Pune,2022-04-30,,4798.43,10.0,,,UK
C4286,Simran,Male,,Kolkata,,2024-12-14,2396.2,5.0,,9654432991,India
C4287,Kiran,Male,,Bangalore,,2020-12-24,,,,,USA
C4288,Rahul,,59,Hyderabad,2022-10-21,,,,,,USA
C4289,Simran,Male,28,Chennai,,,3984.15,,,,USA
C4290,Rahul,,,Pune,,,4173.27,1.0,,9634762793,Canada
C4291,,Female,,Mumbai,2021-04-24,,,,,,
C4292,,Male,,Bangalore,2020-10-10,,1534.65,,user4291@mail.com,,Canada
C4293,,Female,,,2020-12-30,,,,,,Canada
C4294,Kiran,Male,51,Bangalore,2025-11-27,,4772.31,1.0,,,India
C4295,Priya,,38,Bangalore,2025-09-24,2025-05-03,1074.63,4.0,user4294@mail.com,,Australia
C4296,Simran,Male,,Ahmedabad,2022-03-12,,,3.0,user4295@mail.com,,UK
C4297,Kiran,,,Bangalore,2023-10-25,2024-05-21,,2.0,,,
C4298,Rahul,Male,,Hyderabad,,,,3.0,,9426152954,USA
C4299,Amit,,,Pune,2025-12-04,,,4.0,user4298@mail.com,9164040760,Canada
C4300,Kiran,Female,,Delhi,,,,,,,Australia
C4301,Sneha,Male,55,Mumbai,,,,,user4300@mail.com,9129158659,Canada
C4302,Sneha,Male,49,Delhi,,,,10.0,,9759264360,Australia
C4303,Neha,,,Hyderabad,,,,,,,USA
C4304,Amit,,49,Bangalore,,,,,user4303@mail.com,,Canada
C4305,Priya,Male,,Pune,,2023-02-27,3680.6,10.0,user4304@mail.com,,
C4306,Kiran,Female,,Pune,,,,10.0,,,India
C4307,Ravi,Female,,Pune,2023-06-20,,3630.5,,,,Australia
C4308,Priya,,,Delhi,2022-10-08,,767.81,5.0,,,UK
C4309,Kiran,,,Chennai,,2025-12-23,2887.84,10.0,user4308@mail.com,,UK
C4310,Rahul,Male,,Chennai,,,,,,,Canada
C4311,Ankit,Male,,Hyderabad,,,,2.0,,,Canada
C4312,Kiran,Male,,,2021-10-05,2020-09-30,,2.0,,,UK
C4313,Rahul,Female,,Bangalore,,2021-06-09,,,,,UK
C4314,Rahul,Female,32,Mumbai,,,,5.0,,9330331533,
C4315,Pooja,Female,25,Ahmedabad,2024-11-02,2025-12-14,2957.01,3.0,user4314@mail.com,,Australia
C4316,Amit,Female,,Delhi,2025-10-03,,1924.45,,,9723875131,UK
C4317,Sneha,Male,,Bangalore,,,,,,,USA
C4318,Sneha,Male,,Kolkata,2021-03-01,,,10.0,,9363872697,Canada
C4319,Neha,Female,,,,,,,,9505770062,Australia
C4320,Amit,Female,,Delhi,2024-02-29,2021-07-05,,,,,
C4321,Ravi,Male,,Delhi,,,,3.0,,,
C4322,Sneha,Male,,Delhi,,,,4.0,,9829347299,USA
C4323,Pooja,Female,27,Bangalore,,,,10.0,,,UK
C4324,Neha,Male,,Mumbai,,,,5.0,,9873636983,USA
C4325,Priya,,,Delhi,,2023-03-14,4689.94,1.0,,,Australia
C4326,Sneha,Male,,Mumbai,,,116.78,3.0,,9181605435,Australia
C4327,Ravi,Male,,Kolkata,2021-03-25,,,,user4326@mail.com,,USA
C4328,Simran,Male,,Delhi,,,,5.0,user4327@mail.com,,USA
C4329,Rahul,Female,,Delhi,2024-02-03,,,,user4328@mail.com,9814527030,Canada
C4330,Rahul,Male,,,,,,10.0,user4329@mail.com,,
C4331,Simran,,43,Delhi,2025-06-24,2022-10-07,893.63,,,9265797363,
C4332,Amit,,,Ahmedabad,,,,2.0,user4331@mail.com,,Canada
C4333,,Male,,Kolkata,,,,,user4332@mail.com,,India
C4334,Priya,Female,,Kolkata,2021-10-02,,,5.0,user4333@mail.com,9377124863,India
C4335,Simran,Male,58,Delhi,2021-03-03,2023-05-25,,10.0,,9175400132,UK
C4336,Rahul,,,Bangalore,2024-08-17,,,,user4335@mail.com,,Canada
C4337,Kiran,Female,32,Delhi,2025-07-16,2025-09-24,,2.0,,,
C4338,Sneha,Female,,Delhi,,,,,,9458355922,USA
C4339,Simran,Female,42,Hyderabad,2024-02-14,2023-09-24,,,user4338@mail.com,,Canada
C4340,Ankit,Female,,Chennai,,,,,,,UK
C4341,,Female,,Mumbai,,2022-01-09,,10.0,user4340@mail.com,,Canada
C4342,Ankit,Male,,Chennai,,2021-10-28,,,,,UK
C4343,Rahul,Male,,,2025-11-23,2021-08-13,,,,9339576750,
C4344,,Female,,Ahmedabad,,,1010.0,10.0,user4343@mail.com,9787949625,India
C4345,,Male,,Delhi,2024-02-15,,3115.01,10.0,,,Canada
C4346,,Male,,Chennai,,2025-03-21,,,,,USA
C4347,,,69,Mumbai,2021-12-15,,4560.51,2.0,user4346@mail.com,9644413655,Australia
C4348,,Female,,Kolkata,2022-03-28,,,4.0,,,Australia
C4349,Neha,Male,,Pune,,2023-09-01,,,,,USA
C4350,,Male,,Chennai,,2023-04-11,,,,9574437789,Canada
C4351,Ravi,,,Hyderabad,,,,10.0,user4350@mail.com,,
C4352,Simran,Male,32,Ahmedabad,2021-05-30,2021-10-04,,,,,UK
C4353,Priya,,,Hyderabad,2024-12-17,2022-10-18,,10.0,,,
C4354,Sneha,,,Chennai,2022-09-24,,,,,,India
C4355,Ankit,Male,,Bangalore,,2023-03-23,,,,,UK
C4356,Sneha,Male,65,Delhi,2020-12-05,,791.43,,,,Australia
C4357,,Male,,Pune,,2020-10-23,,,,,USA
C4358,Kiran,Male,,Delhi,,,4905.82,10.0,,,UK
C4359,Kiran,Female,,Hyderabad,,2025-03-05,,,,,
C4360,,Female,45,Mumbai,2021-06-30,2022-10-14,,10.0,,9195192062,Australia
C4361,Pooja,Male,35,Kolkata,,2022-11-11,,3.0,user4360@mail.com,,India
C4362,Ankit,Male,,Mumbai,,,2857.17,,user4361@mail.com,,Australia
C4363,Sneha,Male,43,Kolkata,,,753.53,4.0,,9196726463,
C4364,Amit,,,Ahmedabad,2021-07-29,,1284.14,1.0,user4363@mail.com,,
C4365,Sneha,,,Delhi,2025-07-18,,3197.28,10.0,,,India
C4366,Rahul,Female,,Kolkata,2020-12-11,,,,,9932275814,UK
C4367,Ravi,,39,Mumbai,2022-12-19,,,,,9865734761,India
C4368,Kiran,Female,,Hyderabad,2024-02-17,2020-10-17,,,user4367@mail.com,9599218880,Canada
C4369,Pooja,,,Mumbai,,,,2.0,,,
C4370,Priya,,,Pune,2025-07-21,,,,,,
C4371,Sneha,Female,,,,,,3.0,,,UK
C4372,Ravi,Male,,,2022-01-03,,,,,,Australia
C4373,Amit,Female,,Mumbai,2022-05-11,,,,,,UK
C4374,Rahul,,,Chennai,,,,5.0,user4373@mail.com,,Canada
C4375,Priya,Female,,Delhi,2025-03-25,2022-03-14,,,user4374@mail.com,,Canada
C4376,Amit,Male,,Ahmedabad,2023-04-23,,,,user4375@mail.com,9421469790,UK
C4377,Sneha,Female,,Ahmedabad,2023-03-03,,,,,,Canada
C4378,Ravi,Male,63,Kolkata,,,,2.0,,,Australia
C4379,Amit,Female,,Delhi,,,,,user4378@mail.com,9965567724,UK
C4380,Sneha,,62,,2020-12-25,,177.66,10.0,user4379@mail.com,,
C4381,Pooja,Male,33,Hyderabad,2022-02-27,,,,,9937407124,Canada
C4382,Simran,Female,,Ahmedabad,2021-06-25,2024-08-20,,10.0,user4381@mail.com,9799440615,
C4383,Priya,,,Mumbai,,,,,user4382@mail.com,,Australia
C4384,Neha,Male,,Ahmedabad,,,,,,9480396766,UK
C4385,Sneha,Male,,Mumbai,,2025-06-23,,,user4384@mail.com,9508219386,Australia
C4386,Neha,Male,,Delhi,2024-10-18,,1426.77,2.0,,9165112462,
C4387,,Female,,Delhi,2024-04-02,,,10.0,user4386@mail.com,,Australia
C4388,,Female,66,,,,4052.55,10.0,,,Australia
C4389,Rahul,,,Hyderabad,2022-09-30,2025-05-29,1747.69,,,,Canada
C4390,Pooja,Male,,Delhi,2023-10-29,2024-03-07,,5.0,,,UK
C4391,Neha,Male,63,Mumbai,,,,,user4390@mail.com,9544011894,India
C4392,Ankit,,,Delhi,2023-08-12,,3082.17,4.0,,,
C4393,Neha,Male,,Delhi,2024-09-27,,4630.51,10.0,,9213278656,India
C4394,Simran,Male,,Pune,,,,1.0,,9983529127,Canada
C4395,Ravi,Female,,Delhi,,,,3.0,user4394@mail.com,,
C4396,Ravi,Male,,Chennai,,2022-12-13,,10.0,,,USA
C4397,Kiran,Male,,,,,979.5,,user4396@mail.com,9603556333,USA
C4398,Rahul,Male,30,Bangalore,,,,,,,Australia
C4399,,Female,,Chennai,,2024-01-18,,,,,India
C4400,Priya,,,Bangalore,2023-03-31,,2638.95,,,,UK
C4401,,Male,,,2021-11-05,2023-06-22,,,,,
C4402,,Male,,,,,,10.0,user4401@mail.com,,
C4403,Rahul,Male,,Pune,,2024-04-11,,,,,Canada
C4404,Sneha,Male,,,,2021-09-15,,,,,UK
C4405,Amit,Female,,Kolkata,2022-06-05,,,,,,USA
C4406,Amit,Male,52,Delhi,2024-05-01,,157.64,10.0,,9633665122,
C4407,Priya,Female,49,Kolkata,2025-10-12,2022-05-25,,1.0,user4406@mail.com,,USA
C4408,Amit,Male,60,Kolkata,,,,2.0,,,UK
C4409,Simran,Female,,Mumbai,,,2239.97,,user4408@mail.com,9253463828,
C4410,,Female,,Chennai,2026-01-10,2023-02-06,,,user4409@mail.com,,USA
C4411,Pooja,Male,45,Ahmedabad,,2021-05-27,,10.0,,,UK
C4412,Sneha,Male,,Pune,,,3375.26,1.0,,9378662993,USA
C4413,,Male,,Pune,2021-01-15,,,10.0,user4412@mail.com,9503876865,India
C4414,Simran,,,Chennai,2024-01-23,,,,user4413@mail.com,,India
C4415,Pooja,,,,2024-07-13,,,,,,Australia
C4416,,,,Bangalore,,,1757.23,,,9926945313,Canada
C4417,Ravi,,52,Chennai,2025-05-28,2024-04-03,,10.0,,,
C4418,,Female,,Chennai,2021-02-01,2025-08-18,,,,9966690525,Canada
C4419,,Male,,Delhi,,2022-08-26,,,,9994254985,USA
C4420,Ankit,Male,43,Kolkata,2022-12-07,,1916.88,,,,
C4421,Neha,Female,,Chennai,,,,,,9420980814,India
C4422,Neha,Male,,,,2025-09-14,907.41,,user4421@mail.com,9305278887,Australia
C4423,Neha,Male,,Bangalore,2025-05-10,,,,,,Canada
C4424,Kiran,Female,,,2024-10-01,,,,,9464030313,India
C4425,,Female,60,Chennai,2024-03-16,,,10.0,,,
C4426,Amit,Female,,Ahmedabad,2021-10-22,2025-10-10,,3.0,,9361616186,
C4427,,,,Bangalore,,,,10.0,,,India
C4428,Sneha,Male,,Bangalore,,,,,,,India
C4429,Sneha,Male,,,,,3375.38,10.0,,,Canada
C4430,Priya,Female,,Ahmedabad,,,,,user4429@mail.com,9904888153,
C4431,Sneha,Female,,,,,,5.0,,,India
C4432,Kiran,Male,,Pune,2024-10-16,,,4.0,,,India
C4433,Pooja,,70,Delhi,,2022-12-26,,,,,Canada
C4434,,,,Hyderabad,2020-08-13,,3045.72,10.0,,,Australia
C4435,Ankit,Male,,Ahmedabad,2021-12-12,2022-04-23,,10.0,,,India
C4436,Pooja,,,Bangalore,,,,,user4435@mail.com,9846141034,
C4437,Neha,,44,Kolkata,2022-09-30,,,,user4436@mail.com,9777096149,Australia
C4438,Ravi,Male,,Hyderabad,2021-01-29,,,10.0,,,India
C4439,Priya,,,Delhi,,2021-10-03,,3.0,,,Australia
C4440,Neha,Female,,Pune,,2021-12-30,3686.94,10.0,,,India
C4441,Simran,Female,60,Hyderabad,2025-12-04,,2543.57,10.0,,,
C4442,Pooja,,50,Hyderabad,,,,,,,Australia
C4443,Kiran,Female,53,Bangalore,,,,10.0,,,USA
C4444,Rahul,Female,,Mumbai,,,,1.0,,,Australia
C4445,Simran,Male,,Ahmedabad,2021-11-05,,,10.0,,,UK
C4446,Rahul,Female,,Ahmedabad,,2022-04-04,,,,,India
C4447,,Female,22,Kolkata,,,,5.0,,,UK
C4448,,Male,,,,,,,user4447@mail.com,,UK
C4449,Ravi,Male,,Pune,,2025-12-14,,2.0,user4448@mail.com,,
C4450,Simran,Male,,Delhi,,2023-03-18,,1.0,,,Australia
C4451,,Male,,Hyderabad,,2025-07-29,298.19,,,9864066996,Canada
C4452,Kiran,Male,,Pune,2022-01-26,,,1.0,,,Australia
C4453,Neha,Male,,Pune,,2025-11-10,,3.0,user4452@mail.com,,Canada
C4454,,Male,,Kolkata,2021-07-15,,,,,9764248809,Australia
C4455,Priya,Female,,Ahmedabad,,,,10.0,user4454@mail.com,,Australia
C4456,,Female,,Hyderabad,,2024-08-17,,3.0,,,Australia
C4457,Pooja,Male,,Hyderabad,2020-12-12,2025-01-17,,10.0,,9125843146,Australia
C4458,Simran,,,Pune,2021-10-25,2025-09-08,266.81,10.0,user4457@mail.com,,UK
C4459,Amit,Female,,Pune,2023-03-06,2023-07-03,3255.83,10.0,,,UK
C4460,Kiran,Female,,Mumbai,,2023-05-29,,,,,Australia
C4461,Simran,,,Chennai,2020-09-03,2025-10-06,,10.0,,9179163299,USA
C4462,,Male,,,2023-06-02,,,,,9110504390,Canada
C4463,,Female,,Hyderabad,,,,,,,Canada
C4464,Ankit,,,Delhi,2023-07-25,,,,user4463@mail.com,,Australia
C4465,Sneha,Male,,,2021-03-11,,1340.16,10.0,,9583330174,USA
C4466,Priya,,60,Bangalore,2025-06-29,2020-09-26,,,,9196671762,USA
C4467,Amit,Male,22,,,,1694.78,,,,Canada
C4468,Pooja,Male,,Ahmedabad,2024-02-07,,,,,,USA
C4469,Neha,,,Pune,2021-09-10,2025-08-15,3812.67,1.0,user4468@mail.com,,UK
C4470,Simran,Female,,Ahmedabad,2024-12-31,,,,,,UK
C4471,,,,Ahmedabad,,2024-06-29,,10.0,user4470@mail.com,,Canada
C4472,Sneha,,,Ahmedabad,,,,5.0,user4471@mail.com,9182883845,Canada
C4473,Sneha,,,Hyderabad,,2021-12-21,,4.0,,,Australia
C4474,Ankit,Male,37,Pune,,2022-11-24,805.15,,,,UK
C4475,Sneha,Male,57,Pune,2020-11-28,2023-03-02,,10.0,,,Australia
C4476,,Female,,Bangalore,2022-09-09,2020-12-05,,,user4475@mail.com,,Australia
C4477,,,,,2023-12-15,,3230.6,3.0,,9282646599,Australia
C4478,,Female,41,Pune,,2022-01-24,3978.48,,,9167575794,USA
C4479,Pooja,Male,,Chennai,,,,,,,
C4480,Ankit,,,Chennai,,2022-05-31,,10.0,user4479@mail.com,,India
C4481,Sneha,Female,,Kolkata,2024-08-02,,,1.0,user4480@mail.com,,USA
C4482,Simran,Male,,Ahmedabad,,2023-12-05,,,,,Australia
C4483,Priya,,,,2025-10-02,2023-01-19,,10.0,,,USA
C4484,,Female,,Kolkata,2024-11-18,,,,,9232931755,UK
C4485,Ankit,,,Ahmedabad,,,,1.0,user4484@mail.com,,UK
C4486,Sneha,,41,Kolkata,,,,2.0,,9545376055,Australia
C4487,Ankit,Male,34,,,,,,,,India
C4488,Kiran,Female,,,2024-09-06,,,,,,
C4489,Priya,,,Bangalore,,,,,,9258634051,
C4490,Priya,Female,,Delhi,2023-05-30,2023-01-27,358.25,,,,India
C4491,Neha,,31,Bangalore,2023-05-21,,,,user4490@mail.com,,USA
C4492,Ravi,Male,,Bangalore,2020-10-09,,1974.46,,user4491@mail.com,9370520065,Australia
C4493,Amit,Female,,Mumbai,,,1236.03,,,,India
C4494,Sneha,Female,,Delhi,,2023-07-01,1975.94,10.0,user4493@mail.com,,Australia
C4495,,Female,,Pune,2024-04-24,,2803.72,,,,USA
C4496,Ravi,Male,,Ahmedabad,2023-05-29,,,,,,
C4497,Simran,Female,,Chennai,2022-05-01,2020-08-31,,3.0,,9778451262,Australia
C4498,,Female,,Hyderabad,,2022-02-24,,1.0,user4497@mail.com,,Canada
C4499,Rahul,Male,,Mumbai,2021-07-12,2023-10-15,,,,,Australia
C4500,,Male,,Ahmedabad,,,,,,,Australia
C4501,Neha,,,Kolkata,2023-03-20,,65.27,,,,Australia
C4502,,Male,66,Ahmedabad,2024-04-01,,,,user4501@mail.com,,Canada
C4503,Neha,Female,,Mumbai,2026-01-22,,4384.25,,user4502@mail.com,,
C4504,Ravi,Male,,Hyderabad,2024-04-11,2025-01-09,,,,,UK
C4505,,,,Mumbai,,2021-10-25,3438.52,10.0,,,Canada
C4506,Amit,Female,,Ahmedabad,2021-07-14,2020-10-04,2683.12,,,9966019446,
C4507,Priya,,,Bangalore,,,312.0,3.0,user4506@mail.com,9100381609,
C4508,Rahul,Female,23,Bangalore,2022-12-04,,,,user4507@mail.com,,India
C4509,Kiran,Female,,Delhi,2022-09-07,,,,,,Canada
C4510,Sneha,Female,,Ahmedabad,,,,,,,Canada
C4511,,Male,63,Kolkata,2021-05-26,,,,user4510@mail.com,9496167111,UK
C4512,Rahul,,,,2020-11-04,,,10.0,,9854577762,Canada
C4513,Rahul,,,Pune,2021-04-22,,,,,,India
C4514,,Male,,Mumbai,,2025-09-05,,2.0,,,UK
C4515,Ravi,,,Ahmedabad,2025-05-21,,,,,9776567450,UK
C4516,Rahul,,,,,,3128.03,,,9876448779,
C4517,,Female,45,Kolkata,2023-06-11,,,,,,
C4518,Ankit,Male,,Ahmedabad,,,,2.0,,,
C4519,Amit,Female,,Chennai,2025-01-11,,,,user4518@mail.com,9968669287,India
C4520,Rahul,Male,,Mumbai,,,,3.0,,9625256505,USA
C4521,Amit,,,Hyderabad,,2025-12-17,,4.0,user4520@mail.com,,
C4522,,Female,,Hyderabad,,,,,,,
C4523,Priya,Female,52,Bangalore,2021-03-19,,,4.0,user4522@mail.com,,Australia
C4524,Amit,Female,,Ahmedabad,,,,,user4523@mail.com,,India
C4525,Neha,,,Hyderabad,,,,10.0,,,India
C4526,Rahul,,,Bangalore,2022-11-16,,,3.0,user4525@mail.com,,India
C4527,Neha,Female,,Bangalore,2025-07-02,,,,user4526@mail.com,,Australia
C4528,,,,Hyderabad,,,,,,,UK
C4529,Neha,,,Kolkata,2024-12-14,,,,,,USA
C4530,,Female,32,Pune,,,,2.0,,9540216064,UK
C4531,Ankit,Male,,Kolkata,,,,,,,Australia
C4532,Sneha,,,Hyderabad,,2023-06-15,,5.0,,,USA
C4533,Neha,Male,66,Hyderabad,,,58.14,,,,Australia
C4534,Neha,,,Mumbai,2022-10-30,,,,,,UK
C4535,Ravi,Female,66,Delhi,2024-09-16,,,,,9696077447,
C4536,Neha,,,Delhi,,2023-04-05,3162.3,,,9299326077,India
C4537,Ravi,,,Pune,2021-12-21,,,1.0,,,Canada
C4538,Pooja,Male,,Delhi,2020-09-11,2021-05-03,,,,,UK
C4539,Kiran,,,,2024-03-29,,,,,,
C4540,Ravi,Male,54,Hyderabad,2024-12-01,,,,,9452672107,Canada
C4541,,Male,,,,,,10.0,user4540@mail.com,,USA
C4542,Ankit,Male,,,2021-12-24,,,,user4541@mail.com,9139743549,
C4543,Kiran,Female,,Delhi,,,,10.0,user4542@mail.com,,USA
C4544,Ravi,Female,,Ahmedabad,,,,,,,India
C4545,Priya,,,Delhi,,,,,,,Canada
C4546,Pooja,Female,,,2022-04-24,,,1.0,user4545@mail.com,,UK
C4547,,Female,44,Kolkata,,2021-06-09,1376.82,10.0,,,
C4548,Kiran,Male,,Ahmedabad,2023-02-11,,,,user4547@mail.com,9691365102,
C4549,,Female,59,Hyderabad,,,,10.0,,,UK
C4550,Ankit,Male,,Pune,,,,3.0,,9258016497,USA
C4551,Simran,Male,,Kolkata,2023-06-22,,,10.0,,9195272549,
C4552,Amit,,,Chennai,2025-06-06,,,,,,Australia
C4553,Rahul,,,Pune,2021-04-25,,,10.0,,,India
C4554,Ankit,Female,67,Pune,,,1163.28,,,,USA
C4555,Kiran,Female,,Ahmedabad,2020-12-02,,,,,,USA
C4556,Neha,Female,23,,2024-05-19,2020-12-11,,,,,India
C4557,Ankit,Female,45,Kolkata,,,,,,,Australia
C4558,Simran,,65,Chennai,,2024-03-15,,10.0,,,Australia
C4559,,Male,,Ahmedabad,2022-02-06,,,10.0,,,
C4560,,Male,62,Delhi,2025-02-01,2025-07-28,,,,,
C4561,Pooja,Male,,Delhi,2025-08-28,2023-02-11,,,,9963291939,Canada
C4562,,Male,,Delhi,2025-02-23,,,10.0,,,
C4563,Priya,,,Delhi,2021-09-10,,,5.0,user4562@mail.com,,Australia
C4564,Ankit,Female,,Ahmedabad,2024-09-07,,3176.61,,,,Australia
C4565,Pooja,Female,,Ahmedabad,,,,,,,Australia
C4566,,,28,Pune,,,,,user4565@mail.com,,Australia
C4567,Pooja,,61,Kolkata,2020-11-13,,,,,,USA
C4568,Pooja,Female,,Delhi,,,,10.0,,,
C4569,,,,,,,4374.25,,,,
C4570,Rahul,,,Pune,,2020-09-11,,10.0,,,Australia
C4571,,Male,,Ahmedabad,2023-04-05,2021-10-31,,,user4570@mail.com,,Australia
C4572,Priya,Female,33,Bangalore,,,,,,,Canada
C4573,Rahul,Female,,Kolkata,,2025-07-15,,,,9693503303,India
C4574,Simran,Male,,Mumbai,2023-09-30,,,10.0,,9491698685,
C4575,Rahul,Male,39,Delhi,,2024-07-10,,,user4574@mail.com,,India
C4576,Kiran,Female,38,,2021-11-11,,,,user4575@mail.com,,USA
C4577,Rahul,Female,69,Pune,2023-01-26,,,10.0,,,UK
C4578,,,,Delhi,2024-04-24,,4735.15,,,,India
C4579,Simran,Male,29,Mumbai,2022-09-29,,87.42,,,9747525058,Australia
C4580,Ravi,Male,,Bangalore,,,,5.0,user4579@mail.com,,USA
C4581,Pooja,Female,,Chennai,2024-02-18,,,,,,UK
C4582,Pooja,Female,,Pune,,,462.5,5.0,,,
C4583,Pooja,,,Pune,2022-03-19,2024-08-28,,4.0,,,India
C4584,Pooja,,,Hyderabad,2021-12-09,,,3.0,,,Australia
C4585,Sneha,Female,59,Delhi,2021-09-30,2021-06-01,,,,9473401879,
C4586,Neha,Male,,Mumbai,,,,,,,
C4587,Pooja,Male,67,Pune,2023-05-19,,,10.0,,9973247446,UK
C4588,,Female,,Chennai,,,,,,9649782646,Canada
C4589,Kiran,Male,,Mumbai,,,,,,,Australia
C4590,Simran,Female,46,Ahmedabad,,,,10.0,,,Australia
C4591,Ravi,,28,Chennai,,2023-06-20,,10.0,,,India
C4592,Priya,Male,,,,,,,user4591@mail.com,,UK
C4593,Neha,Male,59,,2023-11-11,,,3.0,,,USA
C4594,Neha,Male,60,,2022-04-18,,,,user4593@mail.com,,UK
C4595,Priya,,63,Mumbai,,,4377.7,,user4594@mail.com,,Canada
C4596,Amit,Female,,Pune,2021-01-28,,3830.83,,,,USA
C4597,Sneha,Male,,Chennai,,,,5.0,,,India
C4598,Priya,Male,,Pune,2024-04-15,,,,user4597@mail.com,,Canada
C4599,,Female,,Hyderabad,,,,,,,UK
C4600,Priya,Male,,Pune,2021-10-03,,,,,,Canada
C4601,Sneha,,,Bangalore,2024-06-19,2021-08-05,,,,,UK
C4602,Neha,Male,,Pune,2021-03-29,,,10.0,,,Canada
C4603,Simran,Female,,Kolkata,,2020-12-09,,10.0,,9343605326,Canada
C4604,Ankit,Female,,Hyderabad,2026-01-08,,,,,,India
C4605,,Male,,Kolkata,,2025-04-12,,,user4604@mail.com,,USA
C4606,Neha,Female,,Pune,,,,5.0,,,USA
C4607,Ankit,Female,,Delhi,2024-08-26,,,,,,USA
C4608,Ankit,Male,,Chennai,2023-04-01,2021-10-26,3021.0,,user4607@mail.com,9545926313,UK
C4609,Kiran,Female,,Bangalore,2024-04-15,,,,user4608@mail.com,,
C4610,Sneha,,52,Delhi,2023-11-13,,,10.0,,,
C4611,Ravi,,59,Kolkata,2021-03-04,,4351.72,10.0,,,USA
C4612,,Male,,Chennai,2024-12-20,,592.92,,,9832685178,USA
C4613,Ankit,Male,38,Bangalore,2023-04-04,,,10.0,,,
C4614,Simran,,,Bangalore,,,961.52,1.0,user4613@mail.com,,
C4615,Sneha,Female,,Chennai,2023-11-06,2023-06-26,,10.0,,,India
C4616,Sneha,Female,,,2025-03-22,2022-11-23,4351.37,,,,Canada
C4617,Sneha,Female,23,Mumbai,,,,10.0,user4616@mail.com,,India
C4618,Ankit,Female,,Bangalore,,,,,user4617@mail.com,,USA
C4619,Sneha,,,Chennai,,,,,,,Australia
C4620,Simran,Male,45,Ahmedabad,2020-09-04,,3125.45,,,,Canada
C4621,Simran,,,Delhi,2021-01-05,,,,,9605234171,India
C4622,Ankit,,,Kolkata,2023-09-03,,,10.0,user4621@mail.com,,UK
C4623,Rahul,Female,,Bangalore,,,,,,,UK
C4624,Kiran,,35,Mumbai,2020-12-15,,,,,,Canada
C4625,,Male,,Hyderabad,,,3045.64,,,,India
C4626,Kiran,Female,35,Pune,2022-11-22,2021-02-02,,4.0,user4625@mail.com,,India
C4627,Rahul,Female,,Chennai,2023-05-14,2022-10-23,4039.16,4.0,user4626@mail.com,,Australia
C4628,Priya,Male,,,,2021-06-22,,,user4627@mail.com,,Australia
C4629,Simran,Male,29,Bangalore,,2021-03-22,,10.0,,,
C4630,Simran,,29,Pune,,,,4.0,user4629@mail.com,,India
C4631,Sneha,Male,,Pune,,,,,,,
C4632,,Male,,Kolkata,2022-02-07,,,1.0,,9218995103,India
C4633,Simran,Male,24,Pune,,,,,,,USA
C4634,Ravi,Female,,Mumbai,,2022-01-18,4854.25,10.0,,,
C4635,Kiran,,,Delhi,2021-11-07,2022-07-02,,,,,
C4636,Neha,Male,,Chennai,2021-11-02,2020-08-22,,3.0,,,
C4637,Ankit,Male,,Bangalore,,,4014.36,,,9647626550,Australia
C4638,Ravi,Female,18,Delhi,,2024-09-25,,4.0,,9765263745,India
C4639,Neha,,,Delhi,2024-03-01,,,,,,Australia
C4640,Rahul,Male,,Chennai,2023-06-23,2025-10-22,,,,,India
C4641,Amit,Male,58,,2021-05-28,,3743.55,,,9445881760,
C4642,Sneha,,,Delhi,,,,4.0,user4641@mail.com,,India
C4643,Kiran,Male,,Hyderabad,2020-12-06,2023-02-26,,10.0,user4642@mail.com,9722872625,India
C4644,,Male,,,,,979.16,10.0,,9992673260,India
C4645,Priya,,,Delhi,2024-04-22,,3548.7,2.0,,,India
C4646,Sneha,Male,,Pune,2025-02-28,2023-05-24,,,,9870238225,
C4647,Rahul,Female,,Hyderabad,,,3794.53,,,,USA
C4648,Simran,,,Delhi,,,,10.0,,,USA
C4649,Priya,Female,,Pune,,2022-08-03,,,,,Australia
C4650,Pooja,,,Hyderabad,2022-01-26,,3819.4,,user4649@mail.com,,USA
C4651,Kiran,,,Mumbai,,,,,,,UK
C4652,Neha,Male,35,,2025-03-09,,,5.0,,,Australia
C4653,,Male,,Bangalore,,,,2.0,,,Australia
C4654,Priya,Female,,Kolkata,,,,3.0,,,USA
C4655,Priya,Female,42,Chennai,2020-10-01,2024-07-22,,10.0,,9410670920,UK
C4656,,Female,,Kolkata,,,4756.57,10.0,,,
C4657,Pooja,Female,,,2021-09-21,,,3.0,,,India
C4658,Sneha,Male,,Delhi,,2023-01-10,,10.0,,,UK
C4659,,Female,,Kolkata,,,,,,,UK
C4660,Ankit,,,Bangalore,2025-07-22,2024-03-11,3082.47,1.0,,9196331342,USA
C4661,Sneha,Male,,Ahmedabad,2024-01-05,2023-09-06,,5.0,,9507503011,India
C4662,Ravi,Female,,Chennai,,2025-04-12,,,user4661@mail.com,9153987452,Canada
C4663,,Male,,Kolkata,,,,,,,Canada
C4664,Sneha,Male,,,,,,,,,India
C4665,,,,Ahmedabad,2022-08-18,2025-08-18,,10.0,,,USA
C4666,Rahul,Male,,Chennai,,,,,,,
C4667,,Female,,Pune,,,,4.0,,9103701172,UK
C4668,Rahul,,29,,2021-11-20,,,3.0,,,Canada
C4669,Priya,Male,42,Delhi,2025-02-24,,,,user4668@mail.com,,Canada
C4670,Ravi,Male,,Kolkata,2020-08-21,,3468.36,10.0,,,Australia
C4671,Kiran,Male,,Delhi,2022-04-06,,,,,,Canada
C4672,Ravi,Male,,Mumbai,,,,,,,USA
C4673,,Female,,Chennai,2025-10-16,,2530.58,10.0,,,UK
C4674,,Female,,Hyderabad,2020-09-14,2021-10-10,,,,,UK
C4675,Neha,Female,54,Hyderabad,,,,,,,USA
C4676,Kiran,,19,,2025-03-15,2020-12-14,,5.0,,,UK
C4677,Kiran,Female,,Delhi,,,2737.68,2.0,user4676@mail.com,9241208972,UK
C4678,Pooja,Female,44,Chennai,,2025-10-10,,10.0,user4677@mail.com,,UK
C4679,Ankit,Female,,Bangalore,2020-10-16,2022-09-29,,,,9556046752,UK
C4680,Pooja,,,Ahmedabad,,,,,,,Canada
C4681,,Male,,Bangalore,,,,,,,India
C4682,Pooja,Male,31,Kolkata,,,2653.94,10.0,,,Australia
C4683,Priya,Female,,Kolkata,2022-02-10,2024-01-10,,,,9481696013,UK
C4684,Kiran,Female,67,Hyderabad,,,,,,,Australia
C4685,Sneha,Female,,Ahmedabad,,,,10.0,,,USA
C4686,,Female,20,Pune,,,,,user4685@mail.com,,UK
C4687,Pooja,Female,45,Hyderabad,2021-04-19,,,10.0,user4686@mail.com,,India
C4688,Amit,Male,,Delhi,2023-09-28,,4353.73,10.0,,,India
C4689,Kiran,,,Hyderabad,,,1363.72,,,,UK
C4690,Priya,,,Pune,,,,4.0,,,
C4691,Ravi,,,Delhi,,,58.78,,,,USA
C4692,,Female,,,2022-08-14,,,10.0,,,
C4693,Priya,Female,,Pune,2022-11-28,,1952.1,,,9690553943,Canada
C4694,Pooja,Male,,Delhi,2022-05-23,,,1.0,,,Canada
C4695,Simran,Male,,Mumbai,2020-10-12,2022-07-22,1537.27,,,,UK
C4696,Ankit,Male,,Ahmedabad,,,,1.0,user4695@mail.com,,Canada
C4697,Ankit,,,Mumbai,2025-09-02,,,3.0,,,India
C4698,Ravi,Male,,Hyderabad,,2025-04-21,,10.0,,,UK
C4699,Simran,,,Pune,2023-04-20,2020-10-21,,5.0,user4698@mail.com,9316115465,UK
C4700,Sneha,Female,66,Ahmedabad,,,,,,,
C4701,Rahul,Female,,Hyderabad,,2023-12-28,958.62,10.0,,,India
C4702,Priya,,,Bangalore,2022-10-15,,,,,,India
C4703,Pooja,Male,36,Chennai,,,,4.0,,9536194941,Australia
C4704,Amit,Male,,Ahmedabad,,,,,,,
C4705,Neha,Female,,Mumbai,2025-01-22,,,,,,USA
C4706,Kiran,Male,,Bangalore,,,,,user4705@mail.com,,Australia
C4707,Simran,Female,18,Delhi,2021-08-17,,1057.47,10.0,,,India
C4708,Kiran,,,Pune,2023-01-09,,4596.15,,user4707@mail.com,,UK
C4709,,Male,,Mumbai,2020-12-07,2025-02-05,450.53,2.0,user4708@mail.com,9159967372,
C4710,Amit,Male,,Hyderabad,2025-11-21,,,10.0,,,Australia
C4711,,,,Pune,,2023-04-22,,,,,Australia
C4712,Rahul,Female,,Kolkata,,,,,,,
C4713,Ravi,Female,43,Pune,2023-06-21,,263.7,2.0,,,India
C4714,Neha,Female,30,Ahmedabad,2025-05-04,2021-07-26,,,,,
C4715,,Male,,Hyderabad,,,2822.65,,,,UK
C4716,Amit,Female,40,Mumbai,2023-10-19,,,10.0,,,UK
C4717,Pooja,Male,,Kolkata,2022-04-24,,1706.41,,,,UK
C4718,Simran,Female,,Hyderabad,2025-06-22,2025-07-17,1194.9,,user4717@mail.com,,Australia
C4719,Kiran,Male,,Pune,,2022-06-19,4884.38,3.0,,,India
C4720,Priya,Male,,Pune,2026-01-26,2021-09-11,1048.81,1.0,,9709203273,India
C4721,,Male,,Delhi,,2025-03-13,1671.31,,,,UK
C4722,Ravi,Female,,Bangalore,2023-03-21,,2756.94,,,,India
C4723,,Male,,Chennai,,,,3.0,,,USA
C4724,Rahul,Female,68,Mumbai,2022-11-28,2020-12-02,1078.08,10.0,user4723@mail.com,,UK
C4725,Priya,,,Pune,2023-07-21,2024-08-11,,10.0,user4724@mail.com,,Canada
C4726,Amit,,,Mumbai,2020-12-23,2022-09-16,421.97,,,9637386768,Australia
C4727,Rahul,Male,,,2023-03-31,,,,,,
C4728,Rahul,Female,,Chennai,,,3968.87,,,,UK
C4729,Kiran,Female,,Chennai,2025-03-30,,162.75,10.0,user4728@mail.com,9426999003,USA
C4730,Ankit,Male,,Pune,,2021-11-29,417.36,10.0,,,India
C4731,Rahul,Male,,Ahmedabad,,2023-12-25,1985.88,,,,Australia
C4732,Simran,Female,,,,2023-08-14,,2.0,,,Australia
C4733,Kiran,Male,26,Delhi,2022-11-06,,,10.0,user4732@mail.com,,India
C4734,Ankit,,,Chennai,,,520.74,,,,UK
C4735,Ravi,Male,69,Bangalore,,,,10.0,,,
C4736,Sneha,Male,,,2024-08-25,,,,,,Canada
C4737,Ankit,Female,27,Mumbai,2022-03-01,,,,user4736@mail.com,9768746164,UK
C4738,,,,Mumbai,2023-08-14,,,,,,Canada
C4739,,Male,,Delhi,2025-06-09,2024-08-12,,,,9382743890,India
C4740,,,,Hyderabad,,2020-09-27,,,,9268596672,Canada
C4741,Neha,Male,,Kolkata,,2025-11-26,,10.0,,9300490083,UK
C4742,Kiran,Male,,,,,,,user4741@mail.com,,USA
C4743,,Male,,Delhi,,2025-05-25,,5.0,,,
C4744,Ravi,Female,,Kolkata,2024-11-26,2022-12-08,,,user4743@mail.com,,Australia
C4745,,,,Mumbai,2024-11-05,2020-08-31,1063.74,10.0,,9823559827,India
C4746,Ankit,Female,20,Bangalore,2020-09-27,,,,,9221875974,Australia
C4747,Priya,Female,,Mumbai,2021-10-18,,658.3,,user4746@mail.com,,
C4748,Kiran,,,Ahmedabad,,2025-08-02,,1.0,,,UK
C4749,Priya,Male,24,Chennai,,,1827.79,,user4748@mail.com,,
C4750,Sneha,,,,2025-12-28,,2278.26,,user4749@mail.com,,USA
C4751,Simran,Male,,Mumbai,2025-10-07,,,,,9310171963,UK
C4752,Neha,Male,,Hyderabad,,,,1.0,,9143169987,UK
C4753,Ravi,Female,27,Delhi,2022-12-24,,,10.0,,,Canada
C4754,Ravi,,,Pune,2025-11-04,,,,user4753@mail.com,9966937143,India
C4755,Sneha,Male,,Ahmedabad,,,852.7,10.0,,,India
C4756,Neha,Female,,Kolkata,,,,1.0,,,India
C4757,Priya,,,Chennai,2023-07-06,,277.58,1.0,,,Australia
C4758,Sneha,Female,,Ahmedabad,2020-08-16,,1637.84,1.0,,9984715761,Australia
C4759,Simran,Male,,Hyderabad,2023-02-24,,,,,,Canada
C4760,Priya,Female,,Bangalore,,,,,user4759@mail.com,9104623177,Australia
C4761,,Male,39,Pune,,2023-12-05,,10.0,,,India
C4762,Priya,Female,,Delhi,2024-01-12,2024-10-03,2135.42,,,,
C4763,Rahul,,,Kolkata,,,,10.0,,,Canada
C4764,Kiran,,44,Chennai,,,2959.76,,,,Canada
C4765,Ankit,,,Pune,,,,10.0,,,
C4766,,Female,,Ahmedabad,,,,2.0,,9711734093,Australia
C4767,Ankit,Male,,,,,,3.0,,,UK
C4768,Kiran,,,Hyderabad,2024-12-28,,,10.0,,,India
C4769,Priya,Female,,Bangalore,2025-01-09,,,,user4768@mail.com,9669469453,Canada
C4770,,Male,,Mumbai,2023-02-27,2021-02-19,219.12,10.0,,9359849121,USA
C4771,Priya,Female,,Mumbai,2024-01-11,,1505.46,10.0,,,UK
C4772,Simran,Male,,Mumbai,,,,,user4771@mail.com,,USA
C4773,Sneha,Female,,Hyderabad,,,,4.0,,9154974665,UK
C4774,Neha,Male,27,Kolkata,,,,,,,
C4775,,Male,,Mumbai,2023-04-08,2022-06-27,43.56,3.0,,,UK
C4776,,Female,19,,,2023-06-08,,3.0,user4775@mail.com,,Australia
C4777,Sneha,Female,,Pune,2025-11-03,,,2.0,,,Australia
C4778,Ravi,Male,59,Mumbai,2025-06-06,,2192.28,1.0,,,Australia
C4779,Simran,Male,,Ahmedabad,2022-05-20,,663.92,,,,USA
C4780,Pooja,Female,,Bangalore,2022-02-01,2025-09-06,924.52,,,,Australia
C4781,Sneha,Female,,Ahmedabad,2023-04-02,,,10.0,,9832082154,Canada
C4782,Priya,Female,56,Bangalore,2025-03-20,,,10.0,user4781@mail.com,9298363002,UK
C4783,Kiran,Male,,,2025-06-29,,,3.0,,9146532745,UK
C4784,Amit,Male,64,Kolkata,2023-04-21,,,,,,Canada
C4785,Kiran,Male,,Mumbai,2023-09-09,,,10.0,,,India
C4786,Rahul,Female,,Mumbai,2020-10-05,,,10.0,,,Australia
C4787,Ankit,Male,,Mumbai,2025-08-12,,,10.0,,9711561725,Canada
C4788,Amit,Male,,Hyderabad,2024-09-24,,535.94,10.0,,,
C4789,Rahul,Male,,Pune,,,,10.0,,,India
C4790,Ravi,Female,,Chennai,,2025-03-19,,10.0,user4789@mail.com,9629562479,USA
C4791,Kiran,,,Ahmedabad,,2024-08-15,,,,,
C4792,Amit,,69,Bangalore,2024-06-30,,,1.0,,,UK
C4793,Rahul,,,,2022-01-11,,1269.0,1.0,user4792@mail.com,9810377601,Canada
C4794,Neha,Female,21,Pune,2022-06-09,,3186.14,10.0,,,UK
C4795,Amit,,,Ahmedabad,,,,,,,Australia
C4796,Sneha,,22,Chennai,2023-06-30,2024-09-17,,10.0,user4795@mail.com,,
C4797,Amit,Female,54,Delhi,,,,3.0,,,UK
C4798,Simran,Female,36,Mumbai,,,,3.0,,,
C4799,Amit,Male,,Bangalore,2022-03-06,,1652.77,1.0,,,USA
C4800,Priya,Male,,Delhi,2022-12-23,,,,,,UK
C4801,Simran,Female,,Kolkata,2023-07-15,,,,,9702489513,
C4802,Ravi,Female,68,Hyderabad,2023-11-11,2023-05-21,,,user4801@mail.com,9863259656,India
C4803,Pooja,Female,,Ahmedabad,2023-12-27,,,,,,USA
C4804,Ankit,Male,,,2020-11-22,,,4.0,,,
C4805,,,41,Ahmedabad,,,,,user4804@mail.com,,USA
C4806,,Male,,Bangalore,2021-12-07,,,10.0,user4805@mail.com,,Canada
C4807,,Female,,Ahmedabad,2023-08-15,,,,,9910315230,UK
C4808,Simran,Male,,,2021-02-08,2022-02-27,,,,,
C4809,,Female,,Bangalore,2022-07-09,,1922.14,10.0,,,UK
C4810,Amit,Male,,Chennai,,,,,,,Australia
C4811,Amit,Female,,Chennai,,2020-08-19,,,,,India
C4812,Ravi,Female,39,Mumbai,2025-07-30,2024-12-31,2848.72,,,9344153497,
C4813,Pooja,Male,64,Hyderabad,2022-12-09,2025-10-11,,10.0,,,USA
C4814,Priya,Female,,Ahmedabad,2021-01-31,,,10.0,,,UK
C4815,Amit,Male,,Kolkata,,,,,,9665074267,Australia
C4816,Kiran,Male,,Chennai,2023-06-30,,,,,,UK
C4817,,Female,20,Delhi,,,,10.0,,9778773822,Canada
C4818,,Male,24,Pune,2024-10-12,,,,user4817@mail.com,,UK
C4819,Kiran,Male,,Pune,,,,,,9161718025,Australia
C4820,Neha,Male,,Delhi,,,,10.0,,,USA
C4821,Simran,Male,49,Hyderabad,,,,4.0,,,Canada
C4822,,Female,,Delhi,,,,,,9586813000,Canada
C4823,Neha,,,Bangalore,2022-10-11,,,,,,Australia
C4824,Neha,Male,,Ahmedabad,,2022-07-03,,10.0,,,UK
C4825,Amit,,,Hyderabad,,,,,user4824@mail.com,,UK
C4826,Sneha,Male,,Kolkata,2025-10-04,2020-10-05,,10.0,,,Australia
C4827,Sneha,Female,,Pune,,2024-10-22,,2.0,,,Australia
C4828,Pooja,Male,,Delhi,2021-07-07,2022-08-06,,,user4827@mail.com,9162377201,Canada
C4829,Simran,Male,20,Pune,2022-02-11,,,,user4828@mail.com,,UK
C4830,Pooja,Female,,Delhi,2023-03-18,,,3.0,user4829@mail.com,,USA
C4831,Simran,Male,44,Chennai,,2026-01-24,,,,,
C4832,Amit,Male,62,Hyderabad,2024-02-20,,,1.0,,,
C4833,Ravi,Female,,Delhi,,2025-04-11,,4.0,user4832@mail.com,,Australia
C4834,Neha,,,,,,,,,,Australia
C4835,Simran,Female,,Bangalore,2021-04-13,,,,user4834@mail.com,9624377568,Canada
C4836,Sneha,Male,,,2021-06-02,2023-10-14,2829.82,5.0,,,
C4837,Priya,,,Ahmedabad,,,,5.0,,,
C4838,Kiran,Male,,Ahmedabad,2025-04-13,2024-01-19,,1.0,,,
C4839,Rahul,,69,Chennai,,,,,,,Australia
C4840,Simran,Female,,Ahmedabad,,2025-11-13,,10.0,,,
C4841,Ankit,,41,Bangalore,,,3255.24,3.0,,,Australia
C4842,Kiran,Female,,Chennai,2021-04-10,,,10.0,,9882625765,USA
C4843,Pooja,Male,26,Pune,2022-11-23,,,,,,Australia
C4844,,Female,,Bangalore,2025-03-18,,,,,9329769781,Canada
C4845,,Male,,Ahmedabad,,2025-08-14,,2.0,,9391221202,UK
C4846,Kiran,Female,,,2023-06-23,2022-03-03,3901.62,1.0,user4845@mail.com,9803693487,UK
C4847,Pooja,Male,,Mumbai,2024-05-27,,,4.0,user4846@mail.com,,USA
C4848,Pooja,,,Chennai,,,,10.0,,,Australia
C4849,Priya,Female,,,2021-11-16,,,5.0,,9957546967,
C4850,Ankit,Male,,Delhi,,2023-02-28,,,user4849@mail.com,,USA
C4851,,,44,Hyderabad,2025-01-18,,4937.03,1.0,,9934492002,Canada
C4852,Rahul,Female,,Ahmedabad,2023-06-14,,,,,,India
C4853,Ankit,Female,55,Pune,,,,,,,USA
C4854,Priya,Male,,Mumbai,2023-07-11,,,,,,UK
C4855,,Female,,,,,,,,,UK
C4856,Simran,Male,37,,2022-07-02,,,,,,India
C4857,Ravi,Male,25,Delhi,2020-11-03,,155.7,2.0,user4856@mail.com,,India
C4858,Priya,Male,25,Pune,2025-09-18,,,,,9921916158,India
C4859,Amit,,,Hyderabad,2021-09-21,,2597.6,10.0,,,Australia
C4860,Neha,Male,,Delhi,2022-07-20,,1170.16,,,,India
C4861,Rahul,,65,Mumbai,,,1690.4,,user4860@mail.com,,
C4862,Sneha,Male,70,Delhi,2023-11-14,,,,,,USA
C4863,Pooja,Female,,Chennai,,,1595.98,1.0,,9323487352,Australia
C4864,Neha,Male,,Pune,2025-03-06,2021-05-13,4910.93,10.0,,,Canada
C4865,Ravi,Male,,Chennai,2021-01-08,2024-09-12,,,,,Australia
C4866,Simran,,,Mumbai,2025-11-26,2022-11-25,,,,,Canada
C4867,Ankit,Female,53,Pune,,,,,user4866@mail.com,9549933878,Canada
C4868,Ankit,Female,,Hyderabad,,,,,user4867@mail.com,,
C4869,Ravi,Male,,Delhi,,,2878.7,1.0,user4868@mail.com,,India
C4870,Kiran,,59,Hyderabad,2025-06-16,,263.95,10.0,user4869@mail.com,,
C4871,Rahul,Female,,Kolkata,2021-05-07,,,4.0,,9310412304,India
C4872,Neha,Female,35,Delhi,2022-07-19,,,,user4871@mail.com,,
C4873,Pooja,Male,64,Ahmedabad,2022-02-21,2022-12-07,,,,,UK
C4874,Sneha,Female,,Ahmedabad,,2026-01-04,2537.83,,,,
C4875,Priya,Female,,Hyderabad,2021-10-23,,,10.0,user4874@mail.com,,Australia
C4876,,,,Hyderabad,2021-03-17,,1568.29,10.0,,,India
C4877,Pooja,Female,,Pune,2025-05-07,2024-01-13,,,,,Australia
C4878,,Male,58,Bangalore,2024-07-13,2023-03-14,,3.0,,9775944787,UK
C4879,Priya,Male,,Mumbai,2023-11-06,,1271.14,,,,USA
C4880,Kiran,Female,,Hyderabad,2025-05-05,,,,,,USA
C4881,Neha,Female,,,2021-09-25,2021-05-14,,10.0,,,India
C4882,Pooja,Male,,Ahmedabad,,,,5.0,,,
C4883,Ravi,Male,34,Chennai,,,2440.6,10.0,,,
C4884,Rahul,Female,57,,,2022-03-11,,,,,Canada
C4885,Ankit,Female,,Hyderabad,,2020-08-31,,,,,
C4886,Sneha,,,Pune,,,4359.69,,,9603195444,Canada
C4887,,Female,55,Ahmedabad,2023-08-19,,3081.62,,user4886@mail.com,,USA
C4888,Amit,Female,,Pune,,,,,,,
C4889,Priya,Female,,Mumbai,2024-08-01,,997.76,2.0,,,
C4890,Ravi,Female,,Ahmedabad,2023-04-16,,,,,9632114216,UK
C4891,Amit,Male,,Bangalore,2022-04-22,2025-03-10,,10.0,,9256807105,
C4892,Sneha,,,Mumbai,,,,4.0,,,Australia
C4893,,Male,23,Mumbai,2025-10-20,2021-09-07,,,user4892@mail.com,,Canada
C4894,Neha,Male,55,Bangalore,2024-09-03,,,2.0,,,USA
C4895,Ravi,Female,45,Hyderabad,2022-03-28,2025-05-13,,10.0,,,USA
C4896,Rahul,Male,,Chennai,2021-12-23,,,10.0,,,Canada
C4897,Rahul,Female,,,,,,10.0,,,India
C4898,Neha,Male,,Kolkata,2023-07-30,2024-08-22,,10.0,,,UK
C4899,,,,Delhi,,,,2.0,,,Australia
C4900,,Male,,Pune,,,,3.0,,,India
C4901,Simran,,,Hyderabad,,,3608.0,10.0,,,UK
C4902,Priya,Male,,Pune,,2022-12-19,,,,,USA
C4903,Pooja,Male,,Ahmedabad,2025-02-10,2024-06-24,,,,,
C4904,Ankit,Female,,Hyderabad,2023-04-09,2025-08-10,,,,9563243499,
C4905,Rahul,Male,,Chennai,2021-10-15,,222.82,,user4904@mail.com,,
C4906,Ankit,Female,,Hyderabad,,,,,user4905@mail.com,,Canada
C4907,,Male,,Delhi,2021-03-18,2023-12-09,,10.0,,,USA
C4908,,Male,,Bangalore,2023-03-25,,,2.0,,,UK
C4909,Sneha,Female,,Bangalore,,,,10.0,user4908@mail.com,,Canada
C4910,Pooja,Female,,Bangalore,2024-10-04,2023-10-06,,2.0,,,India
C4911,Ankit,Female,,Bangalore,,2023-12-26,352.68,4.0,,,UK
C4912,Sneha,,,Hyderabad,2021-06-22,,4992.23,,,,
C4913,,Female,,Kolkata,2024-05-23,,3324.66,5.0,,,USA
C4914,Kiran,Female,,Ahmedabad,2023-05-12,,,2.0,,,USA
C4915,,Female,,Chennai,2023-04-23,,,,,9424375620,UK
C4916,Neha,Female,,Mumbai,2021-10-29,,,10.0,,,India
C4917,Rahul,,,Hyderabad,,,509.67,2.0,,,Canada
C4918,,Male,34,Mumbai,,,,,,,USA
C4919,Rahul,Male,,Pune,2023-04-16,,,,,,USA
C4920,Sneha,Female,,Ahmedabad,,2023-09-06,,5.0,user4919@mail.com,,USA
C4921,Simran,Female,64,Pune,2023-08-21,,,10.0,,,Canada
C4922,Sneha,Female,,Delhi,,,,,,,UK
C4923,Kiran,Female,41,Mumbai,,,,,,9380610713,UK
C4924,Neha,Male,,Kolkata,,2022-10-29,,10.0,,,Australia
C4925,,Female,,,,,,,user4924@mail.com,,
C4926,,,,Mumbai,2020-10-08,,,,user4925@mail.com,,India
C4927,,,,Chennai,2021-03-03,,,1.0,,,
C4928,Ankit,Female,,,,2025-08-21,,4.0,,9815769810,UK
C4929,Priya,Male,38,Chennai,2021-02-13,,,,,,USA
C4930,,Female,,Mumbai,,,,1.0,,,India
C4931,Ankit,Female,,,2022-09-13,,4214.72,,,9504189174,Canada
C4932,,Male,57,Delhi,,,,10.0,,,USA
C4933,Priya,Female,,Bangalore,,2025-11-22,,10.0,,9607259708,Australia
C4934,,Female,,Chennai,,2020-11-18,1147.25,10.0,,,India
C4935,Simran,,45,Pune,2025-07-04,2025-06-19,,,,,India
C4936,Ankit,Female,63,Chennai,,2024-10-20,,10.0,,9898542010,India
C4937,Ravi,Male,42,,,,,2.0,,9268412235,UK
C4938,Kiran,Male,,Kolkata,,2020-12-09,,10.0,,,UK
C4939,Priya,,59,Bangalore,,,,,,,Canada
C4940,Kiran,,56,Chennai,2023-01-26,,,2.0,,,Australia
C4941,Kiran,Male,,Kolkata,2021-05-17,2023-08-13,,,,,Australia
C4942,Priya,Female,,Kolkata,2021-01-27,,,3.0,,,
C4943,,Female,65,,,,,,,,Canada
C4944,Ravi,Male,,Bangalore,2023-09-18,,,,,,Canada
C4945,Neha,Female,32,Kolkata,2025-02-09,2023-09-24,,,,,India
C4946,Simran,Female,18,Mumbai,2021-09-30,,,10.0,,,USA
C4947,,,58,Pune,,,,,user4946@mail.com,9146117362,USA
C4948,Kiran,Male,,Chennai,,,,10.0,,,UK
C4949,Sneha,,,Pune,2025-08-23,2021-02-01,,2.0,user4948@mail.com,,Australia
C4950,Rahul,Female,,,2023-11-29,,,,user4949@mail.com,,Canada
C4951,Kiran,Female,,Bangalore,2022-08-02,2025-03-13,668.64,10.0,,,Australia
C4952,Sneha,Male,,Bangalore,2025-11-18,2021-11-07,3650.24,,,9207920500,USA
C4953,Sneha,Female,,Ahmedabad,2025-09-10,2023-12-27,3872.04,,user4952@mail.com,,Canada
C4954,Ankit,Female,,Bangalore,,,,10.0,user4953@mail.com,,
C4955,Amit,,,Pune,,,,1.0,user4954@mail.com,9318228731,USA
C4956,,Male,,Hyderabad,2025-10-18,2022-07-05,2578.73,,user4955@mail.com,9825009823,Canada
C4957,Neha,Female,,Ahmedabad,,2023-06-21,,,,,UK
C4958,Ravi,,,Ahmedabad,2022-10-02,2021-09-01,,,,,India
C4959,,Male,50,Bangalore,2023-04-06,,,,,,Canada
C4960,Pooja,Male,33,Chennai,2022-07-23,,,10.0,user4959@mail.com,,UK
C4961,Priya,Male,,Pune,2024-11-24,,,,,9857465284,UK
C4962,Kiran,Female,,Bangalore,,,,10.0,,,
C4963,Ankit,Male,,Hyderabad,2024-04-18,,,5.0,,,Canada
C4964,Sneha,Female,,Ahmedabad,2023-01-05,2025-01-06,1346.63,,user4963@mail.com,9319966633,Australia
C4965,Priya,,31,Ahmedabad,2023-02-23,,4921.09,5.0,user4964@mail.com,9275071491,Canada
C4966,Kiran,Female,24,Kolkata,2022-10-18,2022-01-03,,4.0,user4965@mail.com,,
C4967,Neha,Male,69,Ahmedabad,2024-06-18,,,10.0,,,Australia
C4968,Rahul,Female,53,Delhi,,2022-08-08,,,,,USA
C4969,Kiran,Female,,Ahmedabad,2023-03-27,2022-11-28,,10.0,,,India
C4970,Neha,Male,,Ahmedabad,,2023-07-15,,10.0,,,Canada
C4971,Simran,Female,,,,,2810.08,5.0,,,USA
C4972,Amit,Male,,Delhi,2025-12-12,,1527.84,,,9434597448,Canada
C4973,Priya,Male,,Chennai,,2025-01-10,,10.0,,9573203722,UK
C4974,Kiran,Male,,Chennai,,,,,,9857087177,UK
C4975,Kiran,Female,30,Pune,2021-02-14,2022-02-04,,,,,Australia
C4976,,Male,,Chennai,2021-06-29,2022-12-09,,4.0,,,India
C4977,Amit,Male,,Ahmedabad,,2025-09-14,,,,,USA
C4978,,,48,Bangalore,2023-03-05,2023-12-28,,10.0,,9733590199,India
C4979,Kiran,,46,Bangalore,2020-09-28,,,,,,UK
C4980,Ankit,Male,,Ahmedabad,,,,10.0,,,USA
C4981,Sneha,Female,,,2021-04-15,2024-04-08,2309.64,10.0,,,USA
C4982,Neha,Male,,Mumbai,,,,5.0,,9169797554,UK
C4983,Sneha,Male,,Chennai,2023-10-29,,,,,,Australia
C4984,Simran,,,Kolkata,,2023-10-08,949.45,,,,
C4985,Sneha,,,Delhi,,,,10.0,user4984@mail.com,9180199408,UK
C4986,Neha,,,Delhi,,2023-02-22,,,,9744113312,Canada
C4987,Simran,Female,,Delhi,2025-01-14,2023-04-02,,,,,India
C4988,Sneha,,,Hyderabad,,,2389.92,3.0,,,
C4989,Simran,Female,34,Chennai,2025-01-12,,1890.94,,user4988@mail.com,,
C4990,Pooja,Male,,Hyderabad,,,4533.29,2.0,,,UK
C4991,Ankit,Female,,Ahmedabad,2021-07-28,2020-10-16,,,,,
C4992,Priya,,,Chennai,,2025-06-02,,2.0,,,
C4993,Simran,Female,24,Ahmedabad,,2024-11-27,,4.0,,,India
C4994,Rahul,Female,,Kolkata,,2021-06-21,,,,,Australia
C4995,Priya,,,Delhi,2023-04-03,,,3.0,user4994@mail.com,,UK
C4996,Sneha,Male,,Kolkata,,,2331.22,,,,USA
C4997,Ravi,Male,34,Ahmedabad,2025-01-13,2022-03-23,,2.0,,,India
C4998,Amit,Male,53,Hyderabad,,,,2.0,,9625399615,USA
C4999,Pooja,Male,,,2025-11-19,,,,,,
C5000,Neha,Male,,Kolkata,,2022-01-12,,10.0,,,India
C5001,Neha,Female,,Bangalore,2025-07-11,2024-06-24,4065.36,,user5000@mail.com,,UK
C5002,Amit,Female,,Ahmedabad,2024-01-14,,,4.0,,,India
C5003,Ankit,Male,,Mumbai,,,,4.0,,,Canada
C5004,Rahul,Male,,Pune,2024-12-19,2021-02-04,,1.0,,,USA
C5005,Sneha,Female,,Pune,2022-09-16,2023-07-12,3297.56,3.0,,,Australia
C5006,Ankit,,,Hyderabad,,2022-09-14,,2.0,,9475729566,India
C5007,,Female,,Mumbai,2025-03-25,,,,,9336706470,USA
C5008,Ravi,,61,Ahmedabad,2022-01-29,2024-07-04,,,user5007@mail.com,,Canada
C5009,,,,Mumbai,2024-02-18,2026-01-03,,,,,
C5010,Simran,Female,,Hyderabad,,,,,user5009@mail.com,,
C5011,Simran,Female,,Ahmedabad,,,,,user5010@mail.com,,Australia
C5012,Sneha,Male,,Hyderabad,,,,5.0,user5011@mail.com,,Canada
C5013,,Male,,Delhi,,2023-04-08,4323.97,,user5012@mail.com,,UK
C5014,Sneha,,39,Pune,,2021-06-25,4077.62,,user5013@mail.com,9380082148,Australia
C5015,,Female,,Bangalore,2022-02-23,2025-03-22,,,,9610003020,
C5016,Simran,,60,Mumbai,,2023-04-22,518.82,,user5015@mail.com,,Australia
C5017,Ravi,Female,,Ahmedabad,2022-09-08,,1959.36,,,9148921227,Canada
C5018,,,38,Chennai,,2025-11-08,,,,,
C5019,Neha,,58,Ahmedabad,2022-07-20,,,4.0,,,Australia
C5020,Neha,Female,22,Delhi,2024-02-08,,,,,9209932097,Australia
C5021,,,,Ahmedabad,,,,,,,Canada
C5022,Ankit,Male,56,Delhi,,2020-10-14,2626.43,2.0,,,India
C5023,,Male,,Bangalore,2024-10-25,2022-06-11,,,user5022@mail.com,,
C5024,Rahul,Male,40,Chennai,2022-09-19,,,5.0,,9864938110,Canada
C5025,Pooja,Female,,,,,3293.82,,user5024@mail.com,,India
C5026,Amit,,,Hyderabad,2024-09-15,,3138.18,10.0,user5025@mail.com,9281475975,USA
C5027,Ankit,,,Mumbai,,2020-11-24,,1.0,user5026@mail.com,9150507828,Canada
C5028,Sneha,Male,,Kolkata,,2021-10-13,,1.0,,,USA
C5029,Rahul,Male,,Mumbai,,,4592.64,5.0,,,Australia
C5030,Rahul,,,Pune,,,,10.0,user5029@mail.com,,Canada
C5031,Priya,,40,Hyderabad,,,,,,,
C5032,,,,Ahmedabad,2022-04-14,2023-08-05,,3.0,,9754268436,USA
C5033,Sneha,Female,45,Hyderabad,2026-01-08,,,,,,Canada
C5034,,Male,,Mumbai,,,,10.0,,,
C5035,Neha,Male,28,Chennai,2023-10-30,2024-11-30,,10.0,,9937613368,USA
C5036,,Female,,Bangalore,,2020-12-31,,,,,India
C5037,,Female,48,Pune,,,2945.87,,,,UK
C5038,Amit,Male,,Ahmedabad,,,,,,,Canada
C5039,Ankit,,,Hyderabad,2022-10-23,,1671.33,4.0,user5038@mail.com,,UK
C5040,Pooja,Female,60,Pune,2021-06-17,,950.1,,,,UK
C5041,,Female,64,Pune,2022-06-04,2023-08-24,2281.96,,user5040@mail.com,9726313298,
C5042,Sneha,Female,,,2024-04-10,2025-08-13,,3.0,,,Canada
C5043,,,,Kolkata,,2023-12-31,,,,,USA
C5044,Ankit,,,,,,,3.0,,,UK
C5045,,,27,Kolkata,,,,,user5044@mail.com,,USA
C5046,Pooja,Female,,Ahmedabad,,,,1.0,,,
C5047,Neha,Male,,Hyderabad,2024-09-28,2024-07-18,,10.0,,,Australia
C5048,Kiran,Male,39,Pune,,,,10.0,user5047@mail.com,,
C5049,Amit,Female,,Kolkata,,,2461.3,,,,India
C5050,Simran,Male,,Delhi,,,,10.0,,,UK
C5051,Rahul,Female,,Pune,2023-09-14,,477.32,,,9779968571,Australia
C5052,Sneha,,,Kolkata,,,,10.0,,9384452589,Australia
C5053,Sneha,Female,,Mumbai,2026-01-25,,,3.0,user5052@mail.com,,Australia
C5054,,Female,,,2022-09-20,2024-08-20,,2.0,,,Canada
C5055,Rahul,Male,70,Hyderabad,2021-10-22,2023-04-09,,1.0,,9399020272,Australia
C5056,Amit,Female,,Kolkata,2025-08-15,,4390.84,,user5055@mail.com,,India
C5057,Amit,Female,,Kolkata,,2020-11-09,,10.0,,,Australia
C5058,,Male,,Kolkata,2020-12-26,,,10.0,,,UK
C5059,,Male,,Ahmedabad,,,,2.0,user5058@mail.com,9622252276,UK
C5060,Ankit,Male,,Kolkata,,,2291.4,,,9958096230,UK
C5061,Neha,Female,58,Chennai,,2023-09-20,,10.0,,9703435686,Australia
C5062,Pooja,,,Mumbai,2020-11-20,,,,,9638524708,
C5063,Sneha,Male,49,Chennai,,,,3.0,,,India
C5064,Kiran,,,Mumbai,2024-05-01,,,1.0,,9472812874,
C5065,Simran,Female,,,2023-01-16,,,1.0,,,Australia
C5066,Rahul,Male,22,Mumbai,,2022-05-01,,,,9260338938,India
C5067,Ankit,,,Delhi,2025-07-25,2025-04-23,,4.0,,9951762968,
C5068,Kiran,,,Bangalore,,,,10.0,,9971959892,Australia
C5069,Sneha,,,Bangalore,2023-11-04,,,,user5068@mail.com,,Canada
C5070,Amit,Female,,Hyderabad,2024-03-24,,,,,9342886080,UK
C5071,Pooja,Male,,Mumbai,2021-10-20,,,4.0,,,Canada
C5072,Rahul,Male,,Kolkata,,2025-07-30,,10.0,,,Australia
C5073,Neha,Male,,Ahmedabad,2023-05-19,2025-04-05,,10.0,user5072@mail.com,9206732488,Canada
C5074,Ravi,,,,,,,,,,Australia
C5075,Ravi,Female,67,Bangalore,2022-06-10,2022-04-07,,2.0,,,Canada
C5076,Sneha,Male,,Bangalore,,,,,user5075@mail.com,,Australia
C5077,,Male,69,Delhi,,,1697.66,5.0,,9815370823,USA
C5078,Rahul,Male,,Chennai,,2024-10-22,,,,,Australia
C5079,Neha,,,,,,,2.0,,9127005526,UK
C5080,Pooja,,,Pune,,2020-11-25,3944.05,1.0,,,India
C5081,Ankit,Male,,,2020-10-13,,,10.0,user5080@mail.com,9129701976,India
C5082,,Female,,Hyderabad,2022-03-15,2021-07-29,,3.0,,,USA
C5083,,Male,,Hyderabad,,,,2.0,,,
C5084,Neha,Male,,Ahmedabad,,,,3.0,,9422138805,Australia
C5085,Priya,,,Chennai,,,,10.0,,,India
C5086,Ankit,,,Bangalore,,,2380.32,,user5085@mail.com,,UK
C5087,Sneha,Male,,Mumbai,2021-09-05,2020-12-07,1028.36,10.0,,,Canada
C5088,Neha,Male,,Hyderabad,2024-08-31,2022-02-26,,10.0,,9204320833,USA
C5089,Ravi,Female,,Chennai,2022-08-05,2023-11-27,,10.0,,9863163682,UK
C5090,Amit,Male,,Bangalore,,,,,,,India
C5091,Pooja,,,Ahmedabad,,,3135.77,5.0,,9236247336,USA
C5092,Priya,,,Hyderabad,2025-06-14,,2931.73,,,9113657241,USA
C5093,,,,Delhi,,2023-10-16,,3.0,,,
C5094,Ankit,Female,,,2024-03-17,2021-07-24,,,,9312125079,
C5095,,,,Mumbai,2023-03-09,,,10.0,,,Australia
C5096,Rahul,Female,66,Pune,,,2088.68,10.0,,,India
C5097,Simran,,,Kolkata,,,,10.0,,,USA
C5098,Ankit,Female,,Chennai,,,1855.43,1.0,,,USA
C5099,,Female,,Bangalore,,,263.94,,,,UK
C5100,Rahul,Male,37,Mumbai,2022-02-04,2025-09-08,65.83,,,9635651358,Canada
C5101,Rahul,Male,,Delhi,,,,10.0,user5100@mail.com,,India
C5102,,,18,Ahmedabad,2022-09-26,,,10.0,,,UK
C5103,Sneha,Female,,Mumbai,,,4294.73,10.0,user5102@mail.com,,India
C5104,Pooja,Female,,Hyderabad,,,,10.0,,,Australia
C5105,Amit,Male,24,Delhi,,,687.85,,,,USA
C5106,,Female,,Chennai,2020-12-27,,4198.52,,user5105@mail.com,,UK
C5107,,Female,,Ahmedabad,2022-12-03,,,,,,
C5108,Kiran,Female,,Kolkata,,,4812.66,5.0,,,UK
C5109,Ankit,Male,,,,2023-08-02,,,,,UK
C5110,Simran,Female,,Pune,2025-03-01,2025-11-11,652.55,,,9956544750,
C5111,Priya,Female,,Delhi,,,,,user5110@mail.com,,
C5112,,Female,,Delhi,,,3290.48,,,9102007715,India
C5113,,Female,,Chennai,,,,2.0,,,Australia
C5114,Sneha,Male,,Pune,,,,10.0,user5113@mail.com,9464908700,UK
C5115,Rahul,,,Mumbai,,,,4.0,,,USA
C5116,Sneha,,61,Hyderabad,2022-03-21,,3362.72,10.0,,9912216658,
C5117,Pooja,Male,,Kolkata,2025-04-15,,,10.0,user5116@mail.com,,
C5118,Kiran,,,Delhi,2021-11-18,,1600.85,,,,India
C5119,Ravi,Female,,Pune,,2023-07-14,,1.0,,,UK
C5120,,Male,,,,,,,user5119@mail.com,,Canada
C5121,Rahul,Female,,Bangalore,2022-03-26,,,10.0,,,UK
C5122,,,,Chennai,2021-12-09,,,,,,UK
C5123,Ravi,Male,,Bangalore,,2023-02-27,,,,,
C5124,Kiran,Male,,Ahmedabad,2023-12-21,,,10.0,,,
C5125,Neha,Female,,Chennai,,,,2.0,,,Canada
C5126,Rahul,Female,37,Bangalore,2025-11-01,2023-03-28,2104.57,,user5125@mail.com,9289529479,Australia
C5127,Pooja,Male,,Kolkata,2022-03-02,2024-10-02,,10.0,,,UK
C5128,Ravi,Female,48,Chennai,2024-05-31,2020-11-27,,,user5127@mail.com,9660063001,India
C5129,Neha,,,Delhi,2021-01-14,,,,,9579245751,
C5130,Rahul,Female,,Pune,,,,5.0,,,Australia
C5131,Rahul,Male,,Bangalore,2025-08-01,,,,,,
C5132,Pooja,Male,,Pune,2025-08-11,2023-08-28,166.22,10.0,,,India
C5133,Amit,Male,,Mumbai,,2025-09-26,,,user5132@mail.com,,India
C5134,Pooja,,,Delhi,,,,3.0,,,India
C5135,Neha,Female,,Mumbai,,2021-02-07,2763.93,10.0,,9354616722,Australia
C5136,,Male,,Kolkata,2023-03-29,2026-01-12,,,,9485611353,Australia
C5137,Pooja,,55,Ahmedabad,,2020-10-01,1104.53,2.0,,9661287402,UK
C5138,Simran,Male,,Bangalore,2023-03-14,,,3.0,,,USA
C5139,Ravi,Female,,,2026-01-01,,,3.0,,,Australia
C5140,Simran,,,Mumbai,2021-05-16,2022-04-14,,,,,USA
C5141,Priya,,55,Kolkata,,2024-02-13,,10.0,,9823964647,USA
C5142,Priya,,,Ahmedabad,,2023-07-17,,,,,Australia
C5143,Ankit,Female,,Delhi,,,,,user5142@mail.com,9696149580,Canada
C5144,Priya,Female,,Chennai,,2021-05-23,,,,,USA
C5145,Rahul,,,Delhi,,,,2.0,,,Australia
C5146,Pooja,Female,,,2022-04-10,2021-08-11,,10.0,,,
C5147,Kiran,Male,59,Bangalore,,2021-06-03,,,,,UK
C5148,Kiran,Female,,Kolkata,2021-07-13,2022-04-01,,3.0,,9591924551,
C5149,,Female,,Hyderabad,,,,1.0,user5148@mail.com,,Australia
C5150,Priya,Female,,Hyderabad,,,,10.0,,,USA
C5151,Ankit,Female,,Delhi,,,,,,,
C5152,Ankit,Female,,Chennai,,,,10.0,,,UK
C5153,Rahul,Male,34,Hyderabad,2024-07-16,,,10.0,,,UK
C5154,Sneha,,,Pune,2024-10-13,,,3.0,,9938813941,USA
C5155,Ravi,Male,,Chennai,,,4606.43,3.0,,,Canada
C5156,,Female,28,Bangalore,2022-08-30,,,,,,
C5157,Simran,Male,,Ahmedabad,,,,,,,India
C5158,Amit,Male,52,Hyderabad,2021-11-28,,,3.0,,,India
C5159,Priya,Female,,Delhi,2021-05-23,2025-02-21,,,,9795455054,India
C5160,Sneha,Female,,Ahmedabad,2025-01-28,2021-08-08,,2.0,,9126500563,India
C5161,Rahul,,60,Mumbai,2025-08-09,,,,,,
C5162,,Female,19,Bangalore,2023-02-18,2025-01-16,,,,,
C5163,,Female,,Bangalore,,,,4.0,,,USA
C5164,Priya,,,Pune,,,,,,,
C5165,,Male,,Pune,,,595.13,5.0,,,UK
C5166,Amit,Male,,Pune,,,3796.02,10.0,user5165@mail.com,,Canada
C5167,Simran,Female,,Mumbai,,2024-12-25,1333.61,2.0,user5166@mail.com,,
C5168,Sneha,,,Kolkata,,,,,,,Australia
C5169,Pooja,Male,43,Delhi,,,477.84,,,9215654014,Canada
C5170,Amit,Male,,Pune,2024-03-15,,,,,,Australia
C5171,Ravi,Male,,Pune,2022-11-14,2024-06-21,,5.0,,,UK
C5172,Ravi,Female,44,,,,3780.66,,,,
C5173,Sneha,,,Bangalore,2021-11-30,2025-05-03,47.24,,,,India
C5174,Pooja,Female,,Mumbai,,,3979.57,3.0,,,India
C5175,Ankit,Female,,Hyderabad,2023-09-19,2023-09-25,,4.0,,,USA
C5176,,Female,,,2023-01-27,,,,,9419935674,Canada
C5177,,,,,,2025-11-11,,,user5176@mail.com,9483516559,Canada
C5178,,Female,38,Bangalore,2023-12-22,,,10.0,,9385553468,
C5179,Kiran,Female,,Mumbai,,,,,user5178@mail.com,9571929029,India
C5180,Sneha,,,Delhi,,,,10.0,,,India
C5181,Rahul,Male,52,Ahmedabad,2021-05-17,2021-09-12,1457.85,,,,India
C5182,Neha,Female,,Delhi,2025-02-17,2024-03-25,,10.0,,,UK
C5183,Sneha,,,Delhi,2023-08-02,,,10.0,,,India
C5184,Rahul,Male,,Chennai,2022-08-23,2024-12-31,,,,,Canada
C5185,Sneha,Male,25,Mumbai,,,,,,9766168766,
C5186,Neha,Female,,,2021-06-29,2025-09-03,,10.0,,,Australia
C5187,Ravi,Male,,Chennai,,,,10.0,user5186@mail.com,,USA
C5188,Priya,Male,,Mumbai,,,,2.0,,,India
C5189,Priya,,,Mumbai,,,,,,,USA
C5190,Amit,Male,,Hyderabad,2025-05-28,2022-10-07,,10.0,,9904595060,Canada
C5191,Priya,Female,,Delhi,2025-12-05,2022-03-28,,,,,UK
C5192,,Female,,Mumbai,,,,,user5191@mail.com,,India
C5193,,Male,,Hyderabad,,,,3.0,,,India
C5194,,,55,Ahmedabad,2022-05-14,,3298.52,5.0,user5193@mail.com,,Australia
C5195,,Male,,Chennai,2021-11-26,2023-04-01,,10.0,,,Canada
C5196,Sneha,Male,,Bangalore,,,,,,,UK
C5197,Ravi,,49,Chennai,,,,,,,Australia
C5198,Simran,Female,,Delhi,2020-10-04,,1647.65,10.0,,,India
C5199,Ravi,Female,,Hyderabad,,,,,,,UK
C5200,Amit,Female,,Chennai,,2022-12-02,,10.0,,,USA
C5201,Neha,,,Chennai,2022-03-08,,,2.0,,,Australia
C5202,Kiran,Female,,Delhi,,,,10.0,,9391116987,Canada
C5203,Kiran,,,Ahmedabad,2022-02-26,,4362.38,,,,USA
C5204,Rahul,Female,,Kolkata,,,,10.0,,,USA
C5205,Pooja,Female,27,Kolkata,,,,,,9683086462,Canada
C5206,Priya,Female,,Ahmedabad,2024-11-01,,,,user5205@mail.com,,Canada
C5207,,Male,,Pune,2024-01-31,,,10.0,,,USA
C5208,Pooja,Female,,Pune,2024-07-24,,,,,9796725646,UK
C5209,Ankit,,,Bangalore,2025-09-04,2025-09-18,2028.68,,user5208@mail.com,,UK
C5210,Simran,Male,,Hyderabad,2023-03-20,,2091.05,10.0,user5209@mail.com,,Canada
C5211,,,,Pune,2024-06-24,2022-07-26,3279.08,,,,UK
C5212,Rahul,Male,,Kolkata,,,,4.0,,,
C5213,Kiran,,,Mumbai,2024-09-20,,,10.0,,9558790794,UK
C5214,Ankit,Male,,Mumbai,2020-08-22,,,,,,Australia
C5215,,Female,,Chennai,2022-02-16,,,3.0,user5214@mail.com,,
C5216,Ankit,Male,54,Kolkata,,2021-12-15,,,user5215@mail.com,,USA
C5217,Rahul,Male,48,Bangalore,2025-07-27,2023-01-04,,10.0,,,Australia
C5218,Pooja,Female,21,Ahmedabad,2022-11-07,,,,,,India
C5219,,Male,,Bangalore,2025-12-30,,3316.2,,,9135222023,Australia
C5220,Amit,Female,,Chennai,,,,,,,Australia
C5221,Priya,,,Delhi,,,,10.0,,,India
C5222,,Female,,Delhi,2024-02-05,2023-10-13,,10.0,,,Australia
C5223,Ravi,Female,,Kolkata,2020-12-09,,,,,,Australia
C5224,,Male,,Kolkata,2024-02-15,,,10.0,,,UK
C5225,Rahul,Male,,Hyderabad,,,,,,,India
C5226,Rahul,,,Kolkata,,,,,,9463347104,UK
C5227,Pooja,Male,,Ahmedabad,2021-07-03,2024-03-01,,10.0,,,Australia
C5228,Priya,Male,50,Hyderabad,,,,10.0,,9560310003,UK
C5229,,Male,,Mumbai,,,,5.0,,9469465980,UK
C5230,Rahul,Male,,Chennai,,,,,,,Canada
C5231,Priya,Male,45,Chennai,2024-12-31,,,10.0,,,
C5232,Sneha,Male,,Chennai,2021-03-03,,,,,,India
C5233,Priya,Male,,Kolkata,,,,,,,USA
C5234,Neha,Female,,Delhi,2020-12-25,2024-11-07,,10.0,,,
C5235,Ankit,Male,,Mumbai,,2022-12-21,,10.0,,9949046205,UK
C5236,Kiran,Female,,Ahmedabad,,2021-07-24,,10.0,,,
C5237,,,,Mumbai,2023-11-21,2024-12-25,,,,,Australia
C5238,Kiran,,,Hyderabad,,,,3.0,,,USA
C5239,Pooja,,,Pune,2025-07-25,,4099.54,10.0,,,Australia
C5240,Neha,Male,,,2021-11-06,,,3.0,user5239@mail.com,,Australia
C5241,,Female,,Ahmedabad,2020-10-26,2021-06-21,4895.5,10.0,,,India
C5242,,Male,,Bangalore,2021-10-08,2025-09-01,,,user5241@mail.com,,Australia
C5243,Priya,Female,45,,2025-10-29,,,,,,USA
C5244,Pooja,,,Hyderabad,,2022-05-18,,10.0,,,USA
C5245,Kiran,Female,,,2025-08-25,,1910.27,,,,Australia
C5246,Sneha,,,Mumbai,2023-11-25,,,4.0,,,Canada
C5247,Sneha,Male,,Ahmedabad,,,,,,,India
C5248,Kiran,Female,,,2022-12-15,,,,,,Australia
C5249,,Male,,Delhi,2024-05-19,,,5.0,,,USA
C5250,Ravi,Male,,Delhi,,,,1.0,,,USA
C5251,Ankit,Female,35,Ahmedabad,2025-11-24,,3434.28,,,,Australia
C5252,,Male,,Bangalore,2025-02-07,2021-01-31,4104.33,,,,Australia
C5253,Priya,Male,,Delhi,,,,,user5252@mail.com,,
C5254,Neha,,,Pune,2021-01-02,,,,user5253@mail.com,,USA
C5255,Pooja,Female,,Pune,,,,,,9470504375,India
C5256,Simran,Male,,Bangalore,,,,10.0,,,
C5257,Rahul,Male,,,2022-05-22,,3085.67,10.0,,,India
C5258,,,,Hyderabad,,2026-01-19,,1.0,,,
C5259,Rahul,,,Delhi,2025-03-03,2021-10-24,,,,,
C5260,Priya,,,Mumbai,,2023-08-30,,,user5259@mail.com,9532679042,Australia
C5261,Rahul,,,,,,,,,,UK
C5262,Ravi,Male,,Delhi,2022-03-20,,,,,9684845070,India
C5263,Kiran,,,Chennai,,,2458.57,,,,Australia
C5264,,Female,,Hyderabad,2025-05-12,2025-06-21,,,,,Australia
C5265,Pooja,,,Kolkata,2020-10-13,2025-07-19,,10.0,,9865062352,USA
C5266,Ankit,Female,37,Ahmedabad,,2022-06-24,,,,,India
C5267,Pooja,Male,,,,2022-10-17,4998.67,,,9584994949,
C5268,Kiran,Female,,Hyderabad,,,,10.0,,9381138908,USA
C5269,Ankit,Male,,Kolkata,2021-12-09,,,,,,Canada
C5270,Ankit,,53,Delhi,2023-10-11,,,,,,UK
C5271,Ankit,,,Pune,,,72.07,10.0,,,USA
C5272,Rahul,Male,,Delhi,2025-06-15,,,4.0,,,
C5273,Sneha,Female,42,,,,,3.0,,,Australia
C5274,Simran,,,Delhi,,2021-02-13,,1.0,,,India
C5275,Ravi,,,Chennai,2024-08-07,2025-05-11,,,,,Canada
C5276,Ravi,Male,,Chennai,2021-01-08,2025-07-23,,,,,UK
C5277,,Male,,Mumbai,2021-10-07,,,10.0,,,
C5278,Amit,Female,,Mumbai,2025-10-09,2023-11-21,,4.0,user5277@mail.com,,USA
C5279,Amit,Female,,,2021-02-26,,2483.84,,user5278@mail.com,9320956416,UK
C5280,Kiran,Female,,Ahmedabad,2022-05-05,,2290.69,,,,
C5281,Ravi,Male,,Pune,2022-12-21,,2106.64,10.0,user5280@mail.com,,UK
C5282,Neha,Male,,Chennai,2021-04-07,2020-10-20,3861.02,1.0,,,Australia
C5283,Ravi,Male,,Ahmedabad,2021-10-14,2021-10-16,,10.0,,,UK
C5284,,Male,21,Mumbai,2024-04-10,,,,user5283@mail.com,9157911568,USA
C5285,Ravi,Female,,Chennai,,,,5.0,user5284@mail.com,9947703838,India
C5286,Ankit,,49,Ahmedabad,2021-09-04,2021-09-04,,5.0,user5285@mail.com,,USA
C5287,Simran,,,Mumbai,2023-05-22,2025-09-23,,,,,Canada
C5288,Neha,Female,,,,,2254.07,,,9410254294,Canada
C5289,Pooja,,,Chennai,,,,5.0,,9805477344,India
C5290,Rahul,,,Pune,2023-02-12,2023-09-17,203.43,5.0,,,
C5291,Rahul,Female,,Chennai,,,,,,,Australia
C5292,,Male,68,Mumbai,,2025-01-06,2444.54,,user5291@mail.com,9290825421,Canada
C5293,Amit,Male,,Pune,,2021-06-02,,10.0,,,Canada
C5294,Kiran,Female,34,Mumbai,2022-03-28,,,,,9451758204,
C5295,Kiran,Male,,Bangalore,,,,,user5294@mail.com,,UK
C5296,Rahul,Female,22,Kolkata,2022-12-08,,,10.0,user5295@mail.com,,USA
C5297,Sneha,Female,,Ahmedabad,,,,4.0,,,USA
C5298,Ankit,Male,,Chennai,,,,2.0,,,UK
C5299,,Female,,Delhi,,,186.95,10.0,,,Australia
C5300,Ankit,Male,,Kolkata,2025-03-03,,,1.0,user5299@mail.com,9470356923,USA
C5301,,,,Kolkata,,,,,user5300@mail.com,,USA
C5302,Kiran,Male,,Pune,2024-01-26,2025-11-30,,,user5301@mail.com,,UK
C5303,Simran,Male,58,Ahmedabad,2022-07-02,2022-01-02,,1.0,user5302@mail.com,,Australia
C5304,Simran,Female,,Pune,,,,1.0,,9132765848,Canada
C5305,Simran,Male,,Delhi,2026-01-03,,833.39,10.0,,,USA
C5306,Kiran,,,Bangalore,,2025-06-22,,4.0,user5305@mail.com,9904855278,UK
C5307,Sneha,,,Mumbai,,2021-08-18,,,,,Australia
C5308,,Female,,,,,,1.0,,9169549093,Canada
C5309,Simran,Male,,Mumbai,,,,,,9154289569,USA
C5310,Ravi,Male,,Mumbai,,2025-12-10,,,,,UK
C5311,Rahul,Male,27,Chennai,2022-12-05,,,2.0,,,Canada
C5312,Amit,Male,44,Ahmedabad,2024-05-24,,3221.89,1.0,,,UK
C5313,Neha,Female,28,Hyderabad,2025-05-18,,,,user5312@mail.com,9229861451,UK
C5314,Amit,Female,,Chennai,,,,,,9503701132,UK
C5315,Ankit,,,Mumbai,2023-07-28,,,,,,UK
C5316,Neha,Male,,Mumbai,,,,,,9129918954,
C5317,Kiran,Male,,Ahmedabad,2025-11-06,,,2.0,user5316@mail.com,,Canada
C5318,Rahul,Male,26,Hyderabad,2024-10-07,,,,,,Australia
C5319,Simran,Female,,Hyderabad,,,,,user5318@mail.com,,Canada
C5320,Ankit,Female,,,,,,,,,Australia
C5321,Kiran,Male,32,Mumbai,2023-10-16,,,10.0,,,Canada
C5322,Pooja,,35,Ahmedabad,,2024-03-24,,,user5321@mail.com,,USA
C5323,Simran,,,Kolkata,2020-08-31,,,10.0,,9865732118,USA
C5324,Amit,Male,60,,,2024-06-27,,,,,Canada
C5325,Rahul,,50,Bangalore,,2023-07-05,,,,,Australia
C5326,Pooja,Female,,Mumbai,,2025-08-10,,10.0,user5325@mail.com,,Canada
C5327,Simran,Female,,,2021-10-09,,,,,,UK
C5328,Pooja,Male,,Chennai,,,3744.22,,,,
C5329,Priya,,46,Pune,,,,,,9382060747,Australia
C5330,Priya,Female,,Kolkata,2023-08-27,,,,,,UK
C5331,Kiran,,,Pune,2020-11-18,2024-09-06,,,,,India
C5332,Neha,,,Mumbai,2021-08-31,,,,,,Canada
C5333,Amit,Male,,Pune,2023-12-26,,4114.3,,,,Australia
C5334,Rahul,Female,60,Chennai,,2024-05-18,,1.0,,9107015623,Canada
C5335,Simran,,,Hyderabad,,,1549.06,,user5334@mail.com,,USA
C5336,Ankit,Male,31,Kolkata,,2021-07-16,3808.86,,user5335@mail.com,,Australia
C5337,Ravi,,35,Pune,,,1401.87,,,,Canada
C5338,Priya,Male,,Kolkata,,2025-12-25,,1.0,,,
C5339,Priya,Male,56,Ahmedabad,2024-06-13,,4346.47,10.0,,9360964800,UK
C5340,Simran,Female,38,Delhi,,,,,,,Canada
C5341,Ankit,Male,,Pune,2021-12-09,2020-08-21,3680.25,3.0,,9285759442,Canada
C5342,Amit,,30,Kolkata,2022-07-09,,2182.87,4.0,user5341@mail.com,,Canada
C5343,,,20,Chennai,,2021-04-01,422.88,10.0,user5342@mail.com,9198492707,USA
C5344,,Male,,Hyderabad,2023-01-10,,,1.0,,,India
C5345,Ravi,Female,26,Hyderabad,,2026-01-25,,,user5344@mail.com,,Australia
C5346,Neha,,,Hyderabad,2021-12-22,,,,user5345@mail.com,,UK
C5347,Priya,Female,,Ahmedabad,2026-01-04,,,4.0,,9626003778,
C5348,Priya,Male,64,Bangalore,2021-11-17,,,10.0,,,Canada
C5349,Rahul,Male,,Mumbai,2022-01-27,,,10.0,,,
C5350,Simran,Male,,Kolkata,,2021-12-13,,,,,UK
C5351,Priya,Male,,Ahmedabad,2020-09-04,,,3.0,,,USA
C5352,Amit,Female,29,Chennai,2025-02-26,,1338.76,10.0,,,UK
C5353,Priya,,,,2023-04-29,2020-08-06,427.77,,user5352@mail.com,,Canada
C5354,Neha,Male,,Hyderabad,2020-12-11,,,10.0,,,Canada
C5355,,Male,,,2023-08-29,2024-08-30,,10.0,,9171552892,UK
C5356,,Male,26,Pune,,2022-08-07,,10.0,user5355@mail.com,,India
C5357,Ravi,,,Chennai,,,,10.0,,,
C5358,,Female,62,Kolkata,2025-10-09,,,,user5357@mail.com,9821765895,UK
C5359,Priya,,,Bangalore,,,,5.0,,,Canada
C5360,Kiran,Female,,Hyderabad,2024-02-26,,320.63,3.0,,,India
C5361,Rahul,,,Delhi,2025-11-28,,,2.0,user5360@mail.com,,India
C5362,,,22,Hyderabad,2022-12-09,,3225.8,10.0,,,
C5363,Sneha,Male,,Hyderabad,,2024-04-11,4708.18,2.0,,,UK
C5364,Rahul,Male,,Pune,,,,,user5363@mail.com,,UK
C5365,Pooja,,,Delhi,,,,,user5364@mail.com,,USA
C5366,Ankit,,40,Bangalore,,2024-02-28,,,user5365@mail.com,,UK
C5367,Ravi,Male,,Chennai,,2020-12-16,,,,,Canada
C5368,,,,Delhi,,2025-03-09,1621.98,1.0,user5367@mail.com,,
C5369,,Female,,Pune,,2021-07-28,,,,9810333156,
C5370,,,,,,,,10.0,,,Canada
C5371,,Female,,Chennai,,2025-04-27,,2.0,,,Australia
C5372,,,,Chennai,,2022-07-27,,,user5371@mail.com,,Canada
C5373,,Female,,,2021-07-10,2023-11-07,,10.0,user5372@mail.com,,India
C5374,Neha,Male,,Pune,,2025-02-13,,10.0,,,Australia
C5375,Ankit,Female,,Kolkata,2022-01-10,,,3.0,,,
C5376,Priya,Male,,Pune,,,,,,9425978119,USA
C5377,Ankit,Female,,,,,,,user5376@mail.com,9462997877,USA
C5378,Sneha,Female,,Delhi,,,,,,,USA
C5379,Simran,Male,,Kolkata,2024-04-24,2021-05-20,,,,9824696902,Australia
C5380,Ankit,Female,65,,,2024-09-22,,10.0,,,
C5381,Neha,Male,,Mumbai,,2025-11-15,,,,9915294539,Australia
C5382,Ravi,Male,20,Kolkata,,,,,user5381@mail.com,,Australia
C5383,,Female,,Hyderabad,2022-12-05,2023-02-22,,5.0,user5382@mail.com,,USA
C5384,Simran,Female,70,Kolkata,2023-03-29,,,10.0,user5383@mail.com,,UK
C5385,Amit,Female,,Bangalore,,,,,,,India
C5386,Priya,,,Pune,2022-08-05,,,10.0,,,
C5387,Ravi,Male,,,,2022-02-07,,10.0,,,Australia
C5388,Sneha,,,Ahmedabad,2024-02-22,,,10.0,user5387@mail.com,,Australia
C5389,,Male,49,Ahmedabad,2021-06-03,,,10.0,,,Australia
C5390,Neha,Male,,Bangalore,2025-11-19,2025-01-21,,5.0,user5389@mail.com,,USA
C5391,,Female,,Mumbai,,,,2.0,,9847692358,Canada
C5392,Ravi,Male,,,,,,,,9914615996,
C5393,,Female,,Hyderabad,,2021-01-07,,,,,
C5394,Ankit,Female,,Mumbai,,,76.87,,,,USA
C5395,Ravi,,,Pune,2025-11-04,,,10.0,,,USA
C5396,Sneha,Female,45,Hyderabad,,,,,,,USA
C5397,Amit,Female,,Pune,,,,10.0,,,India
C5398,Ankit,Female,,Ahmedabad,2022-12-01,,,,,9260617437,UK
C5399,,Female,,Bangalore,,,,,user5398@mail.com,,India
C5400,Ankit,Female,,Hyderabad,,2023-09-14,,10.0,,,
C5401,,Female,,Ahmedabad,,2023-04-28,,10.0,,,India
C5402,Pooja,Female,,Delhi,2025-05-05,,,1.0,,,Australia
C5403,Rahul,Female,,Pune,,2022-07-06,,,,,India
C5404,Sneha,Male,,Kolkata,,,3414.42,10.0,,,Australia
C5405,Simran,Female,,Hyderabad,2022-12-11,,,,,,India
C5406,,Male,,Hyderabad,2023-10-08,,,10.0,user5405@mail.com,9444337386,Canada
C5407,Neha,Female,,Kolkata,,2024-08-18,,2.0,user5406@mail.com,,UK
C5408,Simran,Male,,Mumbai,,,,,,,UK
C5409,Amit,Female,,,2024-11-10,,,,,,India
C5410,,Male,60,Hyderabad,2020-12-06,,,1.0,,,
C5411,Priya,Male,,Pune,,2021-11-27,,,user5410@mail.com,,Canada
C5412,Ankit,Female,,Delhi,2021-01-17,,,10.0,user5411@mail.com,,
C5413,Simran,Female,,Chennai,2025-05-29,2024-12-22,,,,,
C5414,Rahul,Male,,Hyderabad,,2022-10-31,,4.0,,,Australia
C5415,Rahul,Female,,Chennai,2025-07-23,,,10.0,,,Australia
C5416,Ravi,,23,,2022-12-02,2021-02-16,,3.0,,,USA
C5417,Rahul,Male,35,,2020-11-06,2021-09-09,,3.0,user5416@mail.com,,Australia
C5418,Pooja,Female,,Chennai,2021-06-21,,,3.0,,,
C5419,Ankit,Male,,Mumbai,,,,10.0,user5418@mail.com,9507766897,UK
C5420,Kiran,Male,,Delhi,,,,,,,
C5421,Amit,,52,Hyderabad,,2021-03-25,,4.0,,9639407295,Australia
C5422,Kiran,,,Delhi,2021-11-13,,,,user5421@mail.com,9275017879,India
C5423,Kiran,Male,,Kolkata,2022-09-26,,,,,,
C5424,Ravi,,34,Kolkata,2025-11-04,2023-04-28,,10.0,,,Australia
C5425,Ankit,,20,Bangalore,,2021-06-18,,10.0,,,
C5426,,Male,,Hyderabad,2020-09-24,,,,user5425@mail.com,,Australia
C5427,Simran,Male,,Mumbai,,,854.9,3.0,,,
C5428,,Female,,Kolkata,,,,,,,UK
C5429,Priya,Male,,Hyderabad,,2024-04-07,,,user5428@mail.com,,UK
C5430,Neha,Female,,Kolkata,2025-05-23,,,10.0,,,India
C5431,Sneha,,25,Bangalore,2022-04-11,,,,,,Canada
C5432,,,,,,,,3.0,user5431@mail.com,,Canada
C5433,Ankit,,,Chennai,2024-09-12,,4612.31,10.0,user5432@mail.com,,Canada
C5434,Amit,,23,,,,,,user5433@mail.com,,UK
C5435,Priya,Female,42,Pune,,2020-09-09,,10.0,user5434@mail.com,9302917739,UK
C5436,,Male,,Bangalore,,,2182.03,5.0,,,
C5437,Sneha,Female,,,2023-10-16,,,10.0,user5436@mail.com,,UK
C5438,Pooja,Male,,Pune,,,,10.0,,,Canada
C5439,Sneha,Male,,Hyderabad,,,,3.0,user5438@mail.com,,Canada
C5440,Ankit,Female,,,,,2035.64,,,9784336122,USA
C5441,Kiran,,,Pune,2022-11-27,,,3.0,,,
C5442,Ankit,Female,,Chennai,,,,,,9220584890,Canada
C5443,Ravi,Female,,Chennai,,,363.89,10.0,,9361128146,India
C5444,Ankit,,,Bangalore,,,2619.28,1.0,,,UK
C5445,Simran,Male,,Bangalore,2023-05-21,,,,user5444@mail.com,,
C5446,Ankit,,43,Mumbai,2022-08-19,,,4.0,,,USA
C5447,Ravi,,,Mumbai,2023-11-19,,4447.63,4.0,user5446@mail.com,9279647398,India
C5448,Ankit,Male,35,Bangalore,,,3556.34,10.0,,,India
C5449,,Male,,,2021-03-04,2023-05-28,,,,,UK
C5450,Ravi,Male,,Chennai,,2020-08-07,,2.0,user5449@mail.com,,UK
C5451,Ankit,Female,,Bangalore,,,3099.55,2.0,,,Canada
C5452,Neha,Female,47,Mumbai,,,,2.0,user5451@mail.com,,USA
C5453,Kiran,Male,46,Kolkata,2022-08-30,,,3.0,,9901972997,UK
C5454,Ravi,Female,,Delhi,2021-01-20,,,5.0,user5453@mail.com,9101229376,USA
C5455,,Female,,,2025-11-26,,2387.49,,,,USA
C5456,Pooja,Male,18,Bangalore,2021-03-20,2025-03-25,,,,,UK
C5457,Pooja,Female,26,Ahmedabad,,,,10.0,,9226993761,USA
C5458,Amit,,,Chennai,2021-02-06,,,10.0,,9358933651,Canada
C5459,Ravi,Male,24,Ahmedabad,,,,10.0,,,
C5460,Rahul,Male,,Kolkata,,2025-07-15,,5.0,,,Canada
C5461,,Male,27,Ahmedabad,,,,,,9957488436,Australia
C5462,Amit,Male,,,,2024-04-26,,,,9971173870,UK
C5463,Sneha,Female,,Delhi,2022-01-14,,1958.57,10.0,,,Australia
C5464,Amit,Female,,Pune,,,3180.63,,,9382696548,USA
C5465,Amit,,,Chennai,,,323.23,10.0,user5464@mail.com,,India
C5466,Ankit,Female,,Ahmedabad,,,,,,,Australia
C5467,Rahul,Female,,,2023-02-14,2023-06-17,,10.0,,,USA
C5468,Sneha,Female,27,Chennai,2025-09-15,,,10.0,,9128451066,Canada
C5469,Ankit,Male,,Bangalore,,,,10.0,,9575990734,Australia
C5470,Neha,Female,,Bangalore,2020-12-14,,,,user5469@mail.com,,
C5471,,Female,,Delhi,,2023-07-30,,10.0,,,India
C5472,,Male,,Pune,2022-07-12,,,10.0,,,Australia
C5473,Simran,Male,44,Hyderabad,2024-12-05,2025-04-21,,,,9724223586,India
C5474,Simran,Female,,Hyderabad,,,845.11,,user5473@mail.com,,
C5475,,,,Ahmedabad,,,,3.0,,,India
C5476,Simran,Male,,Hyderabad,,2020-12-25,,10.0,,9797909495,UK
C5477,Kiran,Female,,Bangalore,,,,3.0,user5476@mail.com,9440902569,Canada
C5478,Neha,Female,,,2022-02-04,,,,,,UK
C5479,Pooja,Male,,Chennai,,,,5.0,,,USA
C5480,Priya,Male,,Hyderabad,2021-12-23,2025-03-29,,10.0,,,USA
C5481,Amit,,,,,2025-05-24,,3.0,,,Australia
C5482,Priya,Female,,Bangalore,2023-07-06,,,3.0,,,
C5483,Neha,Male,33,,,,,10.0,,,USA
C5484,Amit,,,,,,,,user5483@mail.com,,Canada
C5485,Ankit,Male,,Chennai,,2025-04-19,,10.0,,,
C5486,Rahul,Female,,Pune,2021-04-01,2023-04-22,,5.0,,,
C5487,,Female,,Chennai,,,4997.87,4.0,,9409909683,India
C5488,,Female,,,2022-08-31,2022-07-23,787.16,,,,UK
C5489,Priya,,,Delhi,2021-02-03,,,,,,
C5490,,,,Kolkata,,2025-06-13,,10.0,,,India
C5491,Simran,Female,,Delhi,,2025-09-22,,1.0,,,Canada
C5492,Sneha,Female,53,Ahmedabad,2025-04-26,,,,user5491@mail.com,9174501147,USA
C5493,Ravi,Male,54,Delhi,,,,,,,Canada
C5494,Rahul,Male,,Hyderabad,,,,10.0,user5493@mail.com,,Australia
C5495,,Female,,Ahmedabad,2020-11-28,,,,user5494@mail.com,,Canada
C5496,,Female,,Delhi,,2021-01-08,,10.0,,,India
C5497,Priya,Male,,Kolkata,,,,,user5496@mail.com,9816677166,India
C5498,Ankit,Male,,Hyderabad,,,,,,,
C5499,Priya,Female,,Mumbai,2025-06-12,2025-08-01,,10.0,,,UK
C5500,Amit,Male,24,Pune,,,,,,,UK
C5501,Sneha,Male,,Bangalore,,2022-12-30,,2.0,,9859658744,Australia
C5502,Sneha,,,Delhi,2024-10-19,,,10.0,user5501@mail.com,,
C5503,Priya,Female,,Chennai,2025-05-22,2020-12-30,,10.0,,9808549976,Canada
C5504,Kiran,Female,,Bangalore,,,,,,,India
C5505,,Female,,Pune,,,150.09,5.0,user5504@mail.com,,Australia
C5506,,Male,,Pune,,2025-02-14,,,user5505@mail.com,,UK
C5507,Rahul,Male,,Ahmedabad,2025-10-29,2022-09-24,1779.63,1.0,user5506@mail.com,9596909071,UK
C5508,Amit,Female,18,,2024-03-15,,,,,,Australia
C5509,Priya,Female,,Ahmedabad,2020-10-04,2022-07-25,,1.0,,,Australia
C5510,Pooja,,47,Hyderabad,2024-01-10,,,,user5509@mail.com,,USA
C5511,Sneha,Male,,Pune,,2023-09-09,758.99,10.0,,,USA
C5512,Sneha,Male,27,Kolkata,2022-10-29,,4183.7,,,,
C5513,Simran,Female,30,Mumbai,,2024-08-24,4177.36,,,9563627596,UK
C5514,Kiran,Female,,Bangalore,,,,1.0,,,USA
C5515,Ravi,Male,,Kolkata,2022-10-05,,,10.0,,,UK
C5516,Priya,Male,,Kolkata,2024-01-06,,,4.0,,,
C5517,Sneha,Male,,Hyderabad,2024-01-19,,,10.0,,,
C5518,Sneha,Female,,Ahmedabad,,,,3.0,user5517@mail.com,9830949046,UK
C5519,Rahul,Male,,Bangalore,,2022-10-03,,10.0,,,USA
C5520,Rahul,Female,,Chennai,,2025-11-04,2078.05,10.0,user5519@mail.com,,
C5521,,Female,18,Mumbai,2023-07-10,,,,,,
C5522,Ravi,,,Kolkata,2022-01-24,2020-09-03,1561.99,1.0,,,
C5523,Kiran,Female,,Hyderabad,2023-09-25,,2572.37,10.0,user5522@mail.com,9979330008,USA
C5524,Amit,,,Hyderabad,2020-12-07,2021-12-11,,10.0,,,Canada
C5525,Ankit,Male,,Delhi,,,,,,,Canada
C5526,,,,Mumbai,2024-05-05,,,,user5525@mail.com,,Canada
C5527,Amit,,46,Ahmedabad,2020-10-03,2022-08-03,,,,,
C5528,,Female,,Mumbai,,,,,,,India
C5529,Neha,Female,,Chennai,,,,1.0,,,India
C5530,Priya,,,Ahmedabad,,2023-12-28,,,user5529@mail.com,9755901245,Canada
C5531,Priya,Male,39,Mumbai,,,,,,,Australia
C5532,Rahul,Male,,Hyderabad,,,,3.0,user5531@mail.com,9774264846,
C5533,Pooja,Male,67,,2023-10-21,,,,user5532@mail.com,,UK
C5534,,,,Bangalore,2024-07-13,2022-01-02,,3.0,,,India
C5535,Sneha,Female,,Mumbai,2025-02-19,,,10.0,,9577211434,USA
C5536,Sneha,Female,,Chennai,2025-11-04,2022-04-08,,10.0,,,Canada
C5537,Ravi,,,,,,,10.0,,,USA
C5538,Priya,Female,42,Hyderabad,2022-06-03,,,10.0,,,India
C5539,Neha,Female,,Kolkata,2023-08-06,,1522.97,10.0,,,Australia
C5540,Rahul,Male,66,Hyderabad,2021-09-15,,175.51,3.0,user5539@mail.com,,India
C5541,Pooja,Female,,,,,,,,,UK
C5542,Neha,Female,,Chennai,,,,10.0,,,India
C5543,Rahul,Male,,Kolkata,,,985.66,5.0,,9345273677,USA
C5544,,Male,,Delhi,2024-09-07,,,5.0,,,
C5545,,,,Chennai,2021-06-18,,,,,,
C5546,Sneha,Female,,Delhi,,,,,,,UK
C5547,,Male,,Pune,2024-01-23,,,10.0,,,
C5548,Amit,Female,,Bangalore,2024-06-11,2023-01-11,4420.22,,,,USA
C5549,Rahul,Male,33,Kolkata,,,,5.0,,,USA
C5550,,Male,60,Ahmedabad,2024-03-10,,,3.0,,9107973488,India
C5551,,Female,,Bangalore,,,,,,,USA
C5552,Rahul,Female,,Bangalore,,2023-10-10,,,,9817463936,UK
C5553,Neha,Male,,Pune,,2024-11-11,,,,,UK
C5554,Neha,Female,,Ahmedabad,2020-08-28,2021-08-17,2785.11,,,9830120308,Canada
C5555,Ravi,Male,41,Mumbai,2021-11-27,,4505.91,10.0,,,USA
C5556,,Male,,Pune,,2025-05-05,,,user5555@mail.com,,UK
C5557,,Male,,,,2023-08-26,1089.27,10.0,,,USA
C5558,Ravi,Male,30,Mumbai,,,,,,,Canada
C5559,Amit,Male,58,Mumbai,,,,3.0,,9765120877,
C5560,Ravi,Female,,,,,2042.91,,,,India
C5561,Rahul,Female,,Mumbai,,,351.9,,,,UK
C5562,,Female,47,Bangalore,2024-12-02,2025-01-04,,,user5561@mail.com,9655256350,India
C5563,,Female,,Bangalore,,,,,,,
C5564,Sneha,Female,,Ahmedabad,,,,10.0,user5563@mail.com,,
C5565,,,,Bangalore,2023-05-26,,,,user5564@mail.com,9359882090,UK
C5566,Rahul,,,Mumbai,,,,10.0,user5565@mail.com,,Canada
C5567,,Male,,Chennai,,2022-09-10,,,,9247571374,
C5568,Priya,,,Mumbai,2022-01-03,2023-12-24,,10.0,user5567@mail.com,,India
C5569,Amit,,,Chennai,2023-08-30,2021-02-10,,10.0,,,India
C5570,Ravi,Male,,Bangalore,2025-09-29,,256.89,2.0,,,UK
C5571,Priya,Male,,Bangalore,,,,,,,Australia
C5572,Sneha,,55,,,,,5.0,user5571@mail.com,,
C5573,Rahul,Female,,Bangalore,,2024-04-22,,2.0,user5572@mail.com,9463410134,UK
C5574,Sneha,Female,,Mumbai,,,,10.0,,,Canada
C5575,Rahul,Male,,Mumbai,2020-12-29,,,3.0,,9860598397,India
C5576,,Female,,Delhi,2022-06-16,,,,,,USA
C5577,Ravi,,,Hyderabad,,2023-06-01,2576.89,,,,Canada
C5578,Kiran,Male,,Kolkata,,,,10.0,user5577@mail.com,,Australia
C5579,,Male,,Chennai,2025-03-25,2025-08-16,,,,,Australia
C5580,,Male,,Hyderabad,,,,10.0,,,Australia
C5581,Ankit,Male,69,Pune,,,,10.0,,9630196827,USA
C5582,,Male,,Chennai,2022-05-31,2025-06-22,,,user5581@mail.com,,Canada
C5583,Ravi,Female,,Hyderabad,2021-09-05,,,3.0,,,Australia
C5584,Neha,Female,,Mumbai,,,481.55,1.0,user5583@mail.com,9602643279,Australia
C5585,Kiran,Female,,Delhi,2021-03-05,2023-05-02,1833.38,1.0,,,Canada
C5586,Pooja,Male,,,,,,1.0,,,Australia
C5587,Pooja,Female,31,Mumbai,,,,,,,Canada
C5588,Amit,Male,,Hyderabad,2022-02-18,,,,,,Canada
C5589,Priya,,,Pune,,,,4.0,,,
C5590,Sneha,,50,Hyderabad,,,,,,,
C5591,Kiran,Female,43,,,,,2.0,,,
C5592,Sneha,,,Pune,2024-07-23,,,10.0,,,India
C5593,Sneha,Female,,Ahmedabad,2025-10-22,2022-12-29,,5.0,,,India
C5594,Neha,Female,,Chennai,2022-09-28,,4587.57,,,,UK
C5595,Sneha,Male,,Mumbai,,,,,,,UK
C5596,Ravi,,69,Mumbai,2023-04-05,,,10.0,,,UK
C5597,,Female,39,Kolkata,2024-04-17,,,,,9819014986,USA
C5598,Sneha,Female,61,Kolkata,,2025-05-06,,4.0,,,India
C5599,Rahul,Female,56,Chennai,2024-01-09,,2612.22,4.0,,9195663626,Australia
C5600,,,,Pune,2022-10-24,2023-04-16,,,,9379606486,
C5601,Ravi,Male,,Delhi,,2024-11-15,,1.0,,,India
C5602,Ravi,Female,,Ahmedabad,,,,,,,USA
C5603,Priya,,,Bangalore,2023-09-22,,3841.51,,,,India
C5604,Sneha,Female,,Kolkata,,,2679.95,,user5603@mail.com,,India
C5605,Sneha,,,Hyderabad,2025-06-15,2025-01-14,,,,,
C5606,Ankit,Male,,Chennai,,,,,,,India
C5607,Priya,Female,43,Pune,,2021-12-09,2783.26,,user5606@mail.com,,India
C5608,Kiran,,60,Pune,2023-12-29,,,,,,
C5609,Neha,Male,,Ahmedabad,2023-05-13,,339.7,,user5608@mail.com,,India
C5610,Ankit,Male,,Chennai,,,,,,,India
C5611,Pooja,Male,,Pune,,2025-07-12,,,,,Australia
C5612,Ravi,,,Hyderabad,,,,,user5611@mail.com,,Canada
C5613,Kiran,,,Hyderabad,,,,1.0,,9908937908,
C5614,Ankit,Male,,Chennai,2025-08-14,,,,user5613@mail.com,,Australia
C5615,Kiran,Female,,Chennai,2024-07-15,,4967.76,,user5614@mail.com,,USA
C5616,Simran,Male,42,Bangalore,,,,2.0,,,UK
C5617,,,57,Bangalore,,,,,,,India
C5618,Priya,,61,Mumbai,,,,5.0,user5617@mail.com,9400684119,Canada
C5619,Sneha,Male,21,Chennai,,,,,user5618@mail.com,9360062507,Australia
C5620,Rahul,Male,,Hyderabad,2021-05-13,2022-09-01,,1.0,,,Canada
C5621,,Male,,Chennai,2020-12-10,2025-10-08,,10.0,,9306420616,Australia
C5622,Rahul,Male,67,Ahmedabad,,,2088.12,,,,India
C5623,Kiran,Female,,Pune,2025-04-21,,,2.0,,,
C5624,Rahul,Female,,Hyderabad,,,144.69,2.0,user5623@mail.com,9662095836,Canada
C5625,Neha,Female,,Delhi,2021-04-26,,,,,,Canada
C5626,,Male,,Mumbai,2021-03-01,,599.46,10.0,,9249467218,
C5627,Ravi,Female,,Kolkata,2025-07-20,2021-05-29,,,,,
C5628,Ravi,Male,,Mumbai,2021-08-06,,,,,,Canada
C5629,,Male,22,Kolkata,,2022-12-24,,,,,
C5630,Ravi,,,,,,201.89,,,,India
C5631,Simran,Male,,,2020-11-18,2021-01-15,,,,,Australia
C5632,Ankit,Female,,Mumbai,2021-08-26,,1427.6,,,,Australia
C5633,,Male,,Pune,,,,10.0,,,UK
C5634,Sneha,Male,,Mumbai,,2020-10-06,2692.05,2.0,user5633@mail.com,,Canada
C5635,Simran,Male,,Pune,2022-04-23,,,10.0,user5634@mail.com,,
C5636,Pooja,Female,,Pune,2023-06-08,,,5.0,user5635@mail.com,9582606144,Australia
C5637,Rahul,,23,Hyderabad,,,,10.0,user5636@mail.com,9277635991,Australia
C5638,Sneha,,,Delhi,,,,,user5637@mail.com,,USA
C5639,Amit,Female,,Bangalore,2023-11-14,,,5.0,user5638@mail.com,9484967882,UK
C5640,Pooja,Female,,Pune,,2026-01-09,,10.0,,,India
C5641,Kiran,Male,59,Kolkata,,,,10.0,,,Australia
C5642,Rahul,Female,,Bangalore,2025-03-02,,,,,,USA
C5643,Simran,,,Delhi,2022-10-20,2023-05-29,,,,9244954050,UK
C5644,Sneha,Male,,Delhi,,,,10.0,,,
C5645,Neha,Female,,Delhi,2023-07-30,,,,,,USA
C5646,Kiran,Female,,Ahmedabad,2021-01-30,,727.64,,,,USA
C5647,Pooja,Male,,Hyderabad,,,,,,,USA
C5648,Kiran,Female,31,Bangalore,2021-01-10,2021-08-27,628.99,10.0,,9519417139,UK
C5649,Ravi,Male,,Bangalore,,,3457.98,5.0,,,UK
C5650,Ankit,Male,29,Mumbai,2021-12-08,2023-01-26,1806.71,,,9345469129,India
C5651,Rahul,Female,,Delhi,,,,,,,USA
C5652,Amit,Male,,Mumbai,2025-06-21,2022-01-23,,,,,UK
C5653,Pooja,Male,30,Kolkata,2024-07-06,,,10.0,user5652@mail.com,,USA
C5654,Ravi,,,Bangalore,,2023-10-26,,3.0,,,India
C5655,Amit,,,Ahmedabad,2025-07-06,,,10.0,,,Canada
C5656,Ravi,Female,27,Pune,,,4647.98,,,,India
C5657,Pooja,,62,,2024-08-23,,,,,,India
C5658,Sneha,Male,,Kolkata,2021-09-09,2022-08-06,,10.0,,9790189797,Canada
C5659,Pooja,Female,,Hyderabad,2024-06-21,,,3.0,,9766382825,UK
C5660,Pooja,Male,,Kolkata,2025-05-05,,4977.36,,,,India
C5661,Priya,Male,,,2021-07-22,,1505.3,10.0,,,India
C5662,Ravi,Female,,Chennai,2022-04-07,,,,,,India
C5663,,Female,,Kolkata,2024-06-22,2024-03-26,1299.42,10.0,,,USA
C5664,Rahul,Male,,Delhi,,,3585.22,,,,India
C5665,Rahul,Male,,Kolkata,,,2403.64,10.0,,,
C5666,Ankit,Male,59,Mumbai,2021-11-20,,,2.0,,,Australia
C5667,Ankit,Female,,Pune,,,1801.94,,user5666@mail.com,,Canada
C5668,Sneha,Male,,Pune,2024-02-24,,,10.0,,,Canada
C5669,Sneha,Male,37,Bangalore,,,,10.0,,9887870448,UK
C5670,Pooja,Male,,Hyderabad,,2022-05-09,3597.48,10.0,,,Australia
C5671,Simran,,40,Bangalore,,,,,,,UK
C5672,Kiran,Male,,Pune,,2023-11-06,,10.0,,9705224697,UK
C5673,,Female,,Hyderabad,2024-08-18,2025-09-20,,,,,Australia
C5674,Neha,Female,40,Pune,,2025-08-30,1716.24,,user5673@mail.com,,India
C5675,Sneha,Female,42,Chennai,,,,10.0,,,Australia
C5676,Neha,Female,,Ahmedabad,2024-09-18,,,,,,India
C5677,Sneha,,26,Delhi,,,,10.0,,,
C5678,Amit,Male,,Pune,2022-03-09,,,10.0,user5677@mail.com,,Australia
C5679,Simran,Male,67,Kolkata,2025-06-09,,,10.0,,9298436219,USA
C5680,Pooja,Male,,Delhi,2022-09-05,,637.48,,,9900333938,USA
C5681,Simran,Male,,Bangalore,,,1141.01,4.0,,,Australia
C5682,Amit,Female,,Chennai,,,,10.0,,,Australia
C5683,,Female,,Delhi,,,3900.45,,,,India
C5684,Amit,,,Chennai,2021-10-30,,,10.0,,,Canada
C5685,Pooja,,51,Chennai,,2021-08-14,,,,,
C5686,Amit,Female,,Ahmedabad,,,,,,9747697121,
C5687,,Male,32,,2023-08-13,,929.51,3.0,user5686@mail.com,9244455858,Australia
C5688,Rahul,Male,39,Chennai,2022-12-22,,,,,9812616954,USA
C5689,Sneha,Female,,Ahmedabad,2023-05-09,,2545.73,4.0,user5688@mail.com,,UK
C5690,Ravi,Male,,Delhi,,,,3.0,,,UK
C5691,,Male,27,Chennai,2023-08-03,2021-09-08,,,user5690@mail.com,,UK
C5692,Rahul,Male,,Kolkata,,,,,,9257698922,
C5693,,Female,19,Kolkata,,2025-05-09,,,user5692@mail.com,,
C5694,Rahul,Male,30,Pune,2025-01-09,,,10.0,user5693@mail.com,,UK
C5695,Priya,Male,,Chennai,,2025-09-13,,10.0,,,Canada
C5696,,,,Chennai,,,1901.25,,,9885213145,Canada
C5697,,Female,26,,2025-08-17,,4591.58,2.0,,,USA
C5698,,Female,19,Mumbai,2023-02-03,,,,,,
C5699,Kiran,,,Kolkata,,,,,,9169899589,Australia
C5700,Sneha,,,Chennai,,2025-01-10,,,,9348811905,UK
C5701,Amit,,40,,,2023-11-25,3371.95,1.0,,,
C5702,Sneha,Male,47,Delhi,2022-06-03,2025-08-14,,10.0,,,Canada
C5703,Ankit,Female,,Chennai,2023-04-27,,,,user5702@mail.com,,Australia
C5704,Rahul,,,Bangalore,,,,,,9839423080,UK
C5705,Neha,Male,,Ahmedabad,,,,5.0,,,India
C5706,Neha,,,Ahmedabad,2020-10-05,,1474.33,2.0,,,Australia
C5707,Pooja,Female,,Delhi,,,,,,,India
C5708,,Female,,,2020-10-09,,537.74,,,,USA
C5709,Ravi,Female,,Pune,2023-05-03,,2167.7,,,9852826494,UK
C5710,Pooja,Female,,Chennai,,2026-01-16,,,,9329722935,Canada
C5711,Rahul,Male,,Hyderabad,,2024-08-13,,,,,Canada
C5712,Rahul,,,Pune,2023-06-29,,,,,,USA
C5713,,Female,,Pune,2024-07-06,,,10.0,user5712@mail.com,,USA
C5714,Ankit,Female,,,2025-08-27,,,,,,USA
C5715,Ravi,Female,,Bangalore,2025-01-02,,,2.0,,,USA
C5716,Neha,Female,,,2024-06-18,,,,,,
C5717,Rahul,Female,,Delhi,2023-06-28,,,1.0,,9921038921,UK
C5718,Ankit,Male,,Pune,,,4408.21,,user5717@mail.com,,Canada
C5719,Priya,,,,,,1760.42,,,,India
C5720,Kiran,Male,,Kolkata,,,,10.0,,,UK
C5721,Ankit,,,Hyderabad,2023-03-23,,,,,,Canada
C5722,,Female,,Ahmedabad,,,4524.61,,,,USA
C5723,Simran,,,Ahmedabad,,,2863.82,10.0,,9910003681,UK
C5724,Amit,,,Kolkata,,,785.65,,,,USA
C5725,Sneha,,,Delhi,2022-06-15,,4872.89,3.0,,,UK
C5726,Rahul,,,Mumbai,,,1136.46,,,9758524741,Canada
C5727,Rahul,Female,51,,,2025-11-16,,1.0,,,India
C5728,Kiran,,,Delhi,2024-05-30,2023-08-31,987.74,,,,UK
C5729,Priya,Male,,Delhi,2025-08-04,2021-03-08,1973.88,10.0,,,UK
C5730,Amit,Male,,Pune,,2025-11-06,,3.0,,,USA
C5731,Priya,Female,,Hyderabad,2024-02-28,,,,user5730@mail.com,,India
C5732,Neha,Male,40,Chennai,,,2727.76,10.0,,,
C5733,Ankit,Female,,Mumbai,2023-11-23,,,1.0,,9374981457,India
C5734,,,,Chennai,,,,,,,UK
C5735,Neha,Female,,Mumbai,,2023-04-30,,,user5734@mail.com,,India
C5736,Neha,Female,,Ahmedabad,,,,1.0,,,UK
C5737,Priya,Female,31,Chennai,,2024-01-06,,,,9367415481,USA
C5738,,Female,,Bangalore,,,,3.0,,,UK
C5739,Ravi,,,Ahmedabad,2024-08-23,,,5.0,,,India
C5740,Neha,Female,,Chennai,,,,,,,
C5741,Rahul,Male,,Ahmedabad,2022-10-01,2021-08-06,3154.45,,,,
C5742,,Male,,Kolkata,,2022-05-30,,,,,UK
C5743,Rahul,Female,,Hyderabad,2024-09-02,,2564.43,10.0,,9550696903,India
C5744,Ravi,Male,,Mumbai,,,,,user5743@mail.com,,UK
C5745,,Female,,Hyderabad,2024-11-08,,,10.0,user5744@mail.com,,Australia
C5746,Simran,Male,,Delhi,2020-11-13,,,10.0,,,
C5747,Sneha,Female,,Delhi,,,4136.3,,,,Canada
C5748,Priya,Female,,Bangalore,,2024-08-18,1106.5,,,,Canada
C5749,,Female,20,Kolkata,,2022-04-07,,,,9404565156,Canada
C5750,Rahul,Female,44,Pune,2022-06-28,,4011.25,10.0,,,USA
C5751,Priya,,,Kolkata,,2025-12-04,,10.0,user5750@mail.com,,India
C5752,,Female,,Hyderabad,,,,,,,Canada
C5753,Amit,Female,,,,,,10.0,,,India
C5754,Rahul,Female,,Delhi,2020-11-09,,2327.79,10.0,,,
C5755,,Male,,Mumbai,2024-05-10,2023-02-06,1350.43,10.0,,,UK
C5756,Pooja,Male,,Kolkata,,2021-04-03,2946.87,10.0,,9933255032,Australia
C5757,Sneha,Female,,Hyderabad,2023-06-03,,,,,,India
C5758,Sneha,,,Chennai,2022-04-17,2024-10-27,,10.0,,9974564016,Australia
C5759,Kiran,Female,43,Hyderabad,,2021-06-03,3950.0,4.0,,,India
C5760,Amit,Female,,Ahmedabad,,,,,user5759@mail.com,9978024258,UK
C5761,Pooja,Male,,Bangalore,2021-06-14,2024-10-13,,,,,UK
C5762,Kiran,Female,,Ahmedabad,,2023-07-29,,,,,Canada
C5763,Priya,,,Pune,2025-01-19,,,5.0,,,Canada
C5764,Neha,Male,,Chennai,,2024-11-02,,3.0,user5763@mail.com,,USA
C5765,Pooja,,,Ahmedabad,2022-06-11,,936.53,,user5764@mail.com,9943776143,Australia
C5766,Kiran,,29,Ahmedabad,2023-11-05,2021-09-07,1347.79,,user5765@mail.com,,Canada
C5767,Rahul,Female,,Chennai,,2022-07-11,,10.0,,,
C5768,Simran,Male,,Bangalore,,2024-03-26,,10.0,user5767@mail.com,,
C5769,Sneha,Male,54,Chennai,,,,,,9815251293,UK
C5770,Priya,Male,,Bangalore,,,,5.0,user5769@mail.com,,Canada
C5771,Pooja,Female,,Ahmedabad,2023-07-24,2024-09-05,,10.0,,,USA
C5772,Rahul,Male,,Bangalore,2025-10-08,,,,,,USA
C5773,Simran,Male,,,2025-10-03,,3725.26,,,,
C5774,Sneha,,,Delhi,,,1650.04,10.0,user5773@mail.com,,USA
C5775,Neha,Female,,Bangalore,,,,10.0,,9949832996,Canada
C5776,Simran,Female,,Delhi,,2024-10-22,,,,,India
C5777,Pooja,Female,51,Chennai,2024-01-14,2022-09-13,3719.95,10.0,,,USA
C5778,,Male,,Bangalore,,2024-06-16,,,,,UK
C5779,Kiran,,,Bangalore,2023-07-01,2021-05-20,,10.0,user5778@mail.com,,Australia
C5780,Ankit,,67,Kolkata,,2020-08-06,4132.7,,,9281796791,UK
C5781,Kiran,,,Pune,2021-02-24,2021-12-13,,3.0,,,Australia
C5782,Simran,,58,Kolkata,2022-11-03,,,10.0,user5781@mail.com,,
C5783,Amit,,,Delhi,,2021-10-02,,,,,USA
C5784,Ravi,,59,Pune,,2025-08-25,,,,,Australia
C5785,Amit,Female,,Hyderabad,2022-02-15,,253.59,10.0,,,USA
C5786,Neha,Female,,Bangalore,,,,,,,Canada
C5787,Rahul,Male,,,,,,3.0,,,Canada
C5788,Sneha,Male,,Mumbai,2020-12-23,,497.01,1.0,user5787@mail.com,,Australia
C5789,Kiran,,,,2021-11-25,,,,user5788@mail.com,9846755995,USA
C5790,Rahul,Male,,Pune,,,4522.3,10.0,user5789@mail.com,,Australia
C5791,Kiran,,,Bangalore,,,,,,,Australia
C5792,Amit,Male,,Mumbai,,,,10.0,,,
C5793,Neha,,,Delhi,2024-09-15,,,1.0,,9116593698,Canada
C5794,Ankit,Female,,Mumbai,2020-11-16,2023-06-25,,,,,USA
C5795,,Male,,Kolkata,2025-01-28,,,1.0,user5794@mail.com,9201459882,Canada
C5796,Neha,,,Hyderabad,,2022-01-22,,10.0,user5795@mail.com,,UK
C5797,Rahul,Male,56,Chennai,2025-04-02,,4520.83,,,9789091201,
C5798,Kiran,Female,24,Mumbai,,,,10.0,,9370738288,USA
C5799,Sneha,,,,2022-04-08,2024-04-03,,2.0,,,UK
C5800,Pooja,Female,,Ahmedabad,2025-02-19,2022-04-02,,,,9503411612,Canada
C5801,Kiran,Female,23,Bangalore,,,123.82,,user5800@mail.com,,USA
C5802,,Male,,Bangalore,,2022-04-01,2320.53,,,,
C5803,Kiran,Female,,,,,,10.0,user5802@mail.com,,UK
C5804,Simran,Male,,,,,251.5,,,9734471441,Australia
C5805,Neha,Female,38,Mumbai,2020-11-04,2024-04-19,,5.0,,,USA
C5806,Pooja,Female,,,,2022-09-21,2662.09,4.0,,,UK
C5807,,Female,,Chennai,,2022-09-29,4399.82,,,,Australia
C5808,Sneha,,,Hyderabad,2023-07-24,,,10.0,,9752428378,India
C5809,Rahul,Female,,Pune,2023-07-30,,,,,9248744230,
C5810,Ravi,Female,,Chennai,,,,,,9362499510,USA
C5811,,Male,,Delhi,2022-09-01,,3815.89,10.0,,,
C5812,Ankit,Male,,,2020-11-06,2022-04-21,3487.72,,,,Canada
C5813,Priya,Male,,,,,1032.73,,user5812@mail.com,9586973808,Canada
C5814,Rahul,Female,55,,2020-10-21,,,4.0,,,UK
C5815,Kiran,Female,,Pune,,,4809.71,,user5814@mail.com,,
C5816,Kiran,,,Pune,,,,10.0,,,Australia
C5817,Kiran,,,Mumbai,2023-06-25,2025-08-23,,2.0,user5816@mail.com,9331213863,USA
C5818,Sneha,Male,23,Kolkata,2022-12-18,,,1.0,,,USA
C5819,Ravi,Male,,Delhi,2026-01-01,,,,,,UK
C5820,Pooja,,,Ahmedabad,2021-08-01,,,10.0,,,India
C5821,Ankit,Male,,Bangalore,,,,10.0,,,India
C5822,Sneha,Female,,Hyderabad,2024-12-20,2022-08-17,,10.0,user5821@mail.com,,UK
C5823,Ravi,Male,,Mumbai,,,,,user5822@mail.com,,Canada
C5824,Ravi,Female,33,Mumbai,,,1038.62,,,9256249570,Australia
C5825,Pooja,,54,Mumbai,,,938.39,,,9815347875,India
C5826,,Female,,Pune,2023-06-17,,,,,,India
C5827,,,,,2024-08-19,2022-05-03,,1.0,,,
C5828,Ravi,,,Pune,2025-06-13,,3007.86,10.0,,,
C5829,Sneha,Male,47,Mumbai,2025-01-20,2025-11-08,,,,,
C5830,,Male,,Delhi,2025-01-06,2024-06-07,,1.0,,,UK
C5831,Ravi,Male,,,2025-02-17,2023-10-22,1985.84,10.0,,,
C5832,Simran,Male,,Kolkata,2026-01-24,2024-11-06,,,user5831@mail.com,,USA
C5833,,Female,46,Kolkata,2025-05-08,,2243.9,10.0,,,UK
C5834,,Male,,Pune,,,,,user5833@mail.com,9305072826,USA
C5835,,Male,,Mumbai,2022-11-11,2021-10-13,,,user5834@mail.com,,UK
C5836,Pooja,Female,19,Bangalore,2025-03-31,2023-05-17,,3.0,,,Canada
C5837,Ravi,Male,65,Mumbai,2023-07-18,,,,,,USA
C5838,,Male,,Kolkata,,,1088.96,5.0,,,India
C5839,Rahul,Female,,Chennai,,,,10.0,,,USA
C5840,Priya,Female,,,2025-06-20,,,,,,India
C5841,Simran,,47,,2021-03-06,,,3.0,user5840@mail.com,,Australia
C5842,Priya,Female,,Ahmedabad,2024-01-29,,486.18,,,,
C5843,Kiran,,,Pune,2024-10-11,,,2.0,,9158919233,Australia
C5844,Simran,Female,,Hyderabad,,2024-07-15,4402.91,4.0,,,Australia
C5845,Simran,Female,,Ahmedabad,,,,1.0,,,Canada
C5846,Priya,Female,,Pune,,,,10.0,,,India
C5847,Rahul,,,,,,,,,,Australia
C5848,Amit,Female,,Chennai,2024-01-17,,,2.0,,,India
C5849,Kiran,Female,,Bangalore,,2025-09-03,,10.0,user5848@mail.com,9157100717,
C5850,Priya,Male,,Hyderabad,2023-07-05,2025-05-26,,,,,Australia
C5851,Priya,,,Kolkata,,2020-11-10,,,,,
C5852,,,,Chennai,2024-10-24,,,,,,Canada
C5853,Kiran,,,,2021-03-23,,1796.26,,,9861325894,Australia
C5854,Simran,Male,,Hyderabad,,,,2.0,user5853@mail.com,,USA
C5855,Rahul,Female,45,Pune,,2022-06-07,15.35,2.0,,9247432137,UK
C5856,Amit,Male,,Ahmedabad,2024-05-12,2023-11-25,,,,,UK
C5857,Neha,Male,,Delhi,2025-12-16,2022-06-23,,10.0,,,
C5858,Pooja,Male,,Mumbai,2021-10-30,,,10.0,,,Canada
C5859,Sneha,Female,31,Delhi,2025-12-12,2025-04-25,,,user5858@mail.com,,UK
C5860,,,,Pune,,,,,,,Australia
C5861,Kiran,Female,32,Hyderabad,,,,10.0,user5860@mail.com,9300029284,India
C5862,Rahul,Female,43,Delhi,,,,10.0,,,Canada
C5863,Amit,Female,,Kolkata,2025-06-03,2025-04-04,1604.35,3.0,,,India
C5864,Amit,,31,Bangalore,,,3478.24,,,,UK
C5865,Amit,Male,,Bangalore,,,2400.16,10.0,user5864@mail.com,,India
C5866,Kiran,Female,,Pune,2026-01-06,2025-12-06,4771.84,1.0,,,UK
C5867,Rahul,Male,,Kolkata,2021-10-10,,,,,,USA
C5868,Ankit,Male,,Hyderabad,2024-08-13,,,10.0,,,UK
C5869,Sneha,,,Ahmedabad,2025-02-02,,4345.62,,,,Australia
C5870,Ankit,Female,38,Chennai,,,3354.92,10.0,,9698048292,USA
C5871,,,,,2024-09-22,,,10.0,,,Australia
C5872,Kiran,Male,,Kolkata,2021-08-15,2021-03-04,,,,9888009507,Australia
C5873,Neha,Male,,,2025-06-07,,,,,,Australia
C5874,Priya,Female,,Kolkata,,2020-12-19,,,,,India
C5875,Simran,Male,26,Bangalore,,2022-02-08,2355.66,,user5874@mail.com,9844334847,Australia
C5876,,Female,,Hyderabad,,,2145.28,,,9691343022,India
C5877,Ankit,Male,,Mumbai,,2021-05-05,3996.01,10.0,user5876@mail.com,,Canada
C5878,,Female,53,Mumbai,,2025-04-25,,,user5877@mail.com,9668236898,Australia
C5879,Ravi,Male,69,,,2020-10-26,,,,,UK
C5880,,Male,,Pune,,,4003.23,4.0,,,UK
C5881,Ankit,Male,,Chennai,2022-07-27,2024-06-05,3823.69,5.0,user5880@mail.com,9403330004,India
C5882,Priya,Male,,Bangalore,,,,10.0,,,UK
C5883,Amit,Female,,,,,,,user5882@mail.com,,UK
C5884,Simran,Female,,Mumbai,,,4822.87,,user5883@mail.com,9322970929,USA
C5885,Pooja,,,Pune,,,,4.0,,,Canada
C5886,Ankit,Male,,Bangalore,,2024-02-14,,,user5885@mail.com,,India
C5887,Amit,,,,2020-11-29,,,10.0,,,Canada
C5888,Rahul,Male,,Chennai,,,,,user5887@mail.com,9783242100,
C5889,Neha,,,Chennai,,,,3.0,,,India
C5890,Pooja,Male,,Bangalore,2024-07-09,2024-07-29,,10.0,,,Canada
C5891,Amit,Female,,Kolkata,,,,,,,UK
C5892,Ankit,,37,Ahmedabad,2020-12-28,2024-08-05,,,,9699628458,
C5893,Sneha,Female,,Mumbai,2024-10-08,2022-06-14,,,,,Canada
C5894,Priya,Male,,Mumbai,2020-09-24,,,10.0,,9487194907,
C5895,Rahul,,48,Kolkata,2026-01-14,,,,,9346256994,
C5896,,Female,,Delhi,,,,,user5895@mail.com,,Canada
C5897,,,,Chennai,,,4394.1,,user5896@mail.com,9197852524,
C5898,Sneha,,,Delhi,,2024-07-24,,,,,India
C5899,,Female,,Bangalore,2025-09-14,,,,,9389756609,UK
C5900,Sneha,Male,,Chennai,2024-08-15,,,,user5899@mail.com,9571232147,Canada
C5901,Rahul,Male,,Kolkata,2024-07-17,,3210.25,,,9904675873,Australia
C5902,Ankit,Male,,,2022-05-17,,,,,,UK
C5903,Priya,Female,,Pune,2021-05-30,2022-07-05,,3.0,,,India
C5904,,,,Chennai,,,3881.14,,,,Canada
C5905,Amit,,,Mumbai,,,,,,,Australia
C5906,Sneha,Female,,Pune,2021-10-22,,3813.48,10.0,,,
C5907,Sneha,Female,,Delhi,2020-12-27,,,,,9999859004,USA
C5908,Simran,,,Chennai,,2024-07-18,,,,,Australia
C5909,Kiran,Male,,Chennai,,,,,,,Canada
C5910,Priya,Female,,Ahmedabad,2025-09-25,,1687.07,,user5909@mail.com,,Australia
C5911,Rahul,Male,61,Kolkata,,2025-11-29,,10.0,,,
C5912,Sneha,Male,,Pune,,2022-08-27,,,,,Canada
C5913,Ravi,Male,,Chennai,,,,,,,Australia
C5914,,Male,,Kolkata,,,,,user5913@mail.com,,USA
C5915,Ankit,Female,,Ahmedabad,2023-10-26,2024-03-29,2048.26,,,,UK
C5916,,Male,22,Pune,,2021-04-26,,,user5915@mail.com,,
C5917,Rahul,Female,49,Delhi,2025-03-31,2020-08-06,3817.56,,,,Canada
C5918,Neha,,32,Pune,,2024-04-24,,10.0,,9297977914,Canada
C5919,Sneha,,,Chennai,2022-08-11,2023-10-27,3667.52,,,,
C5920,Rahul,Male,,Chennai,,,,2.0,,,Canada
C5921,,Male,,Mumbai,,2024-12-14,,10.0,,,Canada
C5922,Pooja,Female,,Delhi,,,590.21,,,9582499371,USA
C5923,Neha,Male,,Delhi,,2025-10-19,,10.0,,9613442460,Australia
C5924,,Male,58,Bangalore,,,,1.0,,,USA
C5925,Ankit,Female,18,Pune,2024-12-10,2023-09-29,,,user5924@mail.com,9414735319,
C5926,Simran,,23,Delhi,2022-11-11,,1969.1,4.0,,9826872090,USA
C5927,Ankit,Male,,Chennai,2022-06-16,,,4.0,,,Australia
C5928,Sneha,,,Delhi,2025-11-28,,,4.0,,,UK
C5929,Amit,Male,,,,2025-01-23,,5.0,user5928@mail.com,,India
C5930,Pooja,Male,,Kolkata,,,,,user5929@mail.com,9574933457,Canada
C5931,Neha,,36,Kolkata,,,,10.0,user5930@mail.com,,
C5932,Neha,,,Bangalore,,,,5.0,user5931@mail.com,9117689978,
C5933,Amit,Female,,Bangalore,,,2065.6,,user5932@mail.com,,USA
C5934,,Female,,Ahmedabad,,,,5.0,,,Australia
C5935,Priya,Female,,Chennai,,,,10.0,,,USA
C5936,Amit,Male,44,Delhi,2024-06-21,,,2.0,,,USA
C5937,Rahul,Female,62,,2020-11-01,,,10.0,,,UK
C5938,,Male,,Ahmedabad,2024-03-21,,901.36,10.0,user5937@mail.com,,
C5939,Ravi,Female,36,Pune,,,,,,,Australia
C5940,Neha,Female,,Delhi,,,,10.0,,,
C5941,Amit,Female,,Delhi,2025-04-26,,38.39,10.0,user5940@mail.com,,India
C5942,,Male,,Chennai,2024-04-13,2025-01-22,,1.0,user5941@mail.com,,Australia
C5943,,,,Delhi,2026-01-23,2025-09-17,2233.54,1.0,,9385745755,India
C5944,Rahul,Female,,Hyderabad,,2025-12-05,,5.0,,9842705425,
C5945,Ravi,Female,,Bangalore,,,1084.57,,,9534651344,Canada
C5946,Ankit,Female,52,Hyderabad,2025-10-05,2025-02-04,,3.0,,,UK
C5947,,Female,,Delhi,,,,10.0,user5946@mail.com,,India
C5948,Pooja,,,Hyderabad,2024-04-30,2024-01-08,,,,,
C5949,Priya,Male,,Ahmedabad,2022-11-06,,226.75,,,9344097837,USA
C5950,Sneha,Female,63,Kolkata,,2023-07-09,,10.0,,,USA
C5951,Priya,,,Pune,,2025-03-22,,,,,UK
C5952,Simran,Male,32,Delhi,,2025-06-26,4831.16,10.0,,,India
C5953,Amit,Female,34,Chennai,2024-05-01,2022-01-16,,,,,UK
C5954,Ravi,Female,,Pune,2024-08-18,,,,user5953@mail.com,,
C5955,Neha,Female,,Ahmedabad,2024-07-31,,3707.47,1.0,user5954@mail.com,,UK
C5956,,Female,,Pune,2024-07-11,2024-02-21,992.37,,user5955@mail.com,9665220065,Australia
C5957,,Male,49,Chennai,,,,4.0,,,Australia
C5958,,Male,,Ahmedabad,,2021-07-27,,,,,Canada
C5959,Sneha,Male,,Mumbai,2022-11-22,2023-02-04,1218.25,4.0,user5958@mail.com,,USA
C5960,Kiran,Female,40,Delhi,,,,10.0,,,Canada
C5961,Priya,Female,24,Bangalore,,,,,,9951862426,India
C5962,Kiran,Male,,Kolkata,,2025-01-02,,,,,
C5963,Priya,Male,52,,2025-07-15,2022-01-19,,,,,UK
C5964,Sneha,Male,,Kolkata,,,,,,,Australia
C5965,Kiran,Male,,Kolkata,,2021-05-06,,,,,Australia
C5966,Neha,Female,,Mumbai,,2021-04-25,1153.7,,user5965@mail.com,,USA
C5967,Pooja,,65,Chennai,,,4971.39,,user5966@mail.com,9629628939,Canada
C5968,Amit,,,,2021-12-20,,,1.0,,,Australia
C5969,Amit,,,Chennai,2021-05-21,,,1.0,,,Australia
C5970,Amit,Female,67,Kolkata,2023-01-31,2024-09-02,,5.0,,9663220811,Australia
C5971,,Female,,Bangalore,,,364.95,,,,Australia
C5972,,Female,,Kolkata,,,,,user5971@mail.com,9815143229,India
C5973,Kiran,Male,,Hyderabad,2025-08-02,2025-03-31,,,user5972@mail.com,,UK
C5974,Ravi,Male,,Pune,2024-02-29,,,10.0,user5973@mail.com,,India
C5975,Rahul,Female,,Ahmedabad,,,,3.0,user5974@mail.com,,Canada
C5976,Neha,,,Hyderabad,,2025-11-28,,10.0,,,
C5977,Simran,Male,,Chennai,,2022-02-07,,10.0,,9174803967,UK
C5978,Pooja,,,Kolkata,2024-11-20,,,10.0,user5977@mail.com,9753223124,Canada
C5979,Ravi,Male,,Kolkata,,,,4.0,,,India
C5980,Ravi,Female,33,Ahmedabad,2023-07-08,,,,,9733175909,USA
C5981,Amit,Female,,Kolkata,,,,,,,USA
C5982,Simran,Female,,Mumbai,2024-08-12,,,,,,India
C5983,Ankit,Female,,Ahmedabad,2023-12-28,,,,user5982@mail.com,,USA
C5984,Simran,Female,65,Ahmedabad,2021-12-21,,,,user5983@mail.com,9489358756,India
C5985,Sneha,Female,35,Ahmedabad,,2024-04-13,1327.95,10.0,,,
C5986,Ravi,Male,,Mumbai,,,,,,,India
C5987,Pooja,Female,,Kolkata,2023-01-20,2023-05-10,,,,,Australia
C5988,Sneha,Female,,Delhi,2025-12-21,,,5.0,user5987@mail.com,9689043821,UK
C5989,,Female,,Bangalore,,,,,,,India
C5990,Amit,Female,32,Kolkata,,,,10.0,,,UK
C5991,Neha,Female,,Kolkata,2021-07-26,2024-07-08,4647.7,10.0,,,India
C5992,Ankit,Female,,Pune,,,,,,,Australia
C5993,Simran,,40,Hyderabad,,,,,user5992@mail.com,9437416632,India
C5994,,Male,,Mumbai,2024-05-19,,1649.36,,,,USA
C5995,Rahul,Female,,,2022-07-31,,,,,,Canada
C5996,Ankit,Male,,Bangalore,2024-03-15,,2670.78,,,,India
C5997,Ankit,Male,,Hyderabad,2023-09-23,2022-09-15,1444.79,2.0,,9753044747,USA
C5998,Sneha,,38,Ahmedabad,2022-08-10,,,,,,
C5999,Sneha,Female,56,Hyderabad,2021-06-22,,,10.0,,,USA
C6000,Rahul,Female,,Kolkata,2022-11-29,,,10.0,user5999@mail.com,,Australia
C6001,,Female,,Ahmedabad,2021-12-12,2024-12-29,,,,,UK
C6002,Neha,Female,,Bangalore,2023-10-23,2021-02-28,,10.0,,9231248620,Canada
C6003,Neha,,69,,2023-05-14,,,,,,Australia
C6004,Amit,Female,,Kolkata,,,,5.0,,,Canada
C6005,Ravi,Male,59,Kolkata,2023-05-27,,962.09,,,,UK
C6006,Sneha,Female,,Hyderabad,,,,3.0,,,Canada
C6007,Pooja,Female,,Kolkata,2021-10-08,,,10.0,,9320107348,India
C6008,Pooja,Male,,,2025-10-03,,,,,,India
C6009,,Female,21,,2022-01-13,,,,,,Australia
C6010,Rahul,Female,,Kolkata,2023-08-02,,,10.0,user6009@mail.com,,Australia
C6011,,Female,33,Chennai,,,,,,,UK
C6012,Sneha,Male,54,Delhi,,,2265.67,10.0,,,India
C6013,Ravi,Female,61,,,2025-02-19,,3.0,,,
C6014,Rahul,Female,,Mumbai,2021-11-06,,,,,,
C6015,Sneha,,57,Ahmedabad,,,,5.0,,9877600296,Australia
C6016,Kiran,Male,,Mumbai,2025-07-17,,,,,,Australia
C6017,Kiran,,40,Hyderabad,2023-12-03,2025-12-14,,,,,USA
C6018,Ravi,Female,,Kolkata,,,4248.69,,,9516551585,Canada
C6019,Simran,Male,28,Chennai,2025-06-08,,,5.0,,,
C6020,Amit,,,Mumbai,,,,10.0,,,USA
C6021,Sneha,,,Chennai,2024-05-03,2021-05-26,,10.0,user6020@mail.com,,Australia
C6022,,,,Pune,2023-06-28,2025-03-27,2884.96,,,,USA
C6023,Rahul,Male,,Pune,,,,10.0,user6022@mail.com,,Canada
C6024,Priya,Male,,,,,,,user6023@mail.com,,USA
C6025,Ankit,,,,,,,,,,Australia
C6026,Simran,Male,,Ahmedabad,,,,,,,USA
C6027,Kiran,,,Kolkata,,,,10.0,,,India
C6028,,Male,,Hyderabad,2025-04-12,2024-03-21,,,,9769524326,
C6029,Neha,Female,,Pune,2024-02-15,,,10.0,user6028@mail.com,,India
C6030,Kiran,Male,66,Pune,2022-09-10,,,10.0,,,India
C6031,Pooja,Female,,Delhi,2021-04-12,2023-11-04,,,,,
C6032,Priya,,,Mumbai,2021-03-05,,,5.0,user6031@mail.com,,Canada
C6033,,Female,,Ahmedabad,,,,10.0,user6032@mail.com,,USA
C6034,Pooja,,,Mumbai,,,,,user6033@mail.com,,
C6035,Ankit,,,Ahmedabad,2023-01-15,,,,user6034@mail.com,,India
C6036,Simran,Male,62,Delhi,,,,,,9890587988,India
C6037,Neha,,,Chennai,,,,10.0,user6036@mail.com,,USA
C6038,Pooja,Male,,Bangalore,2023-12-21,,,10.0,,9131926181,USA
C6039,,,,,2022-09-17,2020-12-23,,1.0,user6038@mail.com,,USA
C6040,Rahul,Male,,Pune,,2024-01-02,,,user6039@mail.com,,Australia
C6041,Priya,Female,26,Chennai,2023-04-10,,,,,,USA
C6042,,,,,,,,4.0,,,India
C6043,,,,Mumbai,,2021-10-20,,3.0,,,
C6044,,Male,,Mumbai,,,,,,,Canada
C6045,Rahul,Female,,Chennai,2024-10-31,,3902.19,,,,USA
C6046,Priya,Female,,Pune,,,4874.57,,,,UK
C6047,Ravi,,,,,,,10.0,user6046@mail.com,,Australia
C6048,Kiran,Female,18,Mumbai,,2024-03-17,,10.0,,,USA
C6049,,Female,,Mumbai,,2022-01-14,3369.5,,user6048@mail.com,,Australia
C6050,Rahul,,,Bangalore,,,2172.94,1.0,,,Australia
C6051,Rahul,Female,,Mumbai,,,,,,,India
C6052,Kiran,Male,,Hyderabad,,,,10.0,,9679265161,UK
C6053,Kiran,,,Ahmedabad,,,,3.0,user6052@mail.com,,Australia
C6054,Ankit,Female,,Kolkata,2022-03-10,,,,user6053@mail.com,,USA
C6055,Rahul,,,Hyderabad,2020-09-01,2025-10-11,3881.44,,,,UK
C6056,Simran,,64,Mumbai,,,3318.59,,,,India
C6057,Priya,,,Bangalore,2022-08-07,,,,,,USA
C6058,,Male,,Chennai,,2025-02-01,2579.4,2.0,,,UK
C6059,Neha,Female,,Bangalore,2021-04-24,,,,,,India
C6060,,Male,,Hyderabad,,2021-04-22,,10.0,,,India
C6061,Kiran,Male,,,,,2051.47,4.0,,,Australia
C6062,Rahul,Female,,,2023-05-14,,,5.0,user6061@mail.com,9463555542,Canada
C6063,Neha,,44,,,,,,user6062@mail.com,,Australia
C6064,Ankit,,,Bangalore,2021-05-29,2020-10-17,,,,,USA
C6065,,,32,,,,,2.0,,,USA
C6066,,,,Mumbai,,,,,,9254343535,India
C6067,Amit,Male,,Mumbai,,2021-03-12,3657.29,10.0,,,Australia
C6068,Ravi,Female,37,Bangalore,2025-08-30,,,10.0,,,UK
C6069,Kiran,Female,,Kolkata,2022-05-31,2023-03-15,,1.0,,,
C6070,,Male,,Ahmedabad,2022-10-06,,,1.0,,9694397538,
C6071,Ravi,Female,,Chennai,2025-10-07,,,3.0,,,UK
C6072,Ravi,Male,,Kolkata,2021-07-08,2023-07-27,3428.61,,,,USA
C6073,Priya,,,Bangalore,2025-12-12,2022-03-03,,,,,India
C6074,,Male,,Delhi,,2021-01-06,,,,,USA
C6075,Pooja,Male,25,Hyderabad,,,,3.0,,,
C6076,Ankit,Male,,Bangalore,2021-02-07,2025-11-28,2309.38,,,,USA
C6077,Neha,Male,,Hyderabad,,2025-07-27,,,,,
C6078,Ravi,,68,,2020-08-26,,,3.0,,,USA
C6079,Amit,Female,,Mumbai,2023-04-23,,4039.08,,,,USA
C6080,,,,Hyderabad,2024-04-25,2023-12-30,,,,9887452670,UK
C6081,Kiran,Male,,,,,,3.0,,,UK
C6082,Rahul,Male,,Mumbai,,,,5.0,,,
C6083,Neha,Female,,Chennai,2022-09-12,,,10.0,,,
C6084,Simran,Male,,,2025-09-30,,,2.0,,,UK
C6085,Kiran,,,Bangalore,,,2486.22,5.0,user6084@mail.com,,Canada
C6086,Priya,Male,46,Ahmedabad,2022-01-02,2022-06-09,,3.0,,,India
C6087,Amit,,,Delhi,2021-07-09,2022-02-04,,,,,UK
C6088,Amit,Female,,,2023-05-09,2024-02-09,,3.0,,,India
C6089,Rahul,Male,,Mumbai,,,,,,,
C6090,Priya,Female,,Mumbai,,,,10.0,,,USA
C6091,Rahul,Female,,Bangalore,,,,10.0,,,Canada
C6092,Rahul,Male,,Chennai,2024-03-21,,614.97,,,,
C6093,Simran,,,Delhi,2022-04-20,,,1.0,,,Canada
C6094,Priya,Male,,Ahmedabad,2022-08-07,,4830.16,10.0,user6093@mail.com,,India
C6095,Ankit,,,Bangalore,,,,1.0,,,
C6096,Neha,,,Hyderabad,,,,,,,
C6097,,Male,,Ahmedabad,,,,,,,Australia
C6098,Rahul,Male,,Delhi,,,,,user6097@mail.com,,UK
C6099,Kiran,Male,,Hyderabad,2022-12-05,2022-06-26,,,user6098@mail.com,9406512084,Australia
C6100,Simran,Male,,Bangalore,2023-04-07,2024-03-14,,,,,USA
C6101,Ankit,Female,,Delhi,,,,,,,UK
C6102,Ravi,Male,,Hyderabad,2020-10-02,,,10.0,,9842841289,UK
C6103,Simran,Female,,Bangalore,2022-05-30,,,5.0,user6102@mail.com,,Canada
C6104,Pooja,,,Delhi,2021-10-20,,,,,,USA
C6105,Ravi,Female,43,Mumbai,,,,5.0,user6104@mail.com,,
C6106,Neha,Male,,Pune,2022-08-18,2020-11-21,,4.0,,,
C6107,Kiran,Female,,Mumbai,,2021-04-27,,4.0,,,India
C6108,Kiran,,,,2023-08-02,2021-08-13,,10.0,,,Canada
C6109,Pooja,Female,,Hyderabad,2024-07-30,,,,,,India
C6110,Ankit,Male,36,Hyderabad,,,1052.24,3.0,,,Canada
C6111,,,,,2021-08-30,2020-10-10,,,user6110@mail.com,9749167614,Australia
C6112,Ankit,Male,,Kolkata,,,1582.27,3.0,,,USA
C6113,Kiran,Female,,,2022-02-19,,,,user6112@mail.com,,UK
C6114,Priya,Female,,Kolkata,2021-07-22,,,,,9246707326,Australia
C6115,,Female,60,,2022-02-26,,,5.0,,9534978838,Canada
C6116,Pooja,Female,49,Mumbai,2025-05-17,2023-10-19,,5.0,,,India
C6117,Simran,Male,,,,2025-02-04,4535.38,10.0,,,
C6118,Amit,,19,Hyderabad,,,,,,9694013991,Canada
C6119,Rahul,Female,,Mumbai,2022-10-03,,,,,,UK
C6120,Simran,Male,,,2021-05-15,,,4.0,,,India
C6121,Sneha,Male,70,Delhi,,,2554.95,,,,Australia
C6122,Rahul,Male,,Ahmedabad,2025-04-06,,1975.21,,,,Australia
C6123,Sneha,Female,,,2023-10-23,,,10.0,,,UK
C6124,Ankit,Female,,Kolkata,,2025-12-25,,10.0,,9688898312,
C6125,,,,Hyderabad,,,,,,,USA
C6126,Rahul,,,,,,,,,,USA
C6127,Priya,,,Bangalore,,2022-05-11,,,,,India
C6128,,,,Kolkata,,,,,,,UK
C6129,Sneha,Female,,Mumbai,,,,10.0,,,UK
C6130,Neha,Female,37,Bangalore,,,,10.0,,,UK
C6131,Amit,,,Pune,2025-07-30,2022-05-01,3325.28,,,9846694363,India
C6132,Sneha,,,Chennai,2025-11-06,2021-08-07,2000.94,,,9586916217,Canada
C6133,Amit,Female,,Bangalore,2021-01-14,,,,user6132@mail.com,,Australia
C6134,Ravi,Female,,Mumbai,2025-05-07,,,,user6133@mail.com,,Canada
C6135,Neha,Male,,Kolkata,2025-01-20,,,,,,UK
C6136,Sneha,,,Ahmedabad,2022-03-18,,2817.61,,,,India
C6137,Ravi,Female,,Delhi,2023-09-29,,,,,,
C6138,,Male,,Ahmedabad,2022-10-10,,,,user6137@mail.com,,USA
C6139,,Male,,Pune,2024-09-05,2020-08-31,,10.0,,,UK
C6140,Amit,Female,,Hyderabad,,,,,,,Australia
C6141,Neha,,,Pune,,2020-08-12,,2.0,user6140@mail.com,,Australia
C6142,Rahul,Female,,Kolkata,2023-07-25,,,,user6141@mail.com,9841828071,Australia
C6143,Simran,Male,,Ahmedabad,2025-02-04,,,,,,Australia
C6144,,,58,Ahmedabad,,2023-04-16,4506.65,4.0,,,India
C6145,,Female,,Pune,2023-11-17,,,,,,India
C6146,Amit,Male,,Hyderabad,,,,1.0,,,UK
C6147,Sneha,Female,31,Delhi,,,,,user6146@mail.com,,India
C6148,Rahul,Male,26,Ahmedabad,,2023-03-30,910.45,3.0,,,India
C6149,Pooja,Female,55,,,,,3.0,user6148@mail.com,,India
C6150,Simran,Female,,Delhi,2023-02-01,,,3.0,,9207908213,Australia
C6151,Amit,,,Hyderabad,,2024-11-11,,,,,UK
C6152,Sneha,Male,59,Pune,,2020-12-08,2035.14,10.0,,,UK
C6153,Amit,Male,,Pune,2021-01-21,,,10.0,user6152@mail.com,,
C6154,Ravi,Female,,Kolkata,2020-10-02,,3411.24,,,,India
C6155,Simran,Female,,Hyderabad,2020-10-24,,,10.0,,,Australia
C6156,,Male,58,Hyderabad,,,3946.67,,user6155@mail.com,9325323273,USA
C6157,Amit,Male,,,,,,,,9597013593,UK
C6158,,Male,,Chennai,,,2871.62,10.0,,,Australia
C6159,Neha,Male,,Mumbai,2025-03-10,2021-07-25,,,user6158@mail.com,,Australia
C6160,Kiran,Male,,Kolkata,,,,,,,
C6161,Pooja,Male,58,Hyderabad,2025-05-27,,,10.0,,,USA
C6162,Amit,,39,Delhi,2023-03-29,,3698.37,,user6161@mail.com,,UK
C6163,Ravi,Female,,,2024-01-20,,4900.15,,user6162@mail.com,,Australia
C6164,Kiran,Female,,Chennai,,2024-03-11,,2.0,user6163@mail.com,,USA
C6165,Pooja,,36,Hyderabad,,,2675.85,,user6164@mail.com,,
C6166,Neha,,,Delhi,,2020-10-31,556.74,5.0,,,India
C6167,Priya,Female,,Pune,,,,10.0,,9167428149,Australia
C6168,Kiran,Male,,Kolkata,,,,2.0,,,USA
C6169,Simran,Female,,Delhi,2022-12-02,2022-06-21,,,,9126957532,USA
C6170,Simran,,26,Hyderabad,,2023-10-09,,,,,UK
C6171,Ravi,Female,58,Kolkata,,,,,,9251536809,
C6172,Priya,Male,,Bangalore,2024-06-12,2023-06-07,2394.2,,user6171@mail.com,,
C6173,,Female,,Hyderabad,,2023-11-05,,2.0,,,Canada
C6174,,,,Delhi,2022-10-06,2024-11-20,,10.0,,,India
C6175,Rahul,Female,38,Delhi,,2021-07-23,4081.02,10.0,,,Australia
C6176,Amit,Female,39,,2021-07-22,,3422.14,,,,USA
C6177,Rahul,,,Ahmedabad,2020-12-21,,,,,,Australia
C6178,Pooja,,60,Hyderabad,,2025-07-08,1231.61,,,,Australia
C6179,Ankit,Male,,Kolkata,,,,,,9217319046,
C6180,Simran,Female,39,Delhi,,,1895.4,10.0,,,Australia
C6181,Ravi,Male,,Chennai,,2021-02-11,,,,,UK
C6182,Ankit,Male,47,Delhi,,,,10.0,,,UK
C6183,Amit,Male,,Mumbai,,,,3.0,,9301492714,USA
C6184,Kiran,Male,,Bangalore,,,3183.37,,user6183@mail.com,,UK
C6185,Ankit,Male,62,Pune,,,,10.0,,,UK
C6186,Sneha,Male,,Chennai,,,,,user6185@mail.com,,Australia
C6187,Simran,Female,38,,,2021-04-21,,3.0,user6186@mail.com,,Canada
C6188,Simran,Male,,Kolkata,,2025-12-19,,,user6187@mail.com,,Australia
C6189,Simran,,,Bangalore,2025-02-15,,56.28,,,,India
C6190,Amit,Male,,Hyderabad,2022-08-09,,,1.0,,9202598091,Australia
C6191,Priya,Male,,Chennai,2025-02-05,2023-12-28,,,,,USA
C6192,Pooja,,,Bangalore,2023-10-11,2022-09-19,,,,9584736762,Canada
C6193,Pooja,Male,,,,,,,,,USA
C6194,Amit,Male,,Kolkata,2023-02-15,,,,user6193@mail.com,,UK
C6195,Rahul,Female,,Kolkata,2025-10-10,,,10.0,user6194@mail.com,,Canada
C6196,Ankit,,46,Bangalore,2023-07-13,2025-01-14,,,,,Canada
C6197,Priya,,,Pune,2025-12-18,,2013.13,3.0,,,Canada
C6198,Simran,Male,,Mumbai,,,,3.0,,,Australia
C6199,Pooja,Female,,Mumbai,2022-06-04,,,,,,Canada
C6200,Simran,Female,,Bangalore,2024-09-19,,,,,,Australia
C6201,Ankit,,,Pune,,,,10.0,user6200@mail.com,9908308530,USA
C6202,Amit,,,Bangalore,,2024-10-10,,10.0,,,
C6203,Simran,Male,,Bangalore,2022-07-03,2022-11-15,201.13,,,,
C6204,Kiran,Female,,,,2023-02-14,,,,9950743268,Australia
C6205,,,,Ahmedabad,,,1510.38,5.0,,,
C6206,Kiran,Male,31,Bangalore,2021-05-29,,,1.0,,,USA
C6207,Ankit,Female,,,,,,10.0,,,UK
C6208,Rahul,Female,,,2020-12-27,,583.94,10.0,,,India
C6209,Rahul,Female,24,Hyderabad,2023-03-28,2021-10-26,,,,,Australia
C6210,Priya,Female,,Delhi,2022-05-09,2024-02-25,,1.0,,9463002974,
C6211,Rahul,Female,,,,,,,,,
C6212,,,,Kolkata,,2022-09-10,3089.33,1.0,,9663990992,USA
C6213,,Male,19,Bangalore,2023-10-07,,4270.2,,user6212@mail.com,,UK
C6214,,Female,,Chennai,,2022-04-17,,10.0,user6213@mail.com,,
C6215,Pooja,Male,,Kolkata,2022-04-05,2024-08-15,,10.0,,,Canada
C6216,Simran,Female,,Bangalore,2020-08-14,,,,,9582748169,Australia
C6217,Kiran,Male,51,Kolkata,2022-06-02,,,10.0,,,India
C6218,Kiran,Female,61,Bangalore,,2022-09-10,,4.0,,,USA
C6219,Neha,,,Ahmedabad,2022-08-09,,,10.0,user6218@mail.com,,USA
C6220,Ankit,Male,,Delhi,2020-10-25,,,,,9528838946,UK
C6221,,Male,,Pune,2020-12-08,2024-06-16,,1.0,,,
C6222,Simran,Female,,Bangalore,2020-12-10,,,10.0,,,Canada
C6223,Rahul,Male,,Hyderabad,2025-12-30,2021-01-31,,10.0,user6222@mail.com,,UK
C6224,Amit,Male,,Hyderabad,2021-09-24,2024-06-10,,,,9167147543,India
C6225,Sneha,Female,24,Mumbai,2020-10-17,,,,,,
C6226,Ravi,Female,,Delhi,,2021-07-10,2048.21,,,,Australia
C6227,Pooja,Male,,Pune,2020-12-23,,,,,,USA
C6228,,Female,,Mumbai,2023-06-12,,,,,,USA
C6229,Ravi,Male,65,Ahmedabad,2023-11-05,,,,,9109366203,Canada
C6230,Priya,Female,,Ahmedabad,2020-09-13,,4607.88,10.0,,,Australia
C6231,Amit,Female,,,2025-03-22,,,10.0,,,
C6232,Pooja,,,Kolkata,2026-01-26,,,10.0,user6231@mail.com,9518246349,Australia
C6233,,Male,,Kolkata,2022-08-22,2025-03-28,1113.21,,,,Canada
C6234,Neha,Female,,Ahmedabad,,2021-04-01,2432.06,,,,India
C6235,Sneha,Male,,,,,,,,,
C6236,Rahul,Female,,Bangalore,,2020-12-01,,,user6235@mail.com,,
C6237,Neha,Female,,Hyderabad,,,,,,,
C6238,,Male,38,Kolkata,2025-12-28,,,1.0,,,India
C6239,Pooja,Male,,Delhi,,2021-01-10,,4.0,,,Australia
C6240,Simran,Female,,Chennai,2021-06-25,,,10.0,,,Australia
C6241,Ravi,Male,,Kolkata,2024-07-09,,,10.0,,,UK
C6242,Amit,Male,,Hyderabad,2022-12-31,,,10.0,,,
C6243,Ravi,Male,,Bangalore,,2021-10-18,1374.68,10.0,,9116205815,India
C6244,Neha,,,Hyderabad,2025-12-15,,,10.0,,,Australia
C6245,Sneha,Male,,Bangalore,,,,,,,USA
C6246,,Male,33,Bangalore,,,,,user6245@mail.com,,India
C6247,Rahul,Female,,Bangalore,2024-02-07,,2892.01,,,,Australia
C6248,Rahul,Male,,Ahmedabad,2023-06-14,,,3.0,,,India
C6249,Amit,Female,67,Delhi,,,,3.0,user6248@mail.com,,Australia
C6250,,Male,,Delhi,,,2476.65,10.0,user6249@mail.com,,USA
C6251,Neha,Male,,Pune,2024-11-02,2024-11-29,382.89,10.0,,,India
C6252,Amit,Female,,Ahmedabad,2022-07-30,,,10.0,,,Canada
C6253,,Male,,Bangalore,,,,5.0,,,
C6254,Rahul,Female,,Chennai,,,4541.52,2.0,,,Canada
C6255,Simran,Male,25,Bangalore,2022-06-13,,,2.0,,,Canada
C6256,Pooja,Male,,Kolkata,,,,10.0,,9341324979,USA
C6257,,Female,,Kolkata,2021-07-22,,,,,,India
C6258,,Male,44,Delhi,2023-12-08,2022-10-01,,,,,India
C6259,Ravi,Male,,Hyderabad,2025-08-07,2025-05-24,2415.44,10.0,,9656663379,Australia
C6260,,Female,,Chennai,,2024-03-10,3744.54,2.0,,,USA
C6261,Sneha,,23,Chennai,,,,10.0,,,
C6262,Amit,,,Bangalore,,,4501.43,2.0,,,UK
C6263,Priya,,57,Pune,,,2822.08,10.0,,,USA
C6264,Amit,Male,,Ahmedabad,2025-02-10,,3102.11,5.0,,,India
C6265,Priya,Female,,Hyderabad,2022-03-03,,,3.0,,9580998120,UK
C6266,Pooja,Male,45,Ahmedabad,2024-09-04,,,,,9405376202,USA
C6267,,,29,Delhi,,,,,,,
C6268,Ravi,Male,,Mumbai,2021-02-03,2024-10-20,,3.0,,9569851923,India
C6269,Sneha,Female,,Kolkata,,,4830.7,,user6268@mail.com,,
C6270,Sneha,Female,,Bangalore,2022-09-27,,,,,,Canada
C6271,Priya,Female,,Ahmedabad,,,1554.17,,,,USA
C6272,Neha,,,Hyderabad,2022-07-30,,,3.0,,,India
C6273,Sneha,Male,,Mumbai,,,,10.0,,,
C6274,Kiran,,,Hyderabad,2022-01-20,2024-11-22,,2.0,,,India
C6275,,Female,22,Hyderabad,2025-05-28,,1818.52,,,9553020337,USA
C6276,Pooja,Female,,Kolkata,,2022-02-20,,,,,Australia
C6277,Priya,,32,Chennai,2023-11-03,,,,user6276@mail.com,,USA
C6278,Simran,,,Ahmedabad,,2022-09-21,,,,,UK
C6279,,,69,Pune,2021-02-21,,3066.62,10.0,,9758513327,Canada
C6280,Rahul,Male,39,Ahmedabad,,,827.48,,,9732737374,India
C6281,Neha,,,Kolkata,,,,,user6280@mail.com,9371051497,UK
C6282,,Female,,,2023-03-19,,,10.0,,9776165286,UK
C6283,Pooja,Female,,Mumbai,2023-04-13,,,2.0,,,Canada
C6284,,,,Pune,,,,,user6283@mail.com,,UK
C6285,Pooja,,42,Bangalore,2023-07-29,,,,,9350249846,USA
C6286,Ankit,Male,,,,,265.79,1.0,,,UK
C6287,Neha,Female,,Ahmedabad,,,,,user6286@mail.com,9637069046,
C6288,Simran,,,Kolkata,2021-04-04,,3395.76,,,9353513617,Australia
C6289,,Male,,Bangalore,,,,1.0,,,India
C6290,,Male,,Pune,,,,10.0,user6289@mail.com,,
C6291,Kiran,Male,,Ahmedabad,2021-01-24,2021-07-12,4302.93,,,,India
C6292,Ankit,Female,57,Bangalore,2020-08-07,,,,,,India
C6293,Kiran,Female,,Mumbai,2022-08-14,,2918.22,,user6292@mail.com,,
C6294,,Female,,Delhi,2020-10-23,,,10.0,,,UK
C6295,Sneha,Male,,Bangalore,,2021-11-27,2689.36,2.0,,,
C6296,Neha,Male,,Delhi,,,1692.33,3.0,,,Australia
C6297,Kiran,Male,70,Ahmedabad,2022-10-26,,3856.06,10.0,,,
C6298,,Female,,Delhi,,,,10.0,user6297@mail.com,,India
C6299,Kiran,Male,,Mumbai,,,,,user6298@mail.com,,Canada
C6300,Ravi,Female,,Hyderabad,,,,,,,UK
C6301,Amit,Female,,Mumbai,2021-11-21,,,,user6300@mail.com,,Canada
C6302,,Female,,Ahmedabad,2023-04-10,,,1.0,user6301@mail.com,,USA
C6303,,Male,,Pune,2023-05-30,,,,,9454317155,
C6304,Kiran,Male,,Pune,2023-12-06,,,10.0,,9307884711,
C6305,,Female,31,Chennai,,,,,,9565332123,Australia
C6306,Neha,,29,Kolkata,2024-10-05,,,,user6305@mail.com,,USA
C6307,,Male,,Delhi,2022-12-09,2021-05-03,2753.67,10.0,user6306@mail.com,9423973174,Australia
C6308,Simran,,27,Pune,2024-04-12,2024-07-18,,,,,Canada
C6309,,Female,48,Mumbai,2023-04-21,,,4.0,,,USA
C6310,Kiran,Female,43,Pune,,2023-02-14,,,user6309@mail.com,,Australia
C6311,Kiran,Female,,Ahmedabad,,,,,,9119447648,UK
C6312,Priya,,65,Kolkata,2024-12-28,,,,,,Canada
C6313,Simran,Female,,Chennai,,,,10.0,,,Australia
C6314,,,,Chennai,2025-06-17,2020-10-09,,,,,UK
C6315,Pooja,Male,,Bangalore,,,,,user6314@mail.com,,Canada
C6316,,Male,,Bangalore,,,4904.04,5.0,,,
C6317,Neha,Male,,Pune,2024-09-13,2024-07-20,,10.0,,,Australia
C6318,Amit,,,,,,,5.0,,,UK
C6319,Neha,Female,,Ahmedabad,2021-10-01,2022-12-04,,,user6318@mail.com,,
C6320,Sneha,Male,67,Hyderabad,2025-04-16,,1722.13,10.0,,,UK
C6321,,Male,,Kolkata,,,,10.0,,,UK
C6322,Simran,Male,,Ahmedabad,2024-05-20,2022-07-26,,10.0,,9751119643,Canada
C6323,Rahul,Female,,Mumbai,,,,,,,Canada
C6324,Rahul,Male,67,Delhi,,2024-03-23,,,,,Australia
C6325,Priya,Female,24,Bangalore,2025-10-30,,,10.0,,,UK
C6326,,Female,,Bangalore,2025-10-22,,,,,,USA
C6327,,Male,65,Pune,,2021-02-01,,,,,Canada
C6328,Ravi,Female,,,2022-02-11,,,,user6327@mail.com,,India
C6329,Kiran,Male,,Bangalore,,2022-10-11,2211.87,,user6328@mail.com,,Australia
C6330,Sneha,Male,,Kolkata,2024-08-01,,,2.0,,,India
C6331,Sneha,Male,,Bangalore,,,2752.37,,user6330@mail.com,,
C6332,Ravi,Female,42,Ahmedabad,2025-05-24,,,5.0,,,USA
C6333,Kiran,Male,,,2022-03-14,2021-01-07,,10.0,,,India
C6334,Sneha,Female,,Delhi,,,,10.0,,9539253390,Canada
C6335,Rahul,Male,,Mumbai,,2023-03-16,,,,9242803547,USA
C6336,Rahul,Female,64,Ahmedabad,,,491.72,,,9430795404,India
C6337,Amit,Female,,Bangalore,,,2052.69,,user6336@mail.com,,Canada
C6338,,Female,,Kolkata,,,,,,,
C6339,Amit,Female,,Chennai,2023-07-18,2023-04-19,,10.0,,,UK
C6340,Ravi,,,Delhi,,,,,,9938460708,USA
C6341,Ravi,Male,,,2022-07-05,,4498.79,10.0,user6340@mail.com,,UK
C6342,Rahul,Female,,Delhi,,,,,user6341@mail.com,,UK
C6343,,Male,,Hyderabad,,2022-12-05,,4.0,,,UK
C6344,Neha,Male,25,Bangalore,2022-11-03,,,,,,UK
C6345,Priya,Female,48,Ahmedabad,,2024-03-21,,,,9131598519,
C6346,,Male,,,2025-01-03,2021-07-27,,,user6345@mail.com,,Canada
C6347,Rahul,Male,,Bangalore,2022-01-24,2023-04-21,,,,,Australia
C6348,Ravi,,,Ahmedabad,,,559.33,1.0,,9500698003,Canada
C6349,Neha,,57,Hyderabad,2024-02-27,2022-04-14,,10.0,,,USA
C6350,Ankit,,42,Pune,,,,10.0,,,
C6351,Neha,Female,,Pune,2025-08-24,,,,,9536212962,India
C6352,Amit,Male,,Pune,2026-01-21,,,4.0,user6351@mail.com,,USA
C6353,Rahul,Female,,Pune,2025-11-15,,1177.96,,,9263257411,USA
C6354,Amit,Female,,Pune,,,4018.01,,user6353@mail.com,,Canada
C6355,Priya,Male,,Chennai,,,2575.39,,,9158724366,Canada
C6356,Kiran,Male,,Delhi,,,,5.0,,,Australia
C6357,Rahul,,,Hyderabad,2023-07-24,2025-06-07,617.67,,user6356@mail.com,9645849574,
C6358,,Female,,Pune,,2023-06-17,1255.62,,,,USA
C6359,Ravi,Male,50,Pune,,2021-03-28,,,,9441929012,India
C6360,Sneha,,,Hyderabad,2022-05-16,,,10.0,,,USA
C6361,Sneha,Male,,Bangalore,2025-09-27,,,3.0,,9135662474,India
C6362,Simran,Female,,Delhi,2026-01-23,,3116.76,,user6361@mail.com,,India
C6363,Kiran,,,Hyderabad,2025-01-02,2024-06-14,,1.0,,9975575213,USA
C6364,Kiran,Male,,Bangalore,2022-12-10,,,10.0,,,UK
C6365,Kiran,Male,,,,2021-11-10,4014.07,,user6364@mail.com,,India
C6366,Ankit,,40,Delhi,2022-06-10,,,5.0,,,UK
C6367,,Male,,,2024-06-04,,,,user6366@mail.com,,Canada
C6368,Priya,Female,59,Bangalore,2022-09-13,,,,,9232231889,USA
C6369,Neha,,,Hyderabad,2020-08-26,2024-10-12,,,,,UK
C6370,Amit,,25,Mumbai,,2025-04-26,,10.0,,,Australia
C6371,Neha,,39,Delhi,,,,10.0,user6370@mail.com,,India
C6372,Ravi,,,Delhi,2022-04-06,,1535.02,,,9317223937,USA
C6373,,Male,34,Bangalore,,,,3.0,,,UK
C6374,Ravi,Female,,Hyderabad,,,,10.0,,9849383362,UK
C6375,Pooja,,,,2023-06-15,,,,user6374@mail.com,,
C6376,Priya,,36,Mumbai,2023-02-15,,,,user6375@mail.com,,India
C6377,Ankit,,,,2026-01-25,,,4.0,,,UK
C6378,Kiran,,,Hyderabad,2021-09-16,2024-10-29,,10.0,,9772385068,
C6379,,,,Delhi,,2025-08-01,,10.0,user6378@mail.com,,
C6380,Pooja,Male,,Hyderabad,2024-01-07,2020-08-26,,,user6379@mail.com,,
C6381,Rahul,Male,67,Hyderabad,,,,,user6380@mail.com,9271189612,Australia
C6382,Ravi,Male,40,,2023-02-16,,,5.0,user6381@mail.com,9392941246,USA
C6383,Amit,,,,,2022-08-06,,,user6382@mail.com,,
C6384,,Male,,Hyderabad,,,,5.0,,,Canada
C6385,,Male,,Pune,2025-11-05,,,,user6384@mail.com,,USA
C6386,Pooja,Female,,Chennai,,2021-12-27,,,,9484334926,
C6387,Kiran,,,Kolkata,2022-09-08,,3661.51,5.0,,,India
C6388,Neha,,,Kolkata,2021-07-25,,2007.39,,,,India
C6389,Amit,Female,,,2025-05-03,,,4.0,,,Australia
C6390,Sneha,Female,48,,,,,10.0,,,
C6391,Kiran,Male,46,Bangalore,2021-09-19,,,1.0,,,Canada
C6392,Ravi,,,,,,,3.0,,9730573963,UK
C6393,,,,Bangalore,,,,10.0,,,Canada
C6394,Amit,Male,47,Kolkata,,,,10.0,,,India
C6395,Ankit,Male,47,Hyderabad,,2020-08-07,,10.0,,,Australia
C6396,Priya,,,Kolkata,,2025-03-27,,3.0,,,UK
C6397,Kiran,,19,Chennai,2024-10-12,2022-03-31,,5.0,,,USA
C6398,Neha,,,Chennai,2021-04-01,,1581.55,,user6397@mail.com,,India
C6399,Amit,Female,39,Chennai,2024-11-13,2024-07-13,4556.03,1.0,user6398@mail.com,,Canada
C6400,Kiran,Female,,Pune,2022-09-30,,,,user6399@mail.com,9173052056,Australia
C6401,Kiran,Female,,Ahmedabad,2024-05-15,,,,,,India
C6402,Sneha,Female,,Chennai,,,,4.0,,,
C6403,,Male,,Delhi,,,4050.72,,,,UK
C6404,Simran,Male,,Kolkata,,,,10.0,,,USA
C6405,Kiran,,27,Chennai,2021-04-03,,,2.0,user6404@mail.com,9398822828,UK
C6406,Rahul,Female,,Mumbai,2024-12-29,,,2.0,,,India
C6407,Ravi,Male,,Pune,2021-08-19,,,10.0,,,
C6408,Neha,Female,,Bangalore,2021-04-18,,,10.0,,,
C6409,Kiran,,28,,2025-01-02,,,,,,UK
C6410,Rahul,Male,,Mumbai,2023-04-13,,,,,9205259942,Canada
C6411,Pooja,Female,39,Chennai,,2023-07-26,4945.74,5.0,user6410@mail.com,,
C6412,Ankit,,,Mumbai,,,,,,9310240591,Australia
C6413,Kiran,Female,,Pune,,,3962.16,,,9627321465,USA
C6414,Amit,Male,,Chennai,2024-08-31,,,10.0,,9553218284,UK
C6415,Kiran,Female,,Hyderabad,2021-01-19,2025-08-20,3889.75,,,9551821827,
C6416,,,,Chennai,2024-11-03,2023-01-10,,10.0,user6415@mail.com,,UK
C6417,Kiran,Female,,Bangalore,,,,,user6416@mail.com,,Canada
C6418,Rahul,Male,,Delhi,2022-05-25,,,,user6417@mail.com,,UK
C6419,Ravi,,52,Kolkata,2022-12-30,2025-01-04,,2.0,,,Canada
C6420,Ravi,Female,,Hyderabad,,,,,,,Australia
C6421,Amit,Female,56,Delhi,,2021-11-30,,,,,USA
C6422,Simran,Male,,Bangalore,,2021-11-16,,1.0,,,Canada
C6423,Simran,,,,2022-06-21,,,10.0,,,USA
C6424,Rahul,Male,43,Hyderabad,,2023-08-24,,3.0,,9404802318,Canada
C6425,Pooja,,,Hyderabad,2025-04-01,2023-03-01,,5.0,user6424@mail.com,,India
C6426,Kiran,Male,,Pune,2023-09-27,,,,user6425@mail.com,,
C6427,Amit,Female,,Ahmedabad,2023-12-23,2025-02-12,1587.44,,user6426@mail.com,9150447403,Australia
C6428,Simran,Female,,Hyderabad,,2022-05-26,,,,9389130992,
C6429,Rahul,Female,,Kolkata,,2022-01-04,,,,,USA
C6430,Rahul,,,Mumbai,,2023-03-16,,10.0,user6429@mail.com,,USA
C6431,,Male,18,Delhi,2024-02-25,,,,,,USA
C6432,Ravi,Female,42,Chennai,2025-12-06,,,1.0,user6431@mail.com,,India
C6433,,Female,,Ahmedabad,,,,2.0,user6432@mail.com,,Australia
C6434,Amit,Female,,,,,,,,,Canada
C6435,Rahul,Female,,Mumbai,,,,4.0,,,USA
C6436,Rahul,Female,,,,2021-10-07,,4.0,,,Australia
C6437,,Male,,Hyderabad,2025-03-21,2021-01-18,3318.0,,,,India
C6438,Simran,Male,60,Delhi,2022-05-14,2024-05-26,,10.0,user6437@mail.com,9766312275,
C6439,Simran,Male,,Delhi,,,,,user6438@mail.com,,Canada
C6440,Priya,,,Hyderabad,2025-03-28,2022-03-09,,,,,Australia
C6441,Ankit,,46,,,,,,,,Australia
C6442,Simran,Female,,,,,,3.0,user6441@mail.com,9855614479,Australia
C6443,,,44,Pune,,,,,,,
C6444,,Female,,Mumbai,2023-06-16,,,10.0,,,UK
C6445,,Male,,,,2023-02-08,938.29,,user6444@mail.com,,India
C6446,Rahul,Female,37,Chennai,2023-04-23,2021-08-31,,,,,Canada
C6447,,,42,Chennai,,,,,,9285160660,Canada
C6448,Rahul,Female,41,Bangalore,2024-07-05,,169.28,,user6447@mail.com,9584732442,Canada
C6449,,Female,,Hyderabad,2021-09-26,,,,,9876495845,USA
C6450,Sneha,Male,,Hyderabad,,,,10.0,,,Canada
C6451,,Female,,Ahmedabad,,,,,,,
C6452,,,25,Delhi,2025-01-24,,,10.0,,,UK
C6453,Neha,,,Pune,2024-07-30,,,,,,UK
C6454,Ankit,Male,,,2024-05-28,2024-05-16,2904.13,,,,USA
C6455,Priya,Male,,Mumbai,2025-09-01,2021-03-16,,1.0,user6454@mail.com,,Australia
C6456,Ravi,Female,,Hyderabad,,2024-01-08,,10.0,user6455@mail.com,,
C6457,Simran,Female,43,Mumbai,2024-04-09,,,2.0,user6456@mail.com,,India
C6458,Simran,,59,Hyderabad,,,,5.0,user6457@mail.com,9163365384,Canada
C6459,Simran,Male,,Chennai,2020-11-06,,,,,,USA
C6460,Ravi,Female,,Chennai,2023-03-13,,,3.0,,,Australia
C6461,Pooja,Female,,Mumbai,2025-01-05,,,,,9610866811,Australia
C6462,Priya,Male,,Ahmedabad,2025-12-01,,,,,,India
C6463,Kiran,Male,,Delhi,2025-07-07,,,,,,Canada
C6464,,Male,,Chennai,2024-04-19,2020-08-29,,,,9474542947,USA
C6465,Kiran,Male,,Mumbai,2020-09-10,,1119.22,,,9108592319,India
C6466,Ankit,Male,31,Delhi,2026-01-12,,,,,9872983141,Australia
C6467,Ankit,,,Chennai,,2024-07-05,,3.0,user6466@mail.com,,India
C6468,Priya,,,Pune,,,,10.0,,,USA
C6469,Ravi,Male,,Mumbai,2022-10-31,,,10.0,,,Australia
C6470,Neha,Male,,Pune,,,,1.0,,,India
C6471,Priya,Male,,Pune,,,,10.0,,,USA
C6472,Sneha,Male,,Ahmedabad,,,,,user6471@mail.com,,USA
C6473,Kiran,Female,,Delhi,,,,,,,USA
C6474,Rahul,Male,26,Delhi,2022-03-09,,,,,,Canada
C6475,Amit,Female,,Kolkata,2024-10-12,,,,,9759524575,UK
C6476,Simran,,,Hyderabad,,2022-01-05,,3.0,,,UK
C6477,Kiran,Female,,,2024-01-01,,,3.0,user6476@mail.com,,Australia
C6478,,Female,,Bangalore,,2021-09-28,,,,,India
C6479,Ravi,Female,,Delhi,,,,,user6478@mail.com,,India
C6480,Priya,Female,,Bangalore,2021-04-07,,,2.0,,9723330188,
C6481,Amit,,,Delhi,2025-09-27,,,,,9838369724,
C6482,Pooja,Female,24,Bangalore,,,,,,,UK
C6483,,,,Delhi,2021-01-23,2022-12-15,,10.0,,,Australia
C6484,Priya,Male,67,Pune,2025-07-18,2025-01-29,,,user6483@mail.com,,
C6485,,Male,,Hyderabad,2021-12-18,,,1.0,,,USA
C6486,Sneha,Female,,Hyderabad,2022-10-21,,,,user6485@mail.com,,
C6487,Simran,Female,61,,2023-05-15,,3794.05,,,,USA
C6488,Sneha,,,Chennai,,,2213.13,10.0,,,Canada
C6489,Sneha,Female,,Delhi,2020-12-21,,,1.0,user6488@mail.com,,Australia
C6490,Neha,,,Chennai,,,,10.0,,,UK
C6491,Neha,Male,,Bangalore,,,903.24,,,9289422979,Canada
C6492,Neha,Male,,Pune,2022-06-23,,1060.4,10.0,user6491@mail.com,9108015691,India
C6493,Pooja,Female,,Kolkata,,,,,,,Australia
C6494,Ankit,Female,,Mumbai,2024-10-30,2021-04-08,,,,,Australia
C6495,Kiran,Female,,Ahmedabad,2022-09-17,2021-07-17,,,user6494@mail.com,,UK
C6496,Pooja,Male,,Mumbai,,,4535.38,,user6495@mail.com,9932164398,Canada
C6497,Rahul,Female,,Delhi,2024-03-11,2025-01-29,1506.05,2.0,,,USA
C6498,Sneha,Male,,Delhi,,,,5.0,,9246720762,India
C6499,,Male,,Hyderabad,2020-09-22,,,10.0,,,India
C6500,Kiran,,,Delhi,2020-08-12,,1071.93,10.0,,,
C6501,Ankit,,,Hyderabad,,,,10.0,,,
C6502,Priya,Male,,Bangalore,,,252.39,3.0,user6501@mail.com,,UK
C6503,Ankit,,,Pune,2024-12-19,,,1.0,,,Canada
C6504,Sneha,Male,,Mumbai,2023-09-29,,3830.45,1.0,user6503@mail.com,9938747841,Australia
C6505,,Male,70,Ahmedabad,,,,1.0,,,USA
C6506,Ravi,Female,,Bangalore,2025-08-08,,181.92,1.0,user6505@mail.com,,USA
C6507,Priya,Female,,Chennai,,,,,,,
C6508,Pooja,Female,,Ahmedabad,,,,5.0,,,India
C6509,Neha,Male,,Ahmedabad,,,306.49,4.0,,,Australia
C6510,,Male,,Pune,,,1818.26,,user6509@mail.com,9461780974,USA
C6511,Neha,,67,Kolkata,2022-11-16,,,,,,Canada
C6512,,,,,,,,10.0,,,USA
C6513,,Male,,Hyderabad,2025-07-21,2025-09-13,4280.63,,user6512@mail.com,9137871044,Australia
C6514,Priya,Male,28,Bangalore,,2022-07-29,,,user6513@mail.com,,India
C6515,Ravi,,,,,,,2.0,,,Canada
C6516,,,31,Kolkata,2025-03-21,,,,,9385626366,UK
C6517,Kiran,Female,,Kolkata,2022-10-10,,,,,,USA
C6518,,Female,,Ahmedabad,2021-05-26,,,,,,USA
C6519,Pooja,Male,,,2024-06-18,2021-10-28,2581.07,,,,Canada
C6520,Ankit,,,Ahmedabad,,2023-07-08,1084.55,,,,USA
C6521,Neha,Male,45,,2023-10-24,2025-03-22,1029.32,10.0,user6520@mail.com,,USA
C6522,Pooja,Female,61,Pune,,,,,user6521@mail.com,,UK
C6523,Kiran,Male,,Delhi,2022-06-13,,,,user6522@mail.com,,India
C6524,Neha,Male,,Delhi,,,,10.0,,,USA
C6525,Pooja,Male,,Bangalore,2020-09-24,2022-09-21,,,,9872943925,
C6526,Ankit,Female,,Mumbai,2023-09-28,,,,,9606616915,Australia
C6527,Pooja,Male,,Delhi,2023-07-22,2021-02-02,309.46,,user6526@mail.com,,USA
C6528,Ravi,Female,,Ahmedabad,2021-08-03,2024-02-09,,,,,
C6529,Ankit,Female,,Chennai,2022-12-24,2021-01-30,2409.68,,,,UK
C6530,Neha,Male,,Delhi,2023-10-10,2024-07-11,,,,,India
C6531,Rahul,,49,Mumbai,2024-03-15,,,,,,UK
C6532,Kiran,,,Hyderabad,2024-08-06,,1468.18,3.0,user6531@mail.com,9977586664,
C6533,Pooja,Male,21,Hyderabad,,,,,,,
C6534,,Female,,Chennai,2025-04-27,2022-07-30,,,,9400385334,Australia
C6535,Ravi,Male,,Kolkata,,,,10.0,,,
C6536,Kiran,Male,29,,2025-02-23,2023-02-11,,,,,India
C6537,Ankit,,,Ahmedabad,2024-06-28,2022-08-22,4921.66,,,,UK
C6538,,,51,Mumbai,,2024-06-18,,10.0,,9741413351,USA
C6539,Neha,Male,,Mumbai,2026-01-08,,,,,9764125238,
C6540,Ankit,Female,,Pune,,,,10.0,,9358986049,UK
C6541,,Male,45,Pune,2023-01-09,,,,user6540@mail.com,,
C6542,Neha,Male,,Kolkata,2022-10-17,,194.03,5.0,,,India
C6543,,Male,,Hyderabad,2021-03-24,2025-04-14,4881.88,,,,USA
C6544,,Female,,Bangalore,,,,,,,
C6545,Neha,,46,Pune,,2022-09-16,,10.0,,9918555850,USA
C6546,Ankit,Female,,Chennai,2023-05-26,,,,,,UK
C6547,Neha,,,Kolkata,2025-03-12,,4246.98,,,,Canada
C6548,Pooja,,,Kolkata,,2021-08-25,,1.0,,9524303701,USA
C6549,Ravi,Male,,Bangalore,,,,5.0,,,USA
C6550,,Female,,Bangalore,,,,,,,
C6551,Kiran,Female,,Bangalore,2022-12-27,,,,user6550@mail.com,,
C6552,Kiran,,26,Pune,,,,5.0,,,UK
C6553,Ankit,Male,,Chennai,,,,,user6552@mail.com,,Canada
C6554,Priya,Male,,Ahmedabad,2021-08-16,,,10.0,,,USA
C6555,Ankit,Male,,Mumbai,,,,5.0,,,USA
C6556,Amit,Male,37,,2023-08-08,2021-09-10,,3.0,user6555@mail.com,,India
C6557,Ankit,Female,,Hyderabad,2024-02-02,2022-01-03,,10.0,,9669417420,India
C6558,Pooja,Female,,Delhi,,2023-03-27,,4.0,user6557@mail.com,,Canada
C6559,Priya,Male,,Bangalore,2021-10-11,,1602.34,,,,Canada
C6560,Ankit,,,Pune,2023-08-31,2023-01-31,3085.17,,user6559@mail.com,,Canada
C6561,Ankit,,,Pune,2022-05-02,,,,,9789054091,USA
C6562,Kiran,,,Chennai,,,,,,,USA
C6563,Amit,Male,,Ahmedabad,,2025-04-23,,,,,
C6564,Pooja,Female,38,Pune,,,,10.0,,,
C6565,Neha,Female,,Ahmedabad,2025-03-08,2020-12-07,,10.0,,9468792400,Australia
C6566,Kiran,,,,2022-10-18,,,10.0,user6565@mail.com,,Canada
C6567,Simran,Female,,Mumbai,,2020-10-12,,,,,India
C6568,Sneha,Male,38,Hyderabad,2025-04-11,,,,,,USA
C6569,Rahul,Female,,Mumbai,2024-03-21,,,,,,Canada
C6570,Simran,Female,,Delhi,,,,10.0,,9980145684,India
C6571,Amit,Female,,Kolkata,2022-12-22,,,,user6570@mail.com,,
C6572,Sneha,Female,54,Chennai,2022-07-11,,,,,,India
C6573,Sneha,Female,32,Pune,,,,,,9379274297,
C6574,,Male,,Pune,,,,,,,Canada
C6575,Priya,,,Ahmedabad,,,,,,9672929720,India
C6576,Amit,,,Bangalore,,,,5.0,,9344257065,Canada
C6577,,Female,,Chennai,,2022-11-03,,2.0,user6576@mail.com,,Australia
C6578,Simran,Female,,Kolkata,2023-03-09,,,,,,Canada
C6579,Simran,,63,Kolkata,,,,,,,USA
C6580,Kiran,Male,,Ahmedabad,2021-05-21,,,10.0,,,USA
C6581,Neha,Male,,Kolkata,2025-08-28,2025-09-05,,10.0,,,Australia
C6582,Amit,Female,,Bangalore,,2025-10-03,2100.94,5.0,,,USA
C6583,Simran,,19,Mumbai,,,,10.0,,9267199843,UK
C6584,Ankit,Female,,,2022-06-06,2022-02-18,,5.0,,,Australia
C6585,Ankit,,54,Mumbai,,,,,user6584@mail.com,9376609004,Canada
C6586,Sneha,Male,27,Bangalore,2021-02-27,,,,user6585@mail.com,,UK
C6587,Ravi,Male,,Bangalore,,,,2.0,,9705554251,USA
C6588,Ankit,Male,,Ahmedabad,2025-10-07,2021-04-21,,,,,UK
C6589,Priya,Female,67,Ahmedabad,2024-09-11,2023-07-11,,10.0,,,Canada
C6590,Neha,Female,,Chennai,,,,2.0,,,Canada
C6591,Sneha,Male,,Ahmedabad,,,,,user6590@mail.com,,Canada
C6592,Priya,Male,,Ahmedabad,,,,,,,India
C6593,Sneha,Female,,Hyderabad,2025-06-12,,,,,,India
C6594,Simran,,,Pune,2022-05-19,,,,user6593@mail.com,,UK
C6595,Ankit,,32,Ahmedabad,,,,4.0,user6594@mail.com,9291327922,India
C6596,Ravi,,,Chennai,,2024-04-25,,10.0,,9657764544,UK
C6597,Kiran,Female,,,2022-04-05,,,,,,India
C6598,Kiran,Male,26,Hyderabad,,2024-05-11,,10.0,,,USA
C6599,Kiran,Male,64,Bangalore,2020-12-23,2023-05-03,3215.86,,,9620913905,Canada
C6600,Neha,Male,24,,,,,,,,Canada
C6601,,Male,,Delhi,2021-10-10,,,5.0,user6600@mail.com,,India
C6602,,Male,,Kolkata,,,2768.11,,,,USA
C6603,Amit,Male,,Hyderabad,2021-09-07,,,10.0,,,Australia
C6604,Ravi,Male,,Hyderabad,,2023-02-25,,,,,Australia
C6605,Kiran,Female,,Delhi,,2025-04-24,,,user6604@mail.com,9242186757,UK
C6606,Ankit,Male,,Chennai,2024-09-24,,3746.94,,,,India
C6607,Priya,,,Mumbai,2024-06-01,,,4.0,,,Canada
C6608,,Male,,Bangalore,,,,2.0,user6607@mail.com,9676522952,India
C6609,Amit,,50,Delhi,2023-12-27,,,,user6608@mail.com,,Canada
C6610,Simran,,,Pune,,,2996.9,,,9686538156,Australia
C6611,Rahul,Male,18,Pune,2023-07-27,,4016.95,,user6610@mail.com,9935777285,
C6612,Ankit,Female,19,Ahmedabad,,2023-01-20,,10.0,,,UK
C6613,,Female,,Bangalore,2020-10-10,,,,,,UK
C6614,Ravi,,,Bangalore,,,,,,,Canada
C6615,Ravi,Male,,Kolkata,,,,4.0,,,
C6616,Priya,Female,56,Chennai,2021-10-16,,,10.0,,9894611496,Australia
C6617,Sneha,,,Chennai,2022-11-30,,4740.52,,,,India
C6618,Neha,Male,,Bangalore,2024-03-22,,,,,,Canada
C6619,Rahul,Female,,Ahmedabad,2022-09-04,2024-01-25,611.93,10.0,,,USA
C6620,Ankit,Female,37,,,2026-01-13,,,,,UK
C6621,Pooja,Male,34,Kolkata,,2021-07-30,,10.0,,,India
C6622,,Male,,Bangalore,2024-04-26,,2361.57,2.0,,9963238401,India
C6623,,Female,,Hyderabad,,2024-03-05,,,,,Canada
C6624,Ravi,,,Chennai,2025-01-09,,2311.79,,user6623@mail.com,,UK
C6625,,Male,,,,2022-05-05,,2.0,user6624@mail.com,9380733714,UK
C6626,Priya,Female,55,Ahmedabad,,,,1.0,,,India
C6627,Priya,Male,30,Hyderabad,,2024-09-25,1643.02,,,9387099485,USA
C6628,Amit,,,Bangalore,2022-10-19,,,5.0,,,India
C6629,,Female,,Hyderabad,2025-01-05,2022-06-19,,,,,India
C6630,Amit,Male,,Pune,2026-01-13,,,,,,
C6631,Kiran,Male,,Hyderabad,,,,,,,Canada
C6632,Pooja,Male,61,Hyderabad,,,,,user6631@mail.com,,USA
C6633,Priya,Female,,Bangalore,2021-04-08,2023-06-07,,4.0,,,UK
C6634,Rahul,Male,,Pune,2023-12-03,2022-08-31,,10.0,,,India
C6635,,Female,63,Hyderabad,2021-12-07,2022-01-16,,,,9637294105,
C6636,Sneha,Female,,Mumbai,,,,2.0,user6635@mail.com,,USA
C6637,Amit,Male,,,2021-09-10,2023-06-22,,,,,Canada
C6638,Rahul,Male,,Ahmedabad,2022-04-05,2020-10-13,837.7,,user6637@mail.com,,Australia
C6639,Sneha,Female,,Mumbai,2024-05-23,,4067.8,3.0,user6638@mail.com,9641987602,Canada
C6640,Rahul,Female,,Bangalore,,,,2.0,,,
C6641,Neha,Male,,Ahmedabad,2022-12-18,,,,user6640@mail.com,,USA
C6642,,,,Ahmedabad,,,,,,,Canada
C6643,Priya,Male,,Chennai,2021-08-13,,,,,9779337723,UK
C6644,Priya,Male,,Hyderabad,2021-05-06,,,,,,India
C6645,Sneha,Male,,Chennai,2023-02-17,2021-06-16,,5.0,,,Australia
C6646,,Male,33,Kolkata,2023-06-28,2025-11-03,,10.0,,9383944732,UK
C6647,Simran,,46,Bangalore,2025-03-27,2021-04-03,,3.0,,,India
C6648,Sneha,Female,,Hyderabad,2022-01-15,,,10.0,,,Canada
C6649,Pooja,Male,,,,2021-09-25,,,,,
C6650,Amit,Female,,Kolkata,,,,,user6649@mail.com,9449593989,India
C6651,Pooja,Female,,Bangalore,2023-08-19,,4561.86,,,9421489809,India
C6652,Kiran,Female,,Pune,,,,10.0,user6651@mail.com,,Canada
C6653,,,,Chennai,,2025-01-24,,,,9576796347,
C6654,Simran,,67,Chennai,,,,,,,Canada
C6655,Amit,Female,,Bangalore,2022-11-13,,1116.69,,user6654@mail.com,,Canada
C6656,Rahul,Female,,Pune,,,,,user6655@mail.com,,Canada
C6657,Rahul,Female,19,Ahmedabad,,2024-04-18,,,,9822622330,
C6658,Rahul,Male,67,,,2024-03-05,,10.0,,,USA
C6659,Pooja,Female,29,Bangalore,2023-03-20,,,1.0,,9400962326,UK
C6660,Neha,Male,,Mumbai,2023-11-07,,,,user6659@mail.com,,Canada
C6661,Pooja,Male,,,2023-07-12,,,,,,USA
C6662,Neha,,66,Hyderabad,2021-06-18,2024-02-17,4411.91,10.0,user6661@mail.com,9593016475,Canada
C6663,Simran,Male,,Bangalore,,2024-07-07,338.1,10.0,,,
C6664,Kiran,,,Delhi,,,,1.0,user6663@mail.com,,India
C6665,Ankit,Female,51,Pune,2023-02-22,,,3.0,,,India
C6666,Neha,,,Bangalore,2023-06-08,,1809.24,10.0,,,
C6667,Neha,Male,,Mumbai,2022-05-06,,,1.0,,9905878077,
C6668,Amit,Male,,Hyderabad,2020-08-24,2021-09-29,,,user6667@mail.com,,USA
C6669,Sneha,Female,,Hyderabad,,,,,,9669997916,UK
C6670,Ravi,Male,,Hyderabad,,,1193.09,,,9138000894,Canada
C6671,,Female,,Kolkata,,,,,,,Canada
C6672,Amit,Female,,Delhi,2024-05-22,,,,,,UK
C6673,Kiran,Male,,Delhi,2025-03-28,,,,,,UK
C6674,Simran,Male,,,2025-11-28,,,3.0,,,Canada
C6675,Pooja,Female,,Hyderabad,2021-06-09,2024-12-05,,,,,
C6676,,Male,,Pune,2021-02-23,2023-04-04,,10.0,,,India
C6677,Ravi,Female,,Delhi,,2025-03-06,1455.87,,,9779890675,Australia
C6678,Priya,,28,Mumbai,2021-04-01,2021-05-21,2189.92,,user6677@mail.com,,Canada
C6679,,,32,,2023-03-04,2025-07-06,,,,,Australia
C6680,,,,Kolkata,2022-11-12,,,10.0,,9259402099,USA
C6681,Priya,Female,,Bangalore,,2024-05-04,,2.0,,,
C6682,,Male,,Kolkata,2024-03-16,,,1.0,user6681@mail.com,9946282322,USA
C6683,Amit,Male,,Delhi,,,4163.31,,user6682@mail.com,,
C6684,,Female,,Ahmedabad,2024-06-18,,2913.81,,user6683@mail.com,9853095376,USA
C6685,Simran,Female,,Kolkata,2023-10-18,,,3.0,,,USA
C6686,Rahul,Male,,Delhi,2024-01-31,,,,,,Australia
C6687,Priya,Female,,Kolkata,2020-08-11,,,,user6686@mail.com,,India
C6688,,Male,,Mumbai,,,466.89,,,,UK
C6689,Rahul,Male,,Chennai,,2021-02-14,,2.0,,,UK
C6690,,Female,,Bangalore,2022-09-16,,,,user6689@mail.com,,Canada
C6691,Ankit,Male,,Pune,2021-01-28,2021-12-23,,,,9325423325,UK
C6692,Ankit,,,Mumbai,,,,,,9935816023,Canada
C6693,Kiran,Male,,Ahmedabad,2022-10-08,,2841.33,,,,India
C6694,,,,Delhi,2025-03-16,,,5.0,,,India
C6695,,Male,,Mumbai,,,,10.0,,,Canada
C6696,Amit,,,Pune,2024-10-05,,,,user6695@mail.com,,
C6697,Sneha,,37,Kolkata,,,,,,,UK
C6698,Ravi,,,Pune,2023-07-26,,,,,,Canada
C6699,Rahul,,,,,,,,,,UK
C6700,Priya,Female,,Bangalore,2020-12-19,2021-05-27,,2.0,user6699@mail.com,9882325952,
C6701,Sneha,,,Pune,,2020-08-30,868.18,10.0,,,Canada
C6702,Ravi,,50,Kolkata,,,297.03,10.0,user6701@mail.com,,UK
C6703,,Male,65,,2023-09-08,,,,,,UK
C6704,Ravi,Female,,Delhi,,,2108.28,,,,USA
C6705,,Male,,Delhi,2024-02-03,2023-01-02,3612.15,,,,India
C6706,Rahul,Female,,Hyderabad,,2021-03-11,3245.54,10.0,,,Australia
C6707,,Male,42,,,2022-12-10,3813.33,5.0,,,UK
C6708,Ravi,Male,,Delhi,,,,10.0,,,India
C6709,Ankit,Female,,Kolkata,,,,,user6708@mail.com,,India
C6710,Neha,Male,,Hyderabad,2023-05-22,,,10.0,user6709@mail.com,,USA
C6711,Simran,Female,,Pune,,2020-10-26,,3.0,user6710@mail.com,9152829631,India
C6712,,Male,,,,2024-12-21,4643.63,10.0,,,USA
C6713,Amit,Male,52,Pune,,,1633.4,,,,Canada
C6714,Kiran,Female,,Mumbai,2025-05-01,2024-02-14,,5.0,,,Australia
C6715,Amit,Female,47,Kolkata,,,269.77,,user6714@mail.com,,India
C6716,Pooja,Male,,Bangalore,2021-11-25,,2885.85,10.0,,9154507430,India
C6717,,Male,,Delhi,,2022-09-02,,10.0,,,USA
C6718,,Male,,Delhi,,2023-03-14,,,,9931740022,
C6719,Neha,Male,,Chennai,,2025-01-25,,,,,India
C6720,Sneha,Male,,Chennai,,,,1.0,,,Australia
C6721,Kiran,Male,,Pune,,2024-06-21,,10.0,,9906416360,India
C6722,Ravi,Female,,Kolkata,,,,10.0,,,India
C6723,Priya,Female,,Hyderabad,2022-12-28,2024-09-28,,10.0,,,India
C6724,Neha,Female,,Pune,2021-08-18,,,2.0,user6723@mail.com,,Australia
C6725,Pooja,Female,,Delhi,2024-04-25,,,5.0,,,India
C6726,Ankit,,,Bangalore,2021-09-23,,,10.0,user6725@mail.com,9872966515,Canada
C6727,Sneha,Female,,,2022-11-04,2021-02-19,,,,,India
C6728,Priya,,,Mumbai,,,,,user6727@mail.com,9386104476,Canada
C6729,Sneha,Male,,Mumbai,2022-02-09,,,,user6728@mail.com,,USA
C6730,Priya,Male,,Delhi,2021-03-30,2021-12-10,,,user6729@mail.com,,Canada
C6731,,Male,,Bangalore,,2020-10-30,,,,,USA
C6732,Sneha,Female,,Ahmedabad,2020-09-25,,2262.29,,,,India
C6733,,Male,,,2025-08-08,,,,user6732@mail.com,,Canada
C6734,Simran,Female,,Pune,2020-12-18,,,,,,UK
C6735,Pooja,Female,,Pune,2022-09-01,2022-01-23,1790.57,,,,
C6736,,,,,,,,,user6735@mail.com,,India
C6737,Priya,Female,,Mumbai,,,4761.01,10.0,,,
C6738,,Female,,Hyderabad,,,,,,,India
C6739,Simran,Male,22,Pune,2024-10-22,,216.76,,,,
C6740,Rahul,Male,,Mumbai,,,,10.0,user6739@mail.com,9955023769,UK
C6741,,Female,69,Delhi,,,4331.37,,,,UK
C6742,Neha,Female,,Bangalore,2024-08-14,,,10.0,user6741@mail.com,9753280269,Canada
C6743,Rahul,,,Pune,2023-05-17,,,,,,USA
C6744,Priya,Male,,Ahmedabad,,2021-04-18,,,,,Canada
C6745,,,46,Ahmedabad,,,,5.0,,,India
C6746,Kiran,Female,,Pune,,,,4.0,,,UK
C6747,Neha,Male,63,Chennai,2025-06-25,,,,,,UK
C6748,,Female,25,Chennai,2023-10-05,,,4.0,,,
C6749,Ankit,,,Bangalore,2023-03-26,,,5.0,,,USA
C6750,Sneha,,20,Kolkata,,,,,,9707766305,Australia
C6751,,Female,,Delhi,2022-02-10,2025-11-22,,,,,
C6752,Priya,Male,61,Delhi,2025-06-21,,,,,9781971007,USA
C6753,Simran,Male,,Chennai,2024-08-29,,,,,,
C6754,Ankit,Male,69,,2022-02-24,,,,,,Australia
C6755,Kiran,,,Chennai,2024-04-21,,1700.76,10.0,user6754@mail.com,9401836344,India
C6756,Kiran,Female,,Pune,,2022-12-20,,,,,India
C6757,Sneha,Male,,Pune,2022-08-17,,19.49,1.0,,,Canada
C6758,Priya,,,Hyderabad,2024-07-03,,,10.0,user6757@mail.com,,USA
C6759,Priya,Male,,Chennai,2022-02-17,,,,,,India
C6760,Priya,Male,,Ahmedabad,2024-07-31,2021-11-21,,2.0,,,Canada
C6761,Amit,Female,,Mumbai,,,,5.0,,9514617234,Australia
C6762,Ankit,Male,65,Hyderabad,,2021-10-20,,,,,India
C6763,Ravi,Male,45,Mumbai,2024-11-14,2021-12-22,,3.0,,,UK
C6764,Amit,Male,,Bangalore,2023-12-16,2022-07-18,,,,,USA
C6765,Ankit,Male,,,,,,10.0,,9218913800,USA
C6766,Pooja,Male,,Delhi,2023-03-19,,4206.39,5.0,user6765@mail.com,9350972765,India
C6767,Neha,Male,,Ahmedabad,2025-02-10,2024-02-24,,3.0,,9943913636,UK
C6768,Simran,,,Delhi,2021-08-21,,,10.0,user6767@mail.com,9140339669,UK
C6769,Amit,Female,66,Chennai,2024-03-16,,,,,,Australia
C6770,Simran,Female,,Hyderabad,2023-11-26,2024-05-12,3131.54,10.0,user6769@mail.com,,Canada
C6771,Pooja,Male,19,Pune,2025-05-07,2025-06-12,,1.0,,,Canada
C6772,Sneha,Male,,Delhi,2023-10-27,,,10.0,,9347849938,USA
C6773,Pooja,Female,,Hyderabad,2024-02-08,,,10.0,user6772@mail.com,,
C6774,Kiran,,,Bangalore,,,,,,,UK
C6775,Simran,Female,,Mumbai,2023-01-04,,,3.0,user6774@mail.com,,
C6776,Ankit,Female,42,Hyderabad,2024-07-02,,,,,,Canada
C6777,Pooja,Male,27,Chennai,2021-10-18,2022-10-28,,10.0,,9647161109,India
C6778,Ravi,,28,Pune,2025-02-23,,,1.0,user6777@mail.com,9248087034,Australia
C6779,,,44,,2023-08-28,,,,,,Canada
C6780,,Male,,Chennai,2025-12-23,,3906.15,,user6779@mail.com,,UK
C6781,Sneha,,,Delhi,,,,,,,UK
C6782,Amit,Male,,Ahmedabad,,2021-10-11,2790.53,,,,USA
C6783,Pooja,Female,48,Chennai,2021-07-02,2022-06-21,,,,,India
C6784,Kiran,,,,,,,,,,UK
C6785,,Female,,Delhi,,,,4.0,,9445524415,UK
C6786,,Male,34,Mumbai,2023-02-10,,,,,,
C6787,Ravi,Female,38,Delhi,,,,10.0,,9184455696,India
C6788,Ankit,,,Delhi,2025-03-28,,1518.96,,,9523198034,India
C6789,Pooja,Male,,Kolkata,2024-08-08,,,2.0,,9888771469,Canada
C6790,Kiran,Female,65,Chennai,,,,10.0,user6789@mail.com,,USA
C6791,Amit,,,Hyderabad,,,,4.0,,,Canada
C6792,Neha,Male,,Hyderabad,,,,,,9502704369,Canada
C6793,Amit,,,Pune,2020-10-31,2023-08-18,,,,,UK
C6794,Ravi,Female,,Ahmedabad,,,,,user6793@mail.com,,USA
C6795,Simran,Male,66,Bangalore,,2024-08-29,,,user6794@mail.com,,
C6796,Simran,Female,56,Hyderabad,,2025-02-15,,4.0,,,
C6797,Amit,,,Mumbai,2024-06-11,,1484.54,10.0,user6796@mail.com,,
C6798,Ravi,Female,,Ahmedabad,2022-07-15,2022-05-17,1271.69,,,,
C6799,Simran,Male,,Delhi,2021-06-17,,,,,9562080983,USA
C6800,Kiran,Female,59,Ahmedabad,,,,10.0,,9377487497,Canada
C6801,Ankit,Male,,Ahmedabad,,,3583.93,,,,Canada
C6802,Priya,Male,,Pune,2020-09-23,,4285.92,,user6801@mail.com,,Australia
C6803,Rahul,Female,,Chennai,2021-11-03,,,5.0,user6802@mail.com,,Canada
C6804,Ankit,Female,,Ahmedabad,,,,10.0,,,India
C6805,Neha,Male,,Chennai,2024-08-25,,,,,,India
C6806,Ravi,Female,,Chennai,,,,,,,USA
C6807,Sneha,Male,,Chennai,2021-09-21,,,,user6806@mail.com,,Australia
C6808,Ravi,,55,Delhi,,,,,,,UK
C6809,Rahul,Male,,,,,,,user6808@mail.com,,Canada
C6810,Ravi,Male,,Hyderabad,2024-10-11,,1151.97,,,9161787248,UK
C6811,Amit,,,Chennai,2021-11-25,,,,user6810@mail.com,,UK
C6812,,Female,65,Ahmedabad,,2023-06-02,,,user6811@mail.com,,
C6813,Neha,Male,34,Pune,,2023-03-09,,10.0,,9582784060,
C6814,Sneha,,,Mumbai,,,,10.0,,,UK
C6815,Ankit,Male,53,Delhi,,,,,,,India
C6816,Ankit,,,Pune,2022-05-31,,3629.23,,,,Australia
C6817,Rahul,Female,,Hyderabad,,,1124.28,,,9128949059,UK
C6818,Simran,,44,Ahmedabad,,2024-06-10,,10.0,user6817@mail.com,,UK
C6819,Rahul,Male,,Hyderabad,,,,2.0,,,India
C6820,,Male,,Pune,2021-01-05,,2475.85,,,9193602769,Australia
C6821,Pooja,Male,,Bangalore,2022-02-04,,2209.14,10.0,user6820@mail.com,,India
C6822,Pooja,,,Delhi,2025-11-03,2025-09-24,,,,9144166438,UK
C6823,Priya,Male,,Pune,2023-09-25,,2961.99,,,9279939587,Canada
C6824,Sneha,Female,58,Delhi,,,,,user6823@mail.com,,Australia
C6825,Simran,,,Ahmedabad,2021-10-16,2022-05-26,,10.0,user6824@mail.com,,India
C6826,,Male,,Delhi,2021-06-08,,3545.12,,,9518405147,India
C6827,Rahul,Female,57,Ahmedabad,,,,10.0,,,
C6828,Ankit,Female,36,Ahmedabad,2024-07-15,2022-05-18,3933.98,10.0,,,Australia
C6829,Ravi,,35,,,,,,,,USA
C6830,Ravi,Male,,Ahmedabad,2023-03-23,,,,,,Australia
C6831,Sneha,Male,,Hyderabad,,,,10.0,,,
C6832,,Male,,Kolkata,,,3624.23,4.0,,9181067530,UK
C6833,Ravi,,,Delhi,2024-03-13,2022-07-11,1046.72,3.0,,9423995516,UK
C6834,,Male,59,Kolkata,2023-07-01,2022-04-21,,,,,Australia
C6835,Ankit,Male,,,2021-02-16,,,5.0,,9906672625,Canada
C6836,Simran,,,Hyderabad,2021-08-27,,637.93,,,,India
C6837,Kiran,,,Kolkata,,2022-02-02,,10.0,,,USA
C6838,Neha,Female,,Bangalore,,2023-02-02,,,,9337808666,Australia
C6839,Kiran,Male,,Mumbai,2023-12-06,,,5.0,,9337064564,UK
C6840,Rahul,Male,49,Delhi,,2022-04-12,2020.31,10.0,user6839@mail.com,,UK
C6841,Rahul,Female,,Hyderabad,2021-07-18,2022-04-30,,,,,India
C6842,,Male,41,Delhi,,,4049.47,,,,Canada
C6843,Sneha,Female,,Mumbai,,,3474.68,,,,Canada
C6844,Neha,,,Hyderabad,2021-12-21,,,3.0,,,UK
C6845,Ravi,,,Ahmedabad,,,,10.0,,,Australia
C6846,Kiran,Female,,Hyderabad,,2021-01-14,,,,,Canada
C6847,Pooja,Male,,Kolkata,,,4549.5,3.0,,,UK
C6848,Ankit,Female,,,,,,10.0,,,Canada
C6849,Simran,Male,,Mumbai,,2021-10-07,,10.0,,,India
C6850,Sneha,Male,,Kolkata,2021-01-31,2023-07-15,2821.35,,,,Australia
C6851,Neha,,,Delhi,2022-11-22,2021-06-13,,10.0,,,Canada
C6852,Pooja,Female,,Mumbai,2020-11-27,,,,,,USA
C6853,Simran,,52,Mumbai,,,4470.16,,user6852@mail.com,,USA
C6854,Neha,Male,,Chennai,,,,,,,UK
C6855,Ankit,Female,33,Delhi,,,,10.0,,9674112526,
C6856,,Female,,,2023-07-17,2023-02-28,,,,,USA
C6857,Ravi,Male,27,Chennai,,2025-07-29,,10.0,user6856@mail.com,,India
C6858,Simran,Male,45,Pune,2023-12-09,2024-09-10,,1.0,,9795764448,Canada
C6859,Simran,Female,,Bangalore,2020-10-14,2022-05-18,2066.56,10.0,user6858@mail.com,9210420800,
C6860,Neha,Female,,Chennai,2021-12-28,2024-03-28,,,,,India
C6861,Amit,Male,,Bangalore,2022-06-05,2020-09-28,,4.0,,,Canada
C6862,,Female,21,Hyderabad,,,,,,9994223890,Australia
C6863,Simran,Male,,,2025-11-30,,1115.05,10.0,,,
C6864,Neha,Female,62,Chennai,,,,3.0,,,
C6865,Kiran,Male,,Hyderabad,,2022-12-10,,,,,USA
C6866,Sneha,Male,,Delhi,,2025-01-09,,,,,India
C6867,,Female,,Chennai,,,,10.0,,,USA
C6868,Pooja,,,Hyderabad,,,425.02,,,,India
C6869,Kiran,,,Pune,,,,1.0,,9250443967,Canada
C6870,Ravi,Male,,Pune,,,,1.0,,,Canada
C6871,Ankit,,27,Ahmedabad,2022-08-28,,215.58,2.0,,,India
C6872,,,,Kolkata,2025-06-20,2023-04-17,,,,,UK
C6873,Amit,,22,Pune,,,,,user6872@mail.com,,
C6874,Ravi,Female,,Mumbai,,,1040.53,,user6873@mail.com,,UK
C6875,Simran,Male,,Ahmedabad,2021-03-24,,,10.0,,,UK
C6876,,Male,68,Delhi,2020-08-14,,,1.0,,,Australia
C6877,Priya,Female,,Bangalore,2025-12-21,2022-04-18,,,user6876@mail.com,,Australia
C6878,Ankit,Female,,Ahmedabad,,2022-10-05,,10.0,,,
C6879,,Female,,Mumbai,,,,,,,UK
C6880,Amit,Male,49,Mumbai,2025-07-31,,,,,,India
C6881,Rahul,,28,Mumbai,,2021-02-13,3381.59,10.0,,,USA
C6882,Neha,Female,,Ahmedabad,,,,,,,Australia
C6883,Simran,Male,,Pune,,,150.28,10.0,,,USA
C6884,Neha,Female,,Pune,,,1399.03,10.0,,,Canada
C6885,Neha,Female,,Delhi,,,139.28,10.0,,9245027689,
C6886,Neha,,,Mumbai,2021-04-07,,,,,,UK
C6887,Ankit,Female,56,Kolkata,,2021-10-08,,1.0,,,Canada
C6888,Neha,Male,,Mumbai,,,,,,,India
C6889,Rahul,Male,,Hyderabad,,,,10.0,,,Australia
C6890,Ankit,,,Delhi,2025-10-13,,,,,,USA
C6891,Amit,Male,,Kolkata,,2022-11-29,,10.0,,,USA
C6892,Pooja,,,Ahmedabad,2024-08-27,,,,,,UK
C6893,Neha,Female,61,Bangalore,2025-09-06,,,,,,USA
C6894,,,,Hyderabad,2025-11-12,,,,,,
C6895,Amit,Male,,Hyderabad,,,,3.0,,,UK
C6896,Sneha,Male,,,2022-01-31,,,1.0,user6895@mail.com,,USA
C6897,Simran,Male,,Kolkata,2022-04-21,,,10.0,,,UK
C6898,Ravi,Female,,Bangalore,,,,10.0,user6897@mail.com,,Canada
C6899,Amit,Female,47,Ahmedabad,2024-10-11,,,,,,UK
C6900,Pooja,Female,,,,2023-08-15,,5.0,,,India
C6901,Ankit,Female,,Bangalore,2022-06-01,,,5.0,user6900@mail.com,,Canada
C6902,Priya,,,Chennai,2024-04-14,,,4.0,,,India
C6903,Ankit,Male,,Bangalore,2021-05-15,2024-04-14,2249.9,,user6902@mail.com,,Canada
C6904,Ankit,Male,18,Chennai,2023-07-27,,,,,,
C6905,Kiran,Male,,,,,,4.0,,,Canada
C6906,Simran,,,Delhi,,2022-11-06,,10.0,user6905@mail.com,,
C6907,Pooja,,,Mumbai,,,,10.0,,,
C6908,Ankit,Male,46,,,,1036.94,,,,USA
C6909,Ankit,Female,,Ahmedabad,2025-10-24,2021-08-15,,10.0,user6908@mail.com,,USA
C6910,Neha,Female,,Ahmedabad,2023-12-09,2025-06-09,1344.53,,,,Australia
C6911,Simran,Male,,Pune,,2025-05-06,,,,,
C6912,Ravi,,,Kolkata,,,4041.78,,user6911@mail.com,,India
C6913,Priya,,,Chennai,,,,,,9168225868,USA
C6914,,Male,,Kolkata,2021-01-22,2025-08-31,,,,9157472302,
C6915,Ravi,Female,49,Mumbai,,,,,,,Canada
C6916,,,19,Chennai,,,,,,,
C6917,,Female,,Ahmedabad,2024-12-22,,,10.0,,,Canada
C6918,Simran,Male,,Ahmedabad,2025-08-05,,,,,9957511431,India
C6919,,Female,,Kolkata,,2022-06-14,,,,,Australia
C6920,,Female,20,Mumbai,2021-06-27,,,,user6919@mail.com,,India
C6921,Rahul,Female,,,,2021-01-13,4339.06,10.0,,,
C6922,Simran,Male,70,,,,,,,,Canada
C6923,Amit,Male,,,2024-05-05,,,1.0,,,India
C6924,Simran,Female,,Bangalore,2023-06-14,,,2.0,,,USA
C6925,Simran,,,Chennai,2023-02-04,,,10.0,,,India
C6926,Ankit,Male,,Kolkata,,2025-08-25,,,,,India
C6927,,Female,,Delhi,2025-10-16,2025-05-30,,,user6926@mail.com,,Canada
C6928,Pooja,Male,66,Chennai,,,1027.21,1.0,,9947991643,USA
C6929,,Female,63,Chennai,2025-02-01,,,,,9456940807,
C6930,Simran,Female,,Chennai,,,,2.0,,,UK
C6931,Amit,Female,,Chennai,2025-07-30,2022-07-14,,,,,USA
C6932,Rahul,Male,,Chennai,2023-03-20,,,,,9186642230,USA
C6933,Simran,,35,Hyderabad,,,,,user6932@mail.com,9775830844,UK
C6934,Neha,Female,,Chennai,2021-02-14,,,3.0,,,UK
C6935,Pooja,Male,,Hyderabad,2024-07-10,2025-06-08,,,user6934@mail.com,9227869848,India
C6936,Kiran,Female,47,Pune,,2022-07-31,1492.24,10.0,,,Canada
C6937,,Female,,Chennai,,,1183.78,5.0,user6936@mail.com,9742089256,Canada
C6938,Neha,Female,,Kolkata,,2022-11-04,,,,,
C6939,Sneha,,,Pune,,,3621.17,,,,UK
C6940,,Male,,Chennai,,,,2.0,,,India
C6941,Pooja,Female,,Hyderabad,2021-08-06,,,,,,USA
C6942,Ankit,Male,59,Kolkata,2025-11-15,,,,,,India
C6943,Priya,Male,,Ahmedabad,,,,5.0,user6942@mail.com,,India
C6944,Neha,Female,,Hyderabad,,,,4.0,,,UK
C6945,,Female,,Chennai,2023-06-07,,,,user6944@mail.com,,UK
C6946,Ravi,Female,,Hyderabad,,,,10.0,,,Australia
C6947,Kiran,Female,,Chennai,,,,10.0,,,UK
C6948,Neha,Male,,Mumbai,2020-12-23,2021-10-31,3227.37,4.0,user6947@mail.com,,Australia
C6949,,Male,,Ahmedabad,,,,10.0,,,UK
C6950,Pooja,Female,,,,,4283.6,10.0,,,
C6951,,Female,45,Pune,2024-10-27,,2896.79,,,,Canada
C6952,Ankit,Female,69,Chennai,2025-10-17,2023-04-25,,10.0,,,USA
C6953,Kiran,Female,,Hyderabad,,,1169.72,5.0,user6952@mail.com,,USA
C6954,Pooja,Male,61,Chennai,,2022-09-06,,,,9889104407,Australia
C6955,Rahul,,,Bangalore,,2023-03-29,2912.25,,user6954@mail.com,,Canada
C6956,Neha,Female,,Ahmedabad,,,,5.0,,9731621911,USA
C6957,,Female,19,,2023-06-29,,186.24,,,,UK
C6958,Kiran,,43,Chennai,2024-01-13,,,10.0,user6957@mail.com,,USA
C6959,Priya,,29,Hyderabad,,,,,,,USA
C6960,Ravi,Female,,Kolkata,,2025-12-14,,2.0,,9384869427,Canada
C6961,Rahul,Male,,Ahmedabad,,2025-07-13,,10.0,,,Canada
C6962,Pooja,Female,,Ahmedabad,,2021-03-28,,10.0,,9458228667,USA
C6963,Amit,Male,,,2020-09-18,,,,user6962@mail.com,,India
C6964,,Female,,Bangalore,,,,1.0,user6963@mail.com,,UK
C6965,Pooja,Female,,Pune,2025-11-29,,,,,,USA
C6966,Ravi,,,Delhi,2025-05-05,,517.4,5.0,,9319515932,USA
C6967,Pooja,Female,,Kolkata,2024-04-17,,733.63,,user6966@mail.com,,Australia
C6968,Amit,,,Hyderabad,2024-05-26,2024-01-05,,10.0,,,USA
C6969,Ankit,Female,64,Chennai,,,,10.0,user6968@mail.com,9475079581,India
C6970,Pooja,,,Delhi,2021-08-21,,,10.0,,9600205992,
C6971,Amit,,34,Mumbai,2024-07-18,,,,,9425902092,UK
C6972,Priya,Male,,Kolkata,2021-01-10,,,,,,India
C6973,Simran,Male,,Delhi,,2022-10-08,224.72,,,,Australia
C6974,Priya,Male,,Bangalore,2025-09-25,2025-09-07,,,,,
C6975,Sneha,Female,31,Kolkata,2024-05-19,,,3.0,,,India
C6976,Ankit,Female,,Ahmedabad,2023-05-21,,,1.0,user6975@mail.com,,USA
C6977,Ravi,Female,,Pune,,,,,,9328757988,India
C6978,Rahul,Female,,,2024-07-31,,,5.0,,,USA
C6979,Kiran,Male,28,Pune,2024-03-05,,4832.97,10.0,,,UK
C6980,Neha,Female,,Pune,2021-02-04,,2045.61,10.0,,,Canada
C6981,Rahul,Female,,Ahmedabad,,,,,,,Canada
C6982,,Female,70,Delhi,,,,,user6981@mail.com,,India
C6983,Ravi,Female,,,,,,3.0,user6982@mail.com,,India
C6984,Ravi,Female,50,Ahmedabad,,,,3.0,,,USA
C6985,Sneha,Male,36,Ahmedabad,2025-07-09,,3718.32,,,,UK
C6986,,,38,Ahmedabad,2023-11-01,,,,,,Australia
C6987,Sneha,Male,,Hyderabad,2025-12-03,2021-03-25,3538.84,,,,Australia
C6988,,Male,,Ahmedabad,,,,,,,
C6989,Simran,Female,,,2025-09-03,2021-03-26,,,,9211809153,Canada
C6990,Ravi,Male,,Chennai,,,,,,9251696650,India
C6991,Kiran,Female,,Bangalore,2023-02-02,,,1.0,,,India
C6992,Ravi,Female,,Mumbai,2023-04-24,,,10.0,,9170141589,India
C6993,Priya,Female,,Bangalore,2021-05-28,,,10.0,,,Canada
C6994,Simran,Female,,Ahmedabad,,,,,user6993@mail.com,,Australia
C6995,Amit,Male,,Bangalore,,,,3.0,,9884530840,USA
C6996,,Female,,Bangalore,2022-04-04,,,,,,
C6997,Amit,Female,67,,,,,10.0,user6996@mail.com,9328298726,USA
C6998,Amit,Female,,Hyderabad,2024-08-09,,,10.0,,,India
C6999,Ravi,Female,,Mumbai,2025-07-16,2021-05-11,,10.0,,,Canada
C7000,,Male,,Hyderabad,2023-06-30,,,,user6999@mail.com,,Canada
C7001,Kiran,Male,,Hyderabad,2023-06-03,,,10.0,user7000@mail.com,,
C7002,Amit,Male,,Hyderabad,2026-01-03,,2634.92,2.0,user7001@mail.com,,India
C7003,,Female,,Kolkata,2023-01-19,,3962.19,10.0,,9795760109,UK
C7004,Pooja,,,Bangalore,,,,,,,Australia
C7005,,Male,,,,,2718.89,10.0,user7004@mail.com,,
C7006,Amit,Male,,Mumbai,2024-02-11,,3285.55,,user7005@mail.com,,UK
C7007,Rahul,Male,67,Ahmedabad,2025-08-30,2023-09-30,,,,9652316325,USA
C7008,Kiran,Male,33,Kolkata,,,,1.0,,,India
C7009,Amit,,,Pune,,,,10.0,user7008@mail.com,9724726988,
C7010,Ankit,,68,Pune,,,,,,9571099805,USA
C7011,,,,,,,3024.94,,,,USA
C7012,Kiran,Male,,Ahmedabad,,,,10.0,,,
C7013,Amit,Male,,Hyderabad,2020-12-28,2023-04-08,,,,,Canada
C7014,Priya,,,Ahmedabad,,,,4.0,,9131211054,UK
C7015,Kiran,,,Hyderabad,,2021-02-06,,,user7014@mail.com,,Australia
C7016,Amit,,,Kolkata,,,1219.34,5.0,,9791421131,Canada
C7017,,Male,,Delhi,2022-01-23,,,10.0,user7016@mail.com,9405855799,USA
C7018,Sneha,Male,69,Chennai,,,,3.0,,,UK
C7019,,,,Chennai,,,,,user7018@mail.com,,Australia
C7020,Amit,,,Bangalore,2024-08-12,2023-01-17,,,user7019@mail.com,,USA
C7021,,Female,,Ahmedabad,2024-04-04,,294.79,10.0,user7020@mail.com,,USA
C7022,Simran,Female,,Kolkata,2022-06-26,,,,user7021@mail.com,9736651726,
C7023,Amit,Female,,Chennai,2022-07-11,,,,user7022@mail.com,,Canada
C7024,Ravi,Female,51,Kolkata,2024-04-16,,,,,,UK
C7025,Sneha,Male,70,Chennai,,2022-11-26,,,,,Australia
C7026,Ravi,,27,,,,437.8,,,,India
C7027,Pooja,Male,68,Chennai,2024-12-26,,,10.0,user7026@mail.com,9313603116,Australia
C7028,Sneha,Male,,Chennai,2021-08-13,,2537.96,5.0,,9439939307,Australia
C7029,Simran,,,Pune,2020-12-14,,,3.0,,,Australia
C7030,,,,Mumbai,,2025-05-28,,1.0,user7029@mail.com,9744891379,India
C7031,Rahul,Female,,Pune,,2025-12-08,,,,,UK
C7032,Ankit,Male,,Bangalore,2020-10-12,2025-08-16,,,,,USA
C7033,Pooja,Male,,Pune,,,,,,,UK
C7034,Rahul,,,,,,,10.0,user7033@mail.com,,India
C7035,Priya,Female,,Kolkata,2024-12-29,,,,user7034@mail.com,,India
C7036,Simran,Female,22,Bangalore,,,,10.0,,,Canada
C7037,Ravi,Male,28,Kolkata,,,,3.0,,,Australia
C7038,Rahul,Female,,,2022-04-02,2024-09-14,,2.0,,,
C7039,Simran,,38,,,,,,,,Australia
C7040,Ravi,,,,2020-12-14,2025-08-18,,,,9706689543,India
C7041,Simran,Female,25,Hyderabad,2024-10-03,,,,,9406379669,Canada
C7042,Pooja,Female,,Hyderabad,2023-08-02,,4390.67,2.0,,9989878171,USA
C7043,,Female,,Bangalore,,,,1.0,,,UK
C7044,Sneha,Male,49,,,2021-02-08,,10.0,,,UK
C7045,Simran,Female,37,Chennai,2022-05-17,2020-09-03,,,,,
C7046,Priya,Female,,Kolkata,2024-09-28,2025-08-01,,10.0,user7045@mail.com,,USA
C7047,Sneha,Male,,Mumbai,,2024-08-05,,10.0,,9927053304,UK
C7048,Ankit,Female,,Hyderabad,2022-10-07,,,,user7047@mail.com,,Australia
C7049,,Male,,Ahmedabad,2023-01-01,2021-09-20,,,user7048@mail.com,,India
C7050,Sneha,,27,Chennai,,,,5.0,user7049@mail.com,,USA
C7051,,Male,28,Mumbai,2022-10-14,,,5.0,,9563317181,India
C7052,Neha,Male,68,Bangalore,2021-07-19,,,,,,
C7053,Neha,Male,,Pune,,,2636.16,,,,Australia
C7054,Ravi,Female,,Mumbai,2025-07-12,2025-04-11,430.91,,,9990194853,
C7055,Sneha,Female,40,Ahmedabad,2022-09-28,,,10.0,,9608461959,Canada
C7056,Sneha,Male,,Bangalore,,2022-11-28,,2.0,,9589679825,
C7057,,Male,,Ahmedabad,,,,4.0,,,Canada
C7058,Ankit,Male,,Hyderabad,2021-05-03,2024-03-16,,,,,Australia
C7059,,Female,19,Chennai,2022-09-22,,,10.0,,,Australia
C7060,Rahul,Male,,Kolkata,2021-01-02,,,,,9600173895,
C7061,Kiran,Female,48,,2024-10-23,,,,,,Australia
C7062,Simran,Male,31,Kolkata,2024-06-03,,,,,,Canada
C7063,,Female,,Kolkata,,,561.8,3.0,,,Canada
C7064,Amit,Male,,Mumbai,2025-07-07,,,10.0,user7063@mail.com,,USA
C7065,,,,Bangalore,2022-09-11,,,,,,India
C7066,,Male,,Hyderabad,,2022-07-30,,2.0,,,Canada
C7067,Neha,Female,41,Pune,2021-01-18,,,10.0,,,Australia
C7068,Neha,,,Mumbai,,2024-11-10,4582.53,4.0,,,UK
C7069,Simran,,,,,,,,,,
C7070,Pooja,,,Mumbai,2021-09-06,,,10.0,,9894827476,Canada
C7071,Sneha,Female,29,Mumbai,2025-03-07,2022-07-16,221.54,,,,Australia
C7072,Priya,,,,2020-10-06,2024-07-30,,2.0,user7071@mail.com,,India
C7073,Neha,Male,,Chennai,2023-05-18,2022-06-12,,1.0,,,USA
C7074,Sneha,,63,Hyderabad,2025-08-20,2023-11-22,,3.0,user7073@mail.com,,UK
C7075,Rahul,Male,,Kolkata,2025-12-15,,,1.0,,9876011948,Canada
C7076,Sneha,Male,,Bangalore,,,3416.83,,,,
C7077,Kiran,Male,,Pune,2021-12-29,,,,,,Canada
C7078,Priya,Male,,Hyderabad,2024-07-19,2024-07-22,,3.0,,,Canada
C7079,,Male,,Hyderabad,2022-03-15,,,,user7078@mail.com,,Australia
C7080,Amit,Male,,Delhi,2025-05-01,,,,,9194952266,UK
C7081,Sneha,Female,,Hyderabad,,,,,user7080@mail.com,,Australia
C7082,Ravi,Male,,Delhi,,2023-03-06,,,user7081@mail.com,,
C7083,Simran,,37,Pune,,,,,user7082@mail.com,,India
C7084,Kiran,Female,,,,2023-08-19,3397.75,1.0,,,India
C7085,,Male,,Hyderabad,2023-01-09,2025-07-05,1703.69,10.0,,9283467435,
C7086,Ravi,Female,,Chennai,,,,5.0,,,UK
C7087,Pooja,Female,,Delhi,2025-04-27,2022-12-11,,3.0,user7086@mail.com,9649102529,
C7088,Priya,Male,,Mumbai,,2021-01-21,4307.31,4.0,,,
C7089,Neha,,61,Mumbai,,,4554.06,10.0,,,Australia
C7090,Simran,Female,,Bangalore,,,,10.0,,,India
C7091,Ravi,Female,,Bangalore,,2024-10-03,,,,,Canada
C7092,Sneha,,,Pune,,2024-04-20,,3.0,,,Canada
C7093,Pooja,Female,,Delhi,,,,10.0,user7092@mail.com,,Canada
C7094,Rahul,Female,,Delhi,,,,5.0,,,USA
C7095,Pooja,,,Pune,2022-01-08,,,,,,
C7096,Simran,,,Kolkata,,,,10.0,,,
C7097,Rahul,Male,,Pune,,,4844.46,,,9952294313,India
C7098,,,,Bangalore,2023-03-26,,,,user7097@mail.com,,Canada
C7099,Pooja,Male,,Pune,,,,,,,UK
C7100,Rahul,Male,22,Bangalore,,,,10.0,user7099@mail.com,,Canada
C7101,Rahul,,,Bangalore,,,1161.64,,,,
C7102,Pooja,Female,,Pune,2022-12-10,,4115.24,3.0,,9895350025,Canada
C7103,,Female,,,,,,,,,UK
C7104,Amit,Male,,Hyderabad,2025-05-26,,,10.0,user7103@mail.com,9974636046,Australia
C7105,Kiran,Female,,Mumbai,2024-09-26,,,,,,India
C7106,Priya,Female,,Bangalore,2025-04-21,,,,,,India
C7107,Ravi,Female,,Bangalore,2021-03-12,2023-09-19,,,,9151786143,India
C7108,Simran,Female,,Bangalore,2024-11-27,2022-06-14,,10.0,,,
C7109,,Female,,Kolkata,2024-07-01,,,10.0,,,Australia
C7110,Pooja,Male,,Ahmedabad,2024-06-17,,,10.0,user7109@mail.com,9646274272,
C7111,,,,Chennai,2021-03-20,,,1.0,,,Australia
C7112,,Female,,Chennai,2021-08-17,2022-09-26,,,,,
C7113,Ankit,Female,,Mumbai,2025-03-24,,,10.0,,,UK
C7114,Ravi,Male,,Ahmedabad,2024-04-25,,,,,,UK
C7115,Ravi,Female,,Pune,2026-01-12,,,,,9257533195,UK
C7116,,Male,,Bangalore,,,3055.02,10.0,,,UK
C7117,Amit,,40,Pune,2023-03-12,,,,,,UK
C7118,Priya,Female,59,Hyderabad,,2023-02-09,,10.0,,,USA
C7119,,,,Bangalore,,,,,,,UK
C7120,,Female,,Pune,,2021-08-27,3108.96,10.0,,,UK
C7121,,Male,49,Hyderabad,2021-03-07,2020-10-10,3829.75,10.0,user7120@mail.com,9410475150,UK
C7122,Rahul,Male,,Hyderabad,,2022-06-08,,,user7121@mail.com,,UK
C7123,Ankit,,62,Hyderabad,,2023-06-26,,10.0,user7122@mail.com,9355368888,
C7124,Neha,,70,Bangalore,,,217.51,1.0,,9387808719,USA
C7125,,,,Ahmedabad,2021-04-26,2023-04-18,,10.0,,,USA
C7126,Amit,Female,,Bangalore,2020-10-14,,,,,,India
C7127,Sneha,,,Ahmedabad,,2020-10-30,,,user7126@mail.com,,
C7128,Neha,Male,,Hyderabad,2025-10-30,2023-04-04,,3.0,,,UK
C7129,Priya,,24,Delhi,,2021-12-19,,,,,Canada
C7130,Amit,Female,,,,2022-08-04,,10.0,user7129@mail.com,9349084484,Australia
C7131,,Male,37,Bangalore,2023-02-04,,116.16,,,,
C7132,Amit,Male,,Ahmedabad,,,,,user7131@mail.com,,
C7133,Kiran,Female,34,Bangalore,,2022-11-11,,5.0,user7132@mail.com,,Canada
C7134,Rahul,Female,,Delhi,,,1603.53,1.0,,9522811020,USA
C7135,Pooja,Female,,Chennai,2020-10-23,,,10.0,,9602860654,USA
C7136,Priya,,,Ahmedabad,,2022-08-07,,10.0,user7135@mail.com,9909671369,Australia
C7137,,Male,,Ahmedabad,,2023-03-09,,10.0,user7136@mail.com,9903413151,India
C7138,Ankit,,,,2022-01-22,,,2.0,,,India
C7139,Sneha,Male,,Hyderabad,2024-03-22,2025-01-18,,4.0,,,
C7140,Kiran,,,Kolkata,2025-04-06,2025-07-28,,10.0,user7139@mail.com,,Australia
C7141,Rahul,Male,,Chennai,2025-12-11,,,,,,Australia
C7142,Sneha,Male,,Delhi,2023-04-06,,,3.0,,,
C7143,Ravi,Male,,Bangalore,2024-11-07,,4353.01,,user7142@mail.com,9304213037,UK
C7144,Rahul,Male,,Hyderabad,,,,,,,UK
C7145,Priya,Male,,Delhi,,,,10.0,,,Australia
C7146,Simran,,69,,2022-06-15,2023-03-30,,,,,Australia
C7147,Sneha,Female,,Mumbai,2024-02-10,2025-10-25,,1.0,,,Canada
C7148,Amit,Female,61,Hyderabad,,,3589.64,,,,India
C7149,Simran,Female,35,Hyderabad,2025-02-10,,,,,,Australia
C7150,,Male,36,Mumbai,2025-12-01,,,,,9417505279,USA
C7151,Rahul,,,Delhi,,,,10.0,,,
C7152,Pooja,Male,65,Kolkata,,,34.06,,,,Canada
C7153,Pooja,Female,,,2025-06-21,,,1.0,,,Canada
C7154,Neha,,24,Ahmedabad,2023-07-13,2022-02-15,,,user7153@mail.com,,India
C7155,Neha,Female,,Bangalore,,,693.76,4.0,,,UK
C7156,Neha,Female,,Ahmedabad,2025-02-09,,3190.06,1.0,,9881111620,Australia
C7157,,Male,,Pune,2022-09-26,,,10.0,,,Australia
C7158,Simran,Male,20,Mumbai,2024-07-31,2024-03-31,,10.0,,,UK
C7159,Pooja,,,Bangalore,2022-01-03,,433.16,10.0,,,USA
C7160,Amit,Male,32,Chennai,2024-01-27,,2256.46,2.0,,,Canada
C7161,Ankit,Male,57,Ahmedabad,,2025-08-15,,,,,USA
C7162,Priya,Female,,Chennai,,,2987.96,,,,UK
C7163,Neha,Female,28,Pune,2022-06-15,,,,user7162@mail.com,,Canada
C7164,Pooja,,,,2025-06-17,2021-06-15,,,,,Canada
C7165,Simran,Male,,Chennai,2024-07-23,,,10.0,,9192774237,Canada
C7166,Ravi,Female,,Mumbai,,,,5.0,user7165@mail.com,9678898092,Canada
C7167,Priya,Male,,Chennai,2021-11-04,,,,user7166@mail.com,9888486555,India
C7168,Kiran,,,Delhi,,,194.78,5.0,,,UK
C7169,Amit,Male,,Bangalore,2023-12-17,2025-03-15,,,,,Canada
C7170,Ankit,Male,,Kolkata,,,,10.0,,,Australia
C7171,Ankit,Female,,Mumbai,,,,2.0,user7170@mail.com,,Australia
C7172,Ankit,Female,,Bangalore,,,,,,,Australia
C7173,Simran,Male,,Bangalore,,2023-04-08,4437.73,2.0,,9808978084,Australia
C7174,Simran,Male,28,Ahmedabad,,2025-06-22,4172.67,,,,Canada
C7175,,Female,69,Pune,,2023-11-04,,10.0,,,USA
C7176,Sneha,Female,,Pune,,,,,,,USA
C7177,Neha,Female,68,Mumbai,,2025-06-09,,10.0,,,Canada
C7178,,,,Delhi,,,3670.61,,user7177@mail.com,9628476891,UK
C7179,Rahul,Female,,Pune,2024-04-08,2025-12-15,,,,,UK
C7180,Priya,Female,,Mumbai,,,,,user7179@mail.com,,Canada
C7181,Sneha,,63,Kolkata,,2025-09-15,3051.95,3.0,,,Canada
C7182,,,,Mumbai,2023-04-17,,,,,9442559685,USA
C7183,Sneha,Female,,Delhi,,,,,,,
C7184,,Female,,,2022-11-22,2021-01-20,,10.0,,,India
C7185,Neha,Female,,Ahmedabad,,,,2.0,,,UK
C7186,Neha,,,Delhi,,,,,user7185@mail.com,9577879667,
C7187,Neha,Male,,Mumbai,2023-12-29,2023-10-07,3593.4,10.0,user7186@mail.com,,Australia
C7188,Priya,Male,,Ahmedabad,2023-12-11,,,,,,Canada
C7189,Sneha,,,Bangalore,,,1846.46,,,,
C7190,,,,Pune,,2024-06-10,,,,9958960206,
C7191,Ankit,Female,,Ahmedabad,,,,5.0,,,
C7192,Rahul,Male,,Kolkata,2020-08-17,,2670.92,,,,UK
C7193,Kiran,Male,,Hyderabad,,,,2.0,,9366851493,Australia
C7194,Priya,Male,68,Hyderabad,,2025-09-22,,,,,USA
C7195,Amit,,47,Mumbai,,2024-05-26,3771.84,,,9728871909,USA
C7196,Neha,,,Pune,2021-11-04,,,,,9655495539,India
C7197,,Male,,,2023-06-18,2020-11-07,,,,,USA
C7198,,Male,,,2025-06-27,,,,user7197@mail.com,,USA
C7199,Simran,,26,Kolkata,2024-02-21,2023-06-04,2332.76,,,,
C7200,Pooja,Male,47,,,2021-07-08,,,,,Australia
C7201,,Female,,Ahmedabad,2025-06-04,,,,,,Australia
C7202,Rahul,,,Pune,,,,,,9749004343,UK
C7203,Amit,,,Ahmedabad,,,,10.0,user7202@mail.com,,
C7204,,,,Hyderabad,2022-08-26,,1879.69,,,,USA
C7205,Sneha,Female,70,Mumbai,,,,10.0,,9212546316,Canada
C7206,Priya,Female,46,Kolkata,,2023-09-12,,10.0,user7205@mail.com,,Australia
C7207,Amit,Male,,Chennai,,,,,user7206@mail.com,9678301094,India
C7208,Pooja,Male,,Bangalore,,2022-04-07,,,,9572912924,
C7209,Ankit,Female,,Kolkata,,,,10.0,user7208@mail.com,,India
C7210,Pooja,Male,,Mumbai,2025-01-23,,967.07,,,,Australia
C7211,Priya,Female,66,Chennai,,2024-04-02,3718.46,,,,India
C7212,Kiran,Female,,Delhi,2025-09-18,,,10.0,,9531422761,UK
C7213,Kiran,Female,,Bangalore,,2024-03-19,,3.0,,9945951349,Canada
C7214,Pooja,Female,26,,,,65.99,10.0,,,UK
C7215,Amit,Male,50,Hyderabad,,,,4.0,,,Australia
C7216,Ravi,Male,,Hyderabad,2024-08-15,,4535.97,,,,USA
C7217,Pooja,Male,,Pune,,2022-11-24,,,,,UK
C7218,Simran,Male,,Delhi,,2024-03-01,,3.0,user7217@mail.com,,UK
C7219,Pooja,Male,,,,,4331.12,10.0,user7218@mail.com,,Canada
C7220,Pooja,,68,Bangalore,2023-06-06,,,10.0,,,UK
C7221,Pooja,Male,49,Bangalore,2025-07-17,,,,,,UK
C7222,Ravi,,,Chennai,2025-01-31,,,4.0,user7221@mail.com,,Canada
C7223,Ravi,,,Bangalore,,,,,,9747200563,Canada
C7224,Simran,Male,45,Ahmedabad,,,,,,,India
C7225,Pooja,Female,,Delhi,2021-02-01,2023-10-09,,,user7224@mail.com,,Australia
C7226,Amit,Female,,Kolkata,2023-02-28,,,4.0,,9135941323,Australia
C7227,Simran,Male,,Pune,2022-06-14,,,10.0,,,
C7228,Neha,Male,,Chennai,2022-03-10,2021-02-17,2740.93,,,,Australia
C7229,Sneha,Male,30,,,,,10.0,,9932449365,India
C7230,Priya,Male,,Hyderabad,2024-08-20,,,10.0,,,
C7231,Priya,,,,,,,,,9578957504,Canada
C7232,Ankit,Male,36,Mumbai,,,,,,9476606980,USA
C7233,Pooja,Male,,Chennai,2024-03-02,,2718.57,10.0,,,
C7234,Kiran,Female,,Kolkata,,,,,user7233@mail.com,,Australia
C7235,,Male,,Delhi,2020-09-29,,,10.0,,,UK
C7236,Neha,Female,,Kolkata,,,,,,,UK
C7237,Priya,Female,29,,,,,10.0,,9906605882,USA
C7238,Pooja,Female,64,,,,,,user7237@mail.com,9551503626,Australia
C7239,Neha,Female,,Kolkata,2023-07-17,2024-02-08,,,user7238@mail.com,,India
C7240,Ravi,Male,33,Hyderabad,2022-09-15,,,,,,
C7241,Sneha,,,Delhi,,,2272.54,10.0,,,USA
C7242,Sneha,Male,,,2025-06-19,,,,,,Canada
C7243,Simran,Male,,Pune,,,,10.0,,,
C7244,,,33,Chennai,,2024-06-12,,1.0,,,UK
C7245,,,39,Bangalore,2021-12-28,,,,,9670571922,UK
C7246,Priya,,29,Delhi,,,,3.0,user7245@mail.com,9393705123,USA
C7247,Priya,Female,44,Kolkata,,,,10.0,,,
C7248,,Male,,Pune,,,4211.3,10.0,user7247@mail.com,,Canada
C7249,Sneha,Male,,Pune,2025-08-08,2022-01-30,,,,,
C7250,Amit,Male,,Kolkata,,,,10.0,,9432512511,Canada
C7251,Rahul,Male,,Mumbai,2023-11-12,,,10.0,user7250@mail.com,,USA
C7252,Neha,Female,,Pune,,,,3.0,,,USA
C7253,Ravi,Male,,Hyderabad,2025-01-25,,,,user7252@mail.com,,Australia
C7254,Priya,Male,,Ahmedabad,2025-05-15,2021-09-12,,,,,UK
C7255,Simran,Male,,Bangalore,,2023-09-03,1729.14,,,,Australia
C7256,Ankit,Female,,Mumbai,2021-09-15,2022-08-06,2656.38,,,,Australia
C7257,Priya,Male,,Chennai,,,4491.84,,,,Australia
C7258,Pooja,Female,27,,,,,,,,
C7259,Rahul,Male,,Mumbai,,2023-06-11,,5.0,,9126706209,
C7260,,Female,,Chennai,2023-03-15,2025-10-03,,,,,Australia
C7261,Priya,Male,67,Chennai,2020-12-03,,,,user7260@mail.com,9415498383,Canada
C7262,Simran,,67,,2024-02-27,2024-03-15,,,,,India
C7263,Priya,Male,,Kolkata,,,2260.53,10.0,,,USA
C7264,Neha,Male,,Pune,2025-02-11,2023-06-14,,1.0,,,Canada
C7265,Ankit,Male,,Delhi,,2022-06-03,,5.0,,,
C7266,Kiran,Male,,Delhi,2021-02-24,2021-01-01,,,,9120538903,Canada
C7267,Kiran,Female,,Hyderabad,,,,2.0,,,USA
C7268,Sneha,Female,70,Kolkata,,2021-07-18,,10.0,,,USA
C7269,,Male,,Ahmedabad,,,,10.0,,9717754735,USA
C7270,Priya,,,Ahmedabad,,,,10.0,,9754959999,
C7271,Kiran,Male,,Hyderabad,2024-11-14,,,2.0,,,Canada
C7272,Simran,,,Mumbai,,2022-11-18,,10.0,,,Canada
C7273,Pooja,Male,,Chennai,2025-09-06,,192.06,,,,UK
C7274,,Female,,Pune,,2021-10-05,1251.57,,user7273@mail.com,,Australia
C7275,Ravi,,,Bangalore,2023-04-03,,2150.47,,user7274@mail.com,,India
C7276,,,,,2024-04-25,,,,user7275@mail.com,9958823537,USA
C7277,Kiran,Female,32,Hyderabad,2022-11-19,2021-06-09,,10.0,,,Canada
C7278,Ravi,,,Bangalore,2023-01-31,,,,,9625620640,Canada
C7279,Simran,Female,,,,,3675.24,10.0,,,India
C7280,Priya,Female,,Kolkata,2023-12-21,,,,,,USA
C7281,Kiran,,,Pune,,,,,user7280@mail.com,,UK
C7282,,,24,Mumbai,2022-09-09,,27.84,4.0,,,India
C7283,Kiran,Male,,Ahmedabad,2022-07-13,,1928.22,10.0,user7282@mail.com,,
C7284,Ravi,Male,,Delhi,,,3263.46,10.0,,,
C7285,,,36,Mumbai,,2024-03-03,,1.0,,,
C7286,Priya,Female,,Mumbai,,2023-10-20,,,,9439277914,Australia
C7287,Rahul,,,Kolkata,,2021-02-03,,5.0,user7286@mail.com,,Canada
C7288,Ravi,,33,Hyderabad,,,2356.57,,,,Canada
C7289,Pooja,Male,25,Pune,2023-10-03,,,10.0,,,India
C7290,Kiran,Female,,Chennai,2024-11-29,,,,,,USA
C7291,Ankit,Female,,Delhi,2023-05-08,,1159.08,,,,Canada
C7292,Priya,Male,,Kolkata,2025-05-09,,,1.0,,,UK
C7293,Kiran,,,Mumbai,2022-07-23,,,10.0,,,
C7294,,Female,,Hyderabad,,,,5.0,,9150572163,Australia
C7295,Ankit,Male,40,Chennai,,,3107.87,4.0,,9663919461,India
C7296,,Male,18,Mumbai,2021-12-19,,3354.99,3.0,,,
C7297,Simran,Male,,Pune,,,,1.0,user7296@mail.com,,UK
C7298,Pooja,Male,,Ahmedabad,2025-03-30,2022-08-11,4505.37,10.0,user7297@mail.com,,USA
C7299,Kiran,Female,,Ahmedabad,2025-06-16,,,,,,USA
C7300,Simran,Male,,Mumbai,,,4667.07,10.0,,,Canada
C7301,Ankit,,,Hyderabad,2020-12-22,,,1.0,user7300@mail.com,,
C7302,Rahul,,41,Hyderabad,2024-11-28,,,,,9600479627,
C7303,Sneha,,,Hyderabad,2022-10-20,,,,user7302@mail.com,,Australia
C7304,Ravi,Male,,Kolkata,2022-11-13,,1396.23,,,9248537179,
C7305,Sneha,Female,,Ahmedabad,2025-04-03,,,,user7304@mail.com,,Australia
C7306,Rahul,Male,41,Kolkata,2022-07-10,2025-10-19,537.37,,,,Australia
C7307,Pooja,Male,,Kolkata,2024-06-25,2024-09-17,,,,,
C7308,Amit,Female,,Ahmedabad,2024-11-26,,,,,9806537104,
C7309,Rahul,Male,54,Pune,2022-11-17,,,,user7308@mail.com,9211085014,Australia
C7310,Priya,Female,,Bangalore,,,4483.47,,,,Canada
C7311,Ankit,Male,,Pune,,,,,,,USA
C7312,,Male,,Hyderabad,2021-06-05,,3083.46,4.0,,,Canada
C7313,Simran,Male,,Hyderabad,2025-04-20,2025-08-29,,1.0,,,
C7314,Amit,,,Kolkata,,2023-09-26,,,user7313@mail.com,,UK
C7315,Ravi,,,Ahmedabad,,2025-05-09,,,,,UK
C7316,Priya,Female,44,Bangalore,,,4784.93,3.0,,9831952118,
C7317,Simran,Female,,Hyderabad,2024-12-16,2025-02-14,3667.3,,user7316@mail.com,9714614740,Australia
C7318,Simran,Female,,Ahmedabad,2024-12-11,,,,,,India
C7319,Rahul,,23,Delhi,,,,10.0,,,Canada
C7320,Sneha,Female,,Chennai,2024-12-01,,,,,9649299960,India
C7321,,Female,,Pune,2023-03-10,,,,user7320@mail.com,,India
C7322,,Female,,Kolkata,2023-11-19,,14.23,,,,UK
C7323,Pooja,,,Ahmedabad,2020-08-14,,,,user7322@mail.com,,UK
C7324,Simran,Male,,Bangalore,,,,2.0,,,
C7325,Neha,Female,,Mumbai,2020-11-20,,,10.0,user7324@mail.com,,UK
C7326,Priya,Female,,Mumbai,2023-10-29,2025-01-17,3683.76,10.0,,,UK
C7327,,Male,,Chennai,,,,,user7326@mail.com,9886269393,USA
C7328,Sneha,,,Pune,2025-06-12,,,,,,Canada
C7329,,,,Bangalore,2025-07-04,,,,user7328@mail.com,,India
C7330,Amit,,34,Chennai,,,,5.0,,,Canada
C7331,Amit,Female,,Kolkata,2025-12-08,,,,,,India
C7332,Simran,Male,,Delhi,2022-03-29,,4074.61,,user7331@mail.com,,USA
C7333,Ankit,Female,20,,2021-01-28,2024-03-30,,,,,Canada
C7334,Ankit,Female,,Mumbai,2026-01-13,,,10.0,,,India
C7335,Simran,Female,30,Pune,,,771.31,,,,Canada
C7336,Kiran,Male,,Kolkata,2024-02-18,,,,,,
C7337,Simran,,,Mumbai,2021-03-03,,,,,,
C7338,Simran,Female,,Hyderabad,2021-01-16,,,1.0,,9105345100,Canada
C7339,Sneha,Male,27,Bangalore,,2021-03-21,,,,9243824360,
C7340,Ravi,Male,36,Bangalore,,2025-06-11,,,,,UK
C7341,,Female,,Mumbai,,,2630.7,,,,India
C7342,Simran,Female,,Delhi,2024-04-20,,,,,,India
C7343,Pooja,Male,,,2021-06-29,,694.73,2.0,,,UK
C7344,Ankit,Female,,Chennai,,,,,,,Canada
C7345,,Male,,Mumbai,,2020-10-09,,,,,
C7346,Simran,Female,,Kolkata,,2024-05-21,2327.06,,,,USA
C7347,Ankit,Male,,Bangalore,,2024-10-15,,4.0,,,Canada
C7348,Kiran,Male,,Delhi,2021-11-17,2025-03-19,,,,9289495735,India
C7349,Neha,Male,34,Mumbai,2021-08-17,2021-10-02,,,,,UK
C7350,Neha,,65,Pune,2025-11-23,2024-02-10,,10.0,user7349@mail.com,9867741614,India
C7351,Amit,Female,28,Hyderabad,2020-08-17,,,,,,
C7352,Sneha,Male,67,Delhi,,,,,,,UK
C7353,Rahul,Male,,Mumbai,2022-01-28,2021-07-29,,,,,UK
C7354,,Male,,Ahmedabad,,,,,,,USA
C7355,Pooja,,,Hyderabad,,,,10.0,,,UK
C7356,Rahul,,,Mumbai,,2020-12-14,,,,9980787928,Canada
C7357,Priya,Male,57,Bangalore,2023-08-10,2025-11-11,,,user7356@mail.com,,Canada
C7358,Neha,Male,,Kolkata,2025-03-22,,,,user7357@mail.com,,USA
C7359,Priya,Female,,Chennai,,,,,user7358@mail.com,,USA
C7360,Kiran,,34,Pune,,,,4.0,,9972084319,UK
C7361,,,,Ahmedabad,2021-02-04,2022-09-13,,2.0,,,India
C7362,Kiran,Male,,Ahmedabad,2025-05-29,2020-11-06,2027.3,,,,USA
C7363,Kiran,Male,,Ahmedabad,2021-03-19,2023-02-22,,2.0,,9584317526,
C7364,Simran,Female,,Mumbai,,2023-10-05,4184.65,2.0,,,
C7365,Pooja,Male,,Hyderabad,2024-05-08,,,10.0,,,USA
C7366,Priya,,18,Ahmedabad,2026-01-22,,,10.0,,,USA
C7367,,Female,,Delhi,2022-11-27,,,,,,UK
C7368,,Male,,Chennai,2023-11-04,,1567.78,10.0,,,India
C7369,Ankit,Male,30,Bangalore,,,3403.46,10.0,user7368@mail.com,,Canada
C7370,Ankit,,,Chennai,2020-12-07,,,10.0,,9246009062,India
C7371,Ravi,Male,,Ahmedabad,2020-12-22,,,,,9231417293,India
C7372,Priya,,24,Bangalore,,,,5.0,,,USA
C7373,Kiran,Male,,Chennai,,,3923.36,3.0,,9355362705,
C7374,Simran,,,Kolkata,2023-05-01,2025-03-18,,10.0,,9571657894,Canada
C7375,Sneha,Female,,Hyderabad,2021-07-08,,,10.0,,,USA
C7376,,Female,32,Mumbai,,,2915.52,2.0,,,
C7377,Sneha,,,Bangalore,2022-04-11,,,,,9806901620,India
C7378,Ankit,Female,33,Pune,2021-05-05,2025-01-03,,4.0,,,USA
C7379,Ankit,Male,40,Delhi,,,,,,,
C7380,Sneha,,,Pune,,2022-05-10,2849.93,,,,India
C7381,Priya,,,Hyderabad,,,,10.0,,,Australia
C7382,Ravi,,,Bangalore,,,,10.0,,,UK
C7383,Priya,,,Hyderabad,,,,10.0,,,USA
C7384,Neha,,,Delhi,2020-11-24,2022-05-25,3933.05,3.0,,9350552437,USA
C7385,,,39,Chennai,,,,,,,USA
C7386,Ravi,Male,55,,2022-02-05,2021-12-05,,,,,Canada
C7387,Pooja,Female,,Delhi,,2025-03-01,,,user7386@mail.com,,USA
C7388,Sneha,Male,,Kolkata,,2025-05-06,,10.0,,,Canada
C7389,Ankit,Female,,Bangalore,2025-03-11,,,10.0,,9713409225,Australia
C7390,Pooja,,,,,,1731.26,10.0,,,Australia
C7391,Kiran,Male,70,,2023-11-23,,,10.0,,,
C7392,Sneha,,,Kolkata,,,,,,,
C7393,Neha,Male,,Hyderabad,2025-12-17,,,10.0,,9485532142,USA
C7394,Ravi,,63,,,,,,,,USA
C7395,Priya,Female,,Bangalore,,2021-09-03,,5.0,,,India
C7396,Ravi,Male,,Delhi,,,,10.0,,9297752455,India
C7397,Ravi,Female,,Ahmedabad,2021-09-18,,,10.0,,,
C7398,Simran,Female,,Mumbai,2024-06-29,,,,,9152168210,Australia
C7399,Kiran,Female,,Chennai,,2024-04-16,,,user7398@mail.com,,UK
C7400,Rahul,Male,,Hyderabad,,,,,user7399@mail.com,,Canada
C7401,Sneha,,,,2020-09-26,,,10.0,,9186340400,India
C7402,Kiran,Female,,Mumbai,2023-09-30,2025-09-05,,,,,UK
C7403,Ankit,Female,42,Pune,,,,10.0,,9855214134,Canada
C7404,Pooja,Female,26,Pune,2022-03-25,2025-02-20,3509.46,10.0,,,UK
C7405,,Female,,,2025-03-18,,,2.0,,,India
C7406,Amit,Female,,Delhi,,,,10.0,,,UK
C7407,Ankit,Female,,Kolkata,2024-09-30,,2172.8,1.0,,,UK
C7408,Priya,Male,,Kolkata,2022-10-20,,,3.0,,9445025782,Australia
C7409,,Female,,,2021-10-27,,,,user7408@mail.com,,
C7410,Amit,Male,33,Pune,2021-12-13,2022-08-08,3494.93,,,,Canada
C7411,Sneha,,40,Mumbai,,,3381.74,,,,
C7412,Pooja,Female,,Pune,,,2884.77,,,,Australia
C7413,Ankit,Female,,Pune,,2022-01-06,,1.0,user7412@mail.com,,USA
C7414,,,,,,,4238.63,4.0,,9866928949,USA
C7415,Ravi,Male,,,,2020-08-13,,,user7414@mail.com,,Australia
C7416,Priya,Female,,Hyderabad,,,,,,,Australia
C7417,Rahul,,,,2023-09-13,,,1.0,,,Canada
C7418,Simran,Male,,Mumbai,,,,,,,Australia
C7419,Ankit,,,Kolkata,2023-11-14,,,,user7418@mail.com,,Canada
C7420,Simran,,,Hyderabad,2021-10-02,2025-12-18,,3.0,,9723140071,UK
C7421,Priya,Female,,Ahmedabad,,,,,user7420@mail.com,9135383702,USA
C7422,Simran,Male,33,Delhi,,2024-08-26,,,,,USA
C7423,Kiran,,,Kolkata,,,,,,,India
C7424,Simran,Male,,Delhi,2023-07-09,,2428.95,,,,
C7425,Rahul,,,Kolkata,,,,1.0,,9675245373,Canada
C7426,Priya,,,Kolkata,,,,3.0,user7425@mail.com,,
C7427,Pooja,,57,Delhi,2024-04-22,2025-01-19,3442.54,10.0,user7426@mail.com,,USA
C7428,Ankit,Female,66,Pune,2023-12-08,2024-05-31,166.34,,user7427@mail.com,,Canada
C7429,Amit,Female,,,,,,10.0,,,India
C7430,Ravi,Male,,Chennai,2024-09-21,,,,,,
C7431,Amit,,,Kolkata,2025-11-30,,3605.56,3.0,,9737383796,India
C7432,Neha,Female,,Hyderabad,2020-08-08,,,10.0,,,UK
C7433,Rahul,Male,,Bangalore,,,1679.52,,,,Canada
C7434,Ravi,Male,,,2023-01-02,2021-10-13,,1.0,user7433@mail.com,,Canada
C7435,Sneha,,,Chennai,2022-10-23,2020-08-30,,2.0,,,Canada
C7436,,Female,,Kolkata,2022-07-30,,,,,,USA
C7437,,Male,52,,,2023-10-06,,,,,Canada
C7438,Ravi,Female,24,Kolkata,2023-09-09,,,,,,India
C7439,Rahul,Female,,Kolkata,,2021-03-02,3387.6,10.0,,,UK
C7440,Neha,,,Delhi,2022-08-04,2021-01-25,,,,,USA
C7441,Amit,Female,,Chennai,2025-04-11,,,,user7440@mail.com,,Canada
C7442,Amit,,51,,,2023-09-04,1767.86,4.0,,,India
C7443,Kiran,Male,,Mumbai,,,4925.23,,,,Australia
C7444,Rahul,Female,30,Delhi,,2023-10-25,,10.0,,,Australia
C7445,Simran,,,Kolkata,,2021-12-27,,,,,Australia
C7446,,Female,,Bangalore,2022-08-03,2023-03-28,,1.0,user7445@mail.com,9882730470,USA
C7447,Amit,,,Pune,,,4143.3,,user7446@mail.com,,Australia
C7448,Rahul,Female,,Pune,,2023-11-27,,3.0,,,Australia
C7449,Ankit,Female,,Ahmedabad,2023-08-09,,,,user7448@mail.com,9902624279,Australia
C7450,Sneha,Male,,Delhi,2023-04-21,2020-12-23,,10.0,,9995457757,India
C7451,Ankit,Male,28,Mumbai,2024-01-06,,227.54,,user7450@mail.com,,Canada
C7452,Kiran,Male,,Hyderabad,2023-06-10,,,10.0,,9770800931,India
C7453,Kiran,,,Bangalore,2022-07-31,,,1.0,,,Canada
C7454,Sneha,,,Pune,2023-06-24,,,,,,India
C7455,Sneha,Female,,,2023-07-19,,,,user7454@mail.com,,India
C7456,Kiran,Female,,Ahmedabad,,,,1.0,,9421275283,USA
C7457,Neha,,,Pune,2022-01-08,,,,,,India
C7458,Sneha,Female,,,2021-08-03,,,,,,USA
C7459,Neha,Male,,Kolkata,2022-01-23,,,,,,India
C7460,Ankit,Male,31,Delhi,,,,3.0,,,USA
C7461,Simran,Female,,Ahmedabad,2023-06-11,,,5.0,,,USA
C7462,,Male,,Kolkata,2020-08-21,,,,,,USA
C7463,Ravi,Female,,Hyderabad,,,,,,,Australia
C7464,Pooja,Female,22,Mumbai,2021-09-02,,,,,9871008811,Canada
C7465,Sneha,,,Chennai,2025-06-30,2023-12-12,,,user7464@mail.com,,UK
C7466,Priya,,,Ahmedabad,,2023-12-12,,,,,
C7467,Sneha,,,Bangalore,,2025-07-10,847.57,,,,
C7468,Amit,Female,26,Hyderabad,,,,,,,Australia
C7469,Priya,Male,,Hyderabad,2024-06-30,,,,,,USA
C7470,Simran,Female,,Bangalore,,,,10.0,,9839028567,UK
C7471,Priya,,,Kolkata,2020-08-27,2022-09-13,,1.0,user7470@mail.com,9878820249,
C7472,Kiran,,,Ahmedabad,,2022-12-27,,4.0,,,Australia
C7473,,Male,,Kolkata,2024-09-17,2023-01-01,,10.0,,,India
C7474,Simran,Female,,,2024-08-10,,3556.94,10.0,,9131011737,
C7475,Pooja,,,,,2025-07-07,,10.0,,,Australia
C7476,Neha,,,Bangalore,2021-09-13,2025-01-24,,5.0,,9558260971,
C7477,,Male,25,Delhi,2023-03-02,2024-07-23,,,,,Australia
C7478,Simran,Female,,Delhi,2022-05-11,,,,user7477@mail.com,9949444728,Australia
C7479,,,,Kolkata,2020-10-21,,2934.77,,user7478@mail.com,,USA
C7480,Neha,Male,41,Bangalore,2022-12-10,,424.93,10.0,user7479@mail.com,9799652948,Canada
C7481,Simran,,46,Chennai,,,,,user7480@mail.com,9175375941,
C7482,Simran,Male,,,,,2659.12,10.0,,9919840482,USA
C7483,,Male,22,Bangalore,,2020-12-26,2080.67,10.0,user7482@mail.com,,Canada
C7484,Simran,Female,,Chennai,,2021-02-09,,10.0,,,India
C7485,Priya,Male,42,Ahmedabad,2025-10-28,,,1.0,,,USA
C7486,Neha,Male,,Kolkata,,2025-03-07,,2.0,user7485@mail.com,,Australia
C7487,Ravi,Female,,Ahmedabad,,,,10.0,,9765758744,India
C7488,Amit,Female,,Kolkata,2023-07-08,,,10.0,,,UK
C7489,Pooja,Female,,Chennai,2023-05-18,2024-05-15,,,,9739545982,UK
C7490,Rahul,Male,26,Pune,,,1635.71,3.0,,,Australia
C7491,Priya,Female,,Bangalore,,,,,,,UK
C7492,Neha,Female,50,Kolkata,,,4646.04,3.0,user7491@mail.com,9280541659,Canada
C7493,Amit,,68,,,,4693.47,10.0,,,
C7494,Pooja,,,Kolkata,,,,,user7493@mail.com,,UK
C7495,,,,Hyderabad,,,,,,,UK
C7496,Kiran,Female,,Delhi,,,,,user7495@mail.com,,Australia
C7497,Priya,Female,,Hyderabad,,,,,,,Canada
C7498,Kiran,Female,,Pune,,,2435.62,,,9465199068,UK
C7499,Ankit,Male,61,Bangalore,,,4460.33,,,,USA
C7500,Amit,Male,,Delhi,2023-08-18,,,,,,
C7501,Ravi,Male,,Hyderabad,2025-01-30,,,,,,USA
C7502,Neha,,,Hyderabad,2024-12-22,,,1.0,,,India
C7503,Amit,Male,,Pune,,,,,user7502@mail.com,9121520038,
C7504,Simran,,,,,,,10.0,user7503@mail.com,,Canada
C7505,Pooja,Female,,Kolkata,,,,10.0,,,
C7506,Kiran,,,Bangalore,2023-12-11,,,3.0,,,Canada
C7507,Pooja,,24,Bangalore,2025-02-03,2025-02-04,,,,9171445885,India
C7508,Amit,Male,,Hyderabad,2025-06-25,,,10.0,user7507@mail.com,9916395784,USA
C7509,,Male,,Mumbai,,2021-11-11,,10.0,user7508@mail.com,,UK
C7510,Simran,,,Pune,,,,,user7509@mail.com,,Australia
C7511,Rahul,,,Hyderabad,2022-11-26,,2236.59,,,,Canada
C7512,Rahul,Male,,Chennai,2025-07-15,2021-08-01,,2.0,,9703066505,India
C7513,Rahul,Male,,Mumbai,2022-01-31,,,,,,UK
C7514,,,,Kolkata,,,,10.0,,,
C7515,Ankit,,,Pune,2025-06-01,,,1.0,,,
C7516,Pooja,Female,,Mumbai,,2022-10-29,,,,,India
C7517,,Female,,Hyderabad,2025-05-14,,,,,9526252555,Canada
C7518,Amit,,50,Kolkata,2021-04-28,,,3.0,,,India
C7519,,,,Chennai,,,1254.19,,user7518@mail.com,,USA
C7520,Amit,Male,,Hyderabad,2022-10-25,,,10.0,,9638418658,Australia
C7521,Pooja,Male,,Chennai,2021-09-04,,,10.0,,9686300912,Australia
C7522,Priya,,,Hyderabad,,,,4.0,,,Canada
C7523,Rahul,Male,,Chennai,2023-04-10,,,5.0,,,Australia
C7524,Rahul,,,,2021-02-13,2021-03-24,,10.0,,,USA
C7525,Simran,Female,31,Delhi,,,,10.0,,,
C7526,Simran,Female,,Pune,,,,,,,
C7527,Rahul,Male,40,Bangalore,,,,10.0,,9698046410,
C7528,Ankit,Female,,Ahmedabad,,,,1.0,,,USA
C7529,Ravi,,,Chennai,2025-03-12,,,,user7528@mail.com,9612539657,Australia
C7530,Rahul,Female,,Hyderabad,2023-03-06,,,,user7529@mail.com,,Australia
C7531,,Male,,,,2022-05-22,,,,,UK
C7532,Pooja,Male,,Chennai,,2025-06-30,,,user7531@mail.com,,USA
C7533,Ankit,Female,42,Ahmedabad,,2023-04-21,,,user7532@mail.com,,UK
C7534,Kiran,Male,,Hyderabad,2024-07-19,,,1.0,user7533@mail.com,,Australia
C7535,Sneha,Male,,,2022-06-28,,4533.25,,user7534@mail.com,9420243150,UK
C7536,Amit,,37,Mumbai,,,,4.0,,,Canada
C7537,Ravi,,,,2022-06-11,,,,user7536@mail.com,,UK
C7538,Pooja,Female,49,Pune,,2025-01-26,,,,,USA
C7539,Rahul,Female,29,Bangalore,,,,10.0,,,Canada
C7540,Kiran,Female,,Kolkata,2023-11-15,,282.25,4.0,,,Australia
C7541,,,64,Delhi,2025-07-03,,3639.0,,,9730538698,Canada
C7542,,Female,,Ahmedabad,2023-10-08,2023-08-22,,10.0,user7541@mail.com,9392428675,Canada
C7543,Pooja,,,Mumbai,2024-06-10,2023-06-27,,,user7542@mail.com,,USA
C7544,,Female,,,,2022-09-25,3931.0,,,9831608928,UK
C7545,Neha,Female,,Mumbai,2024-09-09,2021-12-15,,10.0,,,Australia
C7546,Neha,Female,27,Chennai,,2021-08-18,,10.0,,,USA
C7547,Priya,,43,Delhi,2024-09-11,2023-05-31,,,,,
C7548,Simran,Female,,Hyderabad,2023-07-17,2025-03-11,1865.85,,,,
C7549,Kiran,,,Ahmedabad,2021-06-30,2025-11-07,2493.37,,,9479698604,India
C7550,Pooja,Female,,Hyderabad,2021-03-22,,,10.0,user7549@mail.com,9388237747,Canada
C7551,Pooja,,,Hyderabad,,,,,user7550@mail.com,9976955347,India
C7552,Simran,Male,,Bangalore,,2025-02-10,,10.0,,,Canada
C7553,,Male,,Mumbai,2020-09-10,,,10.0,,9339693467,Canada
C7554,Pooja,Male,,Delhi,2025-11-24,2025-08-18,,10.0,,,Australia
C7555,Simran,Female,,Mumbai,2025-05-22,,,10.0,,,India
C7556,Amit,Female,18,,2021-02-07,,2632.9,10.0,,9462491217,
C7557,Priya,,,Ahmedabad,,,,5.0,user7556@mail.com,,
C7558,Simran,Male,69,Pune,2025-07-28,,,2.0,,,
C7559,Priya,Male,,Pune,2020-10-06,2024-10-10,557.46,5.0,user7558@mail.com,,Australia
C7560,Priya,Female,24,Bangalore,,,3023.03,4.0,user7559@mail.com,,UK
C7561,Neha,Female,,Pune,2023-12-11,2022-12-26,712.81,2.0,,,UK
C7562,,,,Hyderabad,,,,,,,UK
C7563,Priya,Male,,Mumbai,,,,,,,Australia
C7564,Ravi,Male,,Mumbai,2024-06-22,2023-12-21,,10.0,,,Canada
C7565,Neha,Female,,Ahmedabad,,2025-08-01,3370.62,3.0,user7564@mail.com,,India
C7566,Sneha,Female,,Delhi,2024-03-10,,,,,9779752379,USA
C7567,Simran,Male,70,Delhi,2020-08-22,,,,,9536753944,USA
C7568,,Female,21,Chennai,2025-12-21,,,2.0,,,Australia
C7569,Ankit,Male,60,Bangalore,2025-02-17,,3944.42,,,,UK
C7570,Ankit,,,Chennai,2023-10-17,,,5.0,user7569@mail.com,,Canada
C7571,Ankit,Male,,,2021-11-10,2022-01-07,232.0,,,,Australia
C7572,Pooja,,29,,,2022-05-12,,5.0,,,
C7573,,Female,39,Chennai,,2021-12-23,3593.7,,,,USA
C7574,Amit,,66,Delhi,2025-10-19,,,10.0,,9114022836,Canada
C7575,Amit,Female,,Mumbai,2022-05-29,,,,user7574@mail.com,,UK
C7576,Neha,Male,19,Delhi,2021-10-13,,688.05,,,,UK
C7577,Priya,,,Delhi,,,,5.0,,,Australia
C7578,Neha,,68,Kolkata,,,4827.23,,user7577@mail.com,,
C7579,Ravi,Female,68,Delhi,2025-02-06,,,,,,
C7580,Kiran,Male,,Delhi,2021-07-28,,,,,9832239208,Australia
C7581,Ankit,Male,,Kolkata,,,1615.42,,,,Canada
C7582,Pooja,Male,,Pune,2022-01-19,,,,,,USA
C7583,Priya,Male,60,Pune,,,,10.0,,,Australia
C7584,Neha,Female,52,,2020-10-06,2025-02-22,,,,,
C7585,Sneha,Male,37,Pune,,,,,,,Australia
C7586,Pooja,Female,22,Hyderabad,2025-01-28,,,5.0,user7585@mail.com,,UK
C7587,Pooja,,34,Bangalore,,,2726.97,1.0,,,
C7588,Ankit,Female,,Ahmedabad,2024-06-11,2023-09-16,,,,,India
C7589,Sneha,Female,,Chennai,,,,,,,UK
C7590,,,,Kolkata,,,,10.0,,,Australia
C7591,Priya,Female,,Pune,,,,,,,India
C7592,,Male,,,,,,3.0,,,USA
C7593,Pooja,Male,69,Kolkata,2025-09-24,2025-02-07,,,,,Canada
C7594,Priya,Male,,Chennai,2025-01-11,2025-06-25,,10.0,,,UK
C7595,Sneha,Male,41,Hyderabad,,2021-10-07,,,user7594@mail.com,,India
C7596,Sneha,,,Bangalore,,2021-03-24,,,,9654574603,Canada
C7597,Ankit,Male,69,Mumbai,,,,4.0,,,
C7598,Sneha,Female,,,2025-05-07,,,2.0,,,Australia
C7599,Sneha,Female,,Hyderabad,,2020-12-30,,10.0,,,UK
C7600,Priya,,,Kolkata,2025-06-07,2023-12-10,,1.0,,,Canada
C7601,Rahul,,32,Delhi,,,,,,9359431549,
C7602,Sneha,Male,,Chennai,,2025-03-23,,,,,USA
C7603,Rahul,,41,Bangalore,,,2319.16,,user7602@mail.com,9778459638,USA
C7604,Sneha,Male,,Mumbai,2025-09-30,,,10.0,,,UK
C7605,,Female,,Kolkata,2020-11-10,2025-06-28,,,user7604@mail.com,,UK
C7606,,Male,,Mumbai,,,3279.26,,,,USA
C7607,Ankit,Female,,Mumbai,2024-04-08,,,10.0,,9646066161,Australia
C7608,Priya,Female,,Bangalore,,,,3.0,user7607@mail.com,,India
C7609,Kiran,,,,,,,,,9855953877,Canada
C7610,Kiran,Male,,Hyderabad,,,1888.24,3.0,user7609@mail.com,,UK
C7611,Ankit,Male,58,Kolkata,2023-08-17,,,10.0,,9346988775,USA
C7612,Simran,Male,,Kolkata,2025-02-21,2025-08-19,,5.0,,9254971510,USA
C7613,Sneha,,,Kolkata,,,,,,,Australia
C7614,Sneha,Male,,Delhi,2024-09-02,2020-08-13,,,,9385997769,UK
C7615,Ankit,Female,,Bangalore,,,,10.0,,,India
C7616,Kiran,Female,20,Delhi,2025-04-09,2022-04-18,,,user7615@mail.com,,Canada
C7617,Kiran,Female,,Pune,2020-08-22,,,3.0,user7616@mail.com,9718395727,UK
C7618,Ravi,Male,,Chennai,,,,,,,
C7619,Sneha,Female,47,Pune,,2021-04-03,,,,,
C7620,Simran,Male,55,Delhi,2024-11-05,2024-04-21,,,,,Canada
C7621,Amit,Male,,Ahmedabad,2024-11-04,,,,,9447948682,Canada
C7622,,Female,,Delhi,,,,10.0,user7621@mail.com,,USA
C7623,Kiran,,,Pune,,,,1.0,user7622@mail.com,,
C7624,Simran,Female,,Mumbai,,,,1.0,,9695602887,USA
C7625,Pooja,,,Kolkata,,,155.61,,,,India
C7626,Sneha,Male,,Pune,,2022-10-06,3572.57,10.0,,,Canada
C7627,Ravi,Female,58,Pune,,,3189.34,10.0,,,
C7628,Pooja,Male,60,Ahmedabad,2022-09-21,2023-12-04,,,user7627@mail.com,9896961919,USA
C7629,,Male,59,Hyderabad,2025-11-08,,1567.83,3.0,,,India
C7630,Sneha,Male,,,2023-09-02,2025-10-30,,10.0,user7629@mail.com,,
C7631,Ravi,Male,,Ahmedabad,,,,,,9114548847,Canada
C7632,Pooja,Female,,,,,1048.41,,,,Australia
C7633,,Male,,Kolkata,,,,,user7632@mail.com,,USA
C7634,Kiran,,,Chennai,2022-03-15,,3463.16,,,,UK
C7635,,Male,,Hyderabad,,2022-09-11,,,,,USA
C7636,,,,Delhi,2024-09-20,,2341.55,10.0,,,Australia
C7637,Amit,Female,63,Bangalore,2021-01-07,2022-09-20,,,user7636@mail.com,,India
C7638,Amit,,,Pune,,,,10.0,,,USA
C7639,Amit,Female,,Chennai,2024-08-09,,540.51,3.0,user7638@mail.com,,Canada
C7640,Amit,Male,,Kolkata,2021-10-23,,,5.0,,,Canada
C7641,,Male,,Hyderabad,2021-11-19,,2460.65,,,,Australia
C7642,,Female,23,Bangalore,,,,,,,
C7643,Rahul,Female,50,,,,,,,,UK
C7644,Amit,,,Ahmedabad,,,,10.0,,,Canada
C7645,,Female,,Mumbai,,2022-01-23,,1.0,,,USA
C7646,,Female,,Pune,,,74.67,,,,
C7647,,Male,20,Ahmedabad,2025-04-19,,,,user7646@mail.com,,UK
C7648,Neha,Female,,Hyderabad,2025-01-30,2021-05-22,,4.0,,9196618174,
C7649,Ankit,Male,,Chennai,,,,,,,USA
C7650,Neha,Female,,Ahmedabad,2020-10-29,,2074.43,4.0,,9550821919,Australia
C7651,Neha,Female,56,Delhi,2024-09-14,,,10.0,,,Australia
C7652,Sneha,Male,,Ahmedabad,,2025-04-22,,,,,
C7653,Sneha,Female,,Hyderabad,,,,,,9665254579,Canada
C7654,Amit,,,Delhi,,2022-07-30,,,,,
C7655,Sneha,Male,,Mumbai,,,,10.0,user7654@mail.com,,UK
C7656,Neha,Female,51,Hyderabad,,,,,,,USA
C7657,Neha,Male,,Kolkata,,2022-09-11,,3.0,,,
C7658,Pooja,Female,50,Mumbai,2024-01-02,,,1.0,,,USA
C7659,,Male,,Hyderabad,2023-06-24,2020-11-21,,10.0,,,UK
C7660,Sneha,Female,,Hyderabad,,2024-03-29,,10.0,user7659@mail.com,,USA
C7661,Ankit,Female,,Hyderabad,,2022-07-28,,2.0,,,UK
C7662,Ravi,Female,,Delhi,,,,2.0,user7661@mail.com,,UK
C7663,Priya,Male,,Hyderabad,2024-02-29,2024-02-24,,5.0,,,USA
C7664,Amit,Female,,Chennai,,,,,,,
C7665,Ankit,Male,,Chennai,,2023-09-24,1182.08,10.0,,,USA
C7666,Ankit,,,Kolkata,2022-05-19,2023-04-12,721.58,,user7665@mail.com,,Canada
C7667,Rahul,Female,,Kolkata,2025-12-19,,,10.0,user7666@mail.com,,
C7668,Ravi,Female,,Delhi,2021-03-07,,,,user7667@mail.com,9589872330,India
C7669,Amit,Male,,Kolkata,2022-08-09,,,2.0,,9614243082,USA
C7670,Sneha,Female,45,Kolkata,2021-05-05,,,10.0,,,USA
C7671,Pooja,Male,,Hyderabad,2021-04-21,,,3.0,,,
C7672,Kiran,Male,,,2020-09-01,,,,,,Australia
C7673,Priya,Male,31,Pune,,2024-10-24,,,,,India
C7674,Sneha,Female,,Ahmedabad,2023-11-08,,,,user7673@mail.com,9264685155,India
C7675,Kiran,Male,,,2022-10-26,,3293.21,10.0,,9795495885,Canada
C7676,Ravi,Male,,Chennai,,,,5.0,,,UK
C7677,Simran,,,Chennai,,2024-05-23,,,,,Canada
C7678,Rahul,Female,65,,,,,4.0,user7677@mail.com,,
C7679,,Male,,Pune,2023-01-19,,,10.0,,,USA
C7680,Neha,Male,25,Ahmedabad,2023-10-28,2026-01-20,,,,,Australia
C7681,Pooja,Male,,Ahmedabad,2023-04-02,,2330.94,10.0,,,USA
C7682,Neha,Female,,Chennai,2021-05-29,,,,,9768051282,USA
C7683,Rahul,,,,2022-07-24,,,10.0,user7682@mail.com,9547744839,Australia
C7684,Neha,Female,,Chennai,,,2069.75,5.0,,,USA
C7685,,Male,68,Delhi,2020-10-26,2024-04-28,1863.98,10.0,user7684@mail.com,,Australia
C7686,Kiran,,,Bangalore,,,,5.0,,,USA
C7687,Pooja,Female,38,Mumbai,2022-03-15,,,,user7686@mail.com,,India
C7688,Amit,,,,,,,,user7687@mail.com,,UK
C7689,Neha,,64,,2023-03-27,,,3.0,,,USA
C7690,Ravi,Female,32,,2022-03-28,,890.23,,user7689@mail.com,,Canada
C7691,Pooja,Female,,Kolkata,,,4936.65,1.0,,,
C7692,,,,Bangalore,,,,10.0,user7691@mail.com,,
C7693,,Male,,Ahmedabad,,2023-07-17,,10.0,user7692@mail.com,,
C7694,Priya,Male,27,Ahmedabad,2024-02-20,2024-02-14,,2.0,,9434030957,India
C7695,Priya,Male,,Delhi,,2022-06-30,,,,9793517584,USA
C7696,,Male,44,Bangalore,,,,,,9409878197,
C7697,Rahul,Female,,Pune,,,,10.0,,,India
C7698,Rahul,Male,,Chennai,,2020-08-17,,,,,UK
C7699,Priya,Male,,Mumbai,2023-11-28,2023-05-12,,,,,Australia
C7700,Kiran,Female,,Mumbai,,,,10.0,,,Canada
C7701,Ankit,Female,,Delhi,,,,10.0,,,UK
C7702,Sneha,Female,,Bangalore,,2022-05-07,3116.49,,,9589392834,India
C7703,Simran,Female,,Bangalore,2025-12-12,,,5.0,,,UK
C7704,Rahul,Male,,Mumbai,2025-04-20,2023-03-29,,,,,India
C7705,Amit,Male,,,2024-05-26,2025-06-25,4193.19,3.0,user7704@mail.com,,India
C7706,Amit,Female,,Bangalore,2025-02-11,2025-03-03,,10.0,,,India
C7707,Kiran,Male,59,Hyderabad,,,,5.0,,,
C7708,Priya,Male,,Hyderabad,2023-06-29,,,2.0,,9501322605,USA
C7709,,,,Pune,,,,10.0,,,USA
C7710,Amit,Male,54,Hyderabad,,2023-07-13,,10.0,,,
C7711,,Male,,Pune,2025-08-11,2021-01-04,,,,9765820759,
C7712,Ravi,Male,,Chennai,2024-06-19,,,,,9519136082,India
C7713,Priya,,32,Delhi,2025-09-03,,3327.34,,,9901216016,Australia
C7714,Ankit,Female,,Kolkata,,2023-08-21,,5.0,,9287871367,India
C7715,Priya,Male,,Hyderabad,,,4735.25,,user7714@mail.com,,India
C7716,Rahul,Female,,Hyderabad,,,,,,,USA
C7717,,Male,52,,,,,10.0,,,USA
C7718,Simran,Female,,Kolkata,2020-09-08,,,,user7717@mail.com,9933741905,Australia
C7719,Neha,Male,,Ahmedabad,,2022-08-06,,,,,Australia
C7720,,Female,,,2021-04-07,2022-10-18,4625.34,,,,
C7721,Rahul,Female,,Hyderabad,2024-09-27,,1359.29,,user7720@mail.com,,
C7722,Sneha,Male,,,,2020-09-01,,,,,Canada
C7723,Priya,,56,Hyderabad,2022-06-24,2025-12-22,3456.32,1.0,,9524862644,
C7724,Kiran,Female,,Hyderabad,,,4607.78,,,9192492454,UK
C7725,Kiran,,55,,2021-10-03,,,1.0,,,USA
C7726,Ankit,Female,,Ahmedabad,,,,1.0,,,Australia
C7727,Kiran,Male,43,Hyderabad,2025-02-11,2023-05-13,,10.0,,,
C7728,Rahul,Female,,Ahmedabad,,,,1.0,,,India
C7729,Ravi,Male,,,2023-10-04,2022-02-14,,10.0,,,India
C7730,Sneha,Female,,Kolkata,2023-04-25,2025-04-18,,,user7729@mail.com,,
C7731,Sneha,,41,Hyderabad,2022-12-08,,2573.35,,,9192093926,Australia
C7732,Ankit,Female,,Pune,,,,10.0,,,USA
C7733,Ravi,Male,64,Kolkata,2024-11-09,2025-05-07,,,,,Canada
C7734,Rahul,Male,,Hyderabad,2021-06-27,2024-01-26,,,,,Canada
C7735,Amit,,,Kolkata,2024-08-08,,,10.0,user7734@mail.com,,Australia
C7736,Neha,,,Pune,2021-08-05,2022-10-22,,,,,Australia
C7737,Ankit,,,Bangalore,,,2590.97,,,9203562046,
C7738,,,,Ahmedabad,,2024-11-23,542.41,4.0,,,Australia
C7739,,,,Pune,,2023-01-25,,1.0,,,Canada
C7740,Kiran,Female,,Bangalore,2023-03-03,,,1.0,user7739@mail.com,,
C7741,Simran,Female,,Ahmedabad,2024-07-18,,,,,9383768744,UK
C7742,Kiran,,,Ahmedabad,2022-05-26,,,2.0,,9900778891,USA
C7743,Sneha,,,Chennai,,,,,,,
C7744,Amit,,70,Bangalore,2022-10-08,,,3.0,user7743@mail.com,,
C7745,Sneha,Male,,Delhi,2021-02-27,2024-05-21,,4.0,,9519356836,UK
C7746,,,,Kolkata,,,1321.67,10.0,,9675682916,Canada
C7747,Pooja,Male,39,,,,,10.0,user7746@mail.com,,Australia
C7748,Pooja,Female,,,2024-10-10,,,,,9479781883,USA
C7749,Pooja,,,Bangalore,,,,,,,Canada
C7750,Sneha,,,Pune,2022-11-15,,3332.78,,,,Australia
C7751,Sneha,,,Mumbai,,,,,,9342443572,
C7752,Kiran,Female,25,Hyderabad,,,3927.37,10.0,user7751@mail.com,,India
C7753,Ankit,Female,,Kolkata,2024-03-10,2025-11-27,,10.0,,,Canada
C7754,Sneha,Male,,Pune,2023-09-27,,,10.0,,,Canada
C7755,Simran,,,Mumbai,,,,,,9208587993,India
C7756,Sneha,Female,49,Chennai,,2023-12-26,,,,,Canada
C7757,,Male,,Mumbai,2022-06-29,,428.94,10.0,,9551314015,UK
C7758,Sneha,Female,,Mumbai,,,4042.4,5.0,user7757@mail.com,,India
C7759,Amit,Male,59,Delhi,2023-07-03,,,,user7758@mail.com,9477594942,Australia
C7760,Sneha,,,Kolkata,2024-06-15,,,1.0,,,USA
C7761,Sneha,,,Pune,,,,10.0,,9257314842,India
C7762,Simran,Male,,,2023-05-10,,,,,,India
C7763,Sneha,,61,Pune,,,,,user7762@mail.com,,
C7764,Amit,Male,,Chennai,2022-11-08,2022-12-09,,10.0,,,USA
C7765,Pooja,Female,32,Bangalore,,2025-06-07,,10.0,,,USA
C7766,,,,,,,,,,,UK
C7767,Priya,,,Chennai,,2021-03-25,,10.0,,9573003374,Australia
C7768,Neha,,,Mumbai,2026-01-03,2023-06-20,,,user7767@mail.com,,Australia
C7769,Neha,Female,,Mumbai,,2023-09-03,,10.0,,,Australia
C7770,,Male,,Ahmedabad,,2023-10-12,,10.0,,9610041123,UK
C7771,Priya,,,Hyderabad,2025-03-04,2021-06-09,,,user7770@mail.com,9620335689,Australia
C7772,Ravi,Male,,Mumbai,2023-04-28,,2037.22,10.0,user7771@mail.com,,Canada
C7773,Priya,Male,,,,,,,,,Canada
C7774,Sneha,Female,,Ahmedabad,2023-05-21,2022-11-08,,10.0,,9826459309,India
C7775,Kiran,Male,,Pune,,,4501.47,,user7774@mail.com,9991117368,
C7776,Ravi,Male,,,2024-07-19,2023-08-18,,,,,India
C7777,Neha,Male,,Mumbai,2021-06-22,,,10.0,user7776@mail.com,,
C7778,,Female,,Bangalore,,2024-03-29,,,,,UK
C7779,Pooja,Female,,Ahmedabad,,2026-01-10,,4.0,,,India
C7780,Ankit,Female,,Hyderabad,2022-11-19,2020-08-06,,,,,UK
C7781,Ravi,Female,22,Bangalore,2025-12-22,,,,,,USA
C7782,Sneha,Female,53,Kolkata,,,3709.82,10.0,,9249457569,India
C7783,Pooja,Male,,Chennai,2024-07-29,2025-07-27,,5.0,,9564459016,UK
C7784,Ravi,Male,27,Chennai,,,,,user7783@mail.com,,Canada
C7785,Ankit,Male,,Hyderabad,2024-02-18,,,4.0,user7784@mail.com,9557818801,UK
C7786,Neha,,,Hyderabad,2021-12-06,2023-03-19,,,user7785@mail.com,,USA
C7787,Sneha,Female,,Chennai,2023-06-15,2024-03-30,,,,,India
C7788,Priya,,,Bangalore,2024-06-23,2024-03-29,,10.0,,,India
C7789,Ravi,Male,,Ahmedabad,,2025-05-27,4879.97,3.0,,,Australia
C7790,Rahul,,,,2021-08-19,2023-12-05,,10.0,,,
C7791,Neha,Female,,Ahmedabad,2025-05-14,2025-01-22,,3.0,,,Canada
C7792,Amit,Female,,Mumbai,,,,,user7791@mail.com,,UK
C7793,Sneha,Female,,Mumbai,2021-01-05,2021-09-09,,,,,India
C7794,Sneha,Male,55,Bangalore,2025-12-02,,1770.94,,user7793@mail.com,,India
C7795,Priya,Female,,Pune,,2022-07-16,4624.76,3.0,,,UK
C7796,Kiran,,,Hyderabad,,2024-02-23,,,,,UK
C7797,Pooja,Female,,Pune,2023-04-14,,1013.28,10.0,,,Australia
C7798,Sneha,Male,,Kolkata,2021-02-22,,,4.0,,,Australia
C7799,Neha,Male,,Hyderabad,,,,1.0,user7798@mail.com,,India
C7800,Priya,Male,,Kolkata,2025-05-23,,299.69,,,,UK
C7801,Ravi,Female,,Ahmedabad,2023-04-06,,,,,,India
C7802,Rahul,Male,,Bangalore,2021-03-02,,570.42,,,,India
C7803,Amit,Female,55,Pune,2023-02-22,,,,,,India
C7804,Sneha,Female,,Bangalore,2020-12-03,2023-10-24,4632.62,2.0,,,India
C7805,Rahul,Female,,Ahmedabad,,2023-08-07,,,,,Australia
C7806,Ravi,,,Bangalore,,,,2.0,,,UK
C7807,Simran,Female,,Bangalore,2024-07-02,2021-07-14,1042.67,4.0,,,
C7808,Kiran,,44,Delhi,2024-10-06,,,,,,
C7809,Simran,Female,,,,2021-08-05,,,user7808@mail.com,9683780977,
C7810,,Female,,Bangalore,2022-10-23,,,,user7809@mail.com,9786184951,
C7811,Ankit,Male,,,2022-02-24,,,5.0,user7810@mail.com,,UK
C7812,,Female,,Chennai,2021-08-05,2020-12-01,4334.9,3.0,,,
C7813,,Male,,Mumbai,2022-01-31,,3612.39,,,,India
C7814,Pooja,Male,,Delhi,2022-09-20,2024-06-14,3112.45,,,9747355117,Australia
C7815,Amit,,44,Bangalore,,,,1.0,,,Canada
C7816,,Female,20,Mumbai,,2023-10-17,,10.0,,,UK
C7817,Simran,Female,,Delhi,2020-12-31,,,4.0,,,India
C7818,Amit,Male,,Chennai,,,,,,,
C7819,Amit,Male,33,Chennai,2022-12-07,2026-01-02,,10.0,,,India
C7820,Simran,,22,,2024-07-09,2023-06-24,3402.28,,,9693474211,Australia
C7821,Priya,Female,,Chennai,,,,,,,India
C7822,Kiran,Male,,Delhi,,2023-02-02,,,,,Canada
C7823,Amit,,,Mumbai,,,2623.97,10.0,user7822@mail.com,,Canada
C7824,Kiran,,33,Delhi,2021-03-23,,,,,,USA
C7825,,Female,,,2025-12-31,,537.54,10.0,,9934548576,Australia
C7826,,Male,,Delhi,2021-06-25,2023-08-10,3982.73,2.0,,,
C7827,Pooja,,,Mumbai,2022-05-20,,2159.09,,,,USA
C7828,Sneha,Male,,Delhi,,2022-06-22,,,,,USA
C7829,Ankit,,,Pune,2023-10-10,2023-02-09,4981.71,2.0,,9940787685,Canada
C7830,Ravi,Female,,,,2023-05-13,,,,9811541957,India
C7831,Rahul,Female,,Mumbai,,,,10.0,,,UK
C7832,Ravi,Female,,Kolkata,2022-05-02,,,,user7831@mail.com,,Australia
C7833,Kiran,Female,53,Kolkata,2025-11-30,,,,,9852209417,India
C7834,Ankit,Male,24,Delhi,2024-09-19,2021-04-24,,3.0,,,Canada
C7835,Simran,Female,,Mumbai,,,1623.33,4.0,,,UK
C7836,Ravi,Male,,Ahmedabad,,,,,,9384867369,UK
C7837,Ravi,Female,,Chennai,2021-01-28,2023-05-31,,3.0,user7836@mail.com,,USA
C7838,Amit,Male,25,Hyderabad,2022-05-17,,,,,9254682776,UK
C7839,,Female,,Mumbai,2020-10-13,2025-10-01,,,,,Australia
C7840,Ravi,Male,,Pune,2021-05-25,,,10.0,,,UK
C7841,Kiran,Female,,Mumbai,2023-10-25,,,,,,
C7842,Neha,,,,2024-12-13,2025-01-25,,,,,UK
C7843,Rahul,,21,Bangalore,,,,3.0,,9622391815,India
C7844,Sneha,Female,,Delhi,2023-02-07,,55.18,10.0,,9116305476,Canada
C7845,Amit,,70,Chennai,,,,1.0,,,
C7846,Rahul,Male,,,2020-10-21,2025-07-08,,3.0,,9305729862,Australia
C7847,Rahul,Male,,Hyderabad,2021-10-06,,,,,,Canada
C7848,,Male,,Bangalore,2024-08-22,2021-05-09,,4.0,,,India
C7849,Neha,,,Chennai,2025-03-09,2024-11-17,,,,9587915626,USA
C7850,Priya,,,Bangalore,,2022-01-07,4768.66,2.0,,,UK
C7851,Simran,Female,,Delhi,2023-04-04,,,4.0,user7850@mail.com,9506658357,Canada
C7852,Amit,Female,,Bangalore,,,,,,,
C7853,,Male,,Bangalore,2021-06-03,,2756.84,1.0,,,India
C7854,Ankit,,,Delhi,2024-04-23,2021-10-10,3247.69,,,9294197532,
C7855,,Male,,Bangalore,2024-09-27,,,2.0,,,
C7856,Rahul,,,Chennai,2023-05-11,,1478.98,5.0,,,Canada
C7857,Ravi,Female,,Kolkata,,,2381.32,,,,UK
C7858,,Female,,Mumbai,2023-11-03,,568.69,10.0,,,Canada
C7859,Rahul,,,Chennai,,,,10.0,,,Australia
C7860,Amit,,31,Pune,,,,1.0,,,USA
C7861,Ravi,Female,,Chennai,,,2951.99,3.0,user7860@mail.com,,Australia
C7862,Simran,Male,,Delhi,,,3032.92,2.0,,,Australia
C7863,Rahul,,,Pune,,,,,,,
C7864,Ankit,Female,,Kolkata,2021-11-03,,,,,,
C7865,Kiran,,,Mumbai,,,2723.55,10.0,,,USA
C7866,Sneha,Female,,Delhi,,,,1.0,,,USA
C7867,,Male,,,2025-01-10,2022-05-16,,,,,Australia
C7868,Rahul,Male,,Kolkata,,,,10.0,,,UK
C7869,Ankit,Male,,Bangalore,2023-11-27,,,,,,UK
C7870,Amit,Female,,Mumbai,,,,,user7869@mail.com,9272105949,Canada
C7871,Pooja,Female,56,Pune,2024-09-15,,,,user7870@mail.com,,Australia
C7872,,Male,,Hyderabad,2024-10-22,,,10.0,user7871@mail.com,,Canada
C7873,Neha,,,Bangalore,2023-06-03,,412.8,10.0,user7872@mail.com,,
C7874,Kiran,Female,,Pune,2020-08-26,,,,user7873@mail.com,9707735984,USA
C7875,Priya,,,Pune,2025-05-24,,,,user7874@mail.com,,UK
C7876,,Female,,Chennai,,2024-06-08,,,,,Canada
C7877,Ravi,Male,,Chennai,,,,10.0,,,Australia
C7878,Ravi,Male,64,Bangalore,2021-08-22,2021-07-19,,10.0,user7877@mail.com,,India
C7879,Ankit,Female,,Chennai,,,,,,,UK
C7880,Priya,Male,,Hyderabad,,2021-04-20,,,,9110320003,India
C7881,Kiran,Female,,Kolkata,,,,4.0,,9545072039,Australia
C7882,Ravi,,,Ahmedabad,2021-08-09,,,2.0,,,India
C7883,Neha,,,Delhi,,,,,,9590940185,
C7884,Sneha,Female,,,,2023-06-04,,,,,India
C7885,Amit,Female,,,2022-08-04,2020-08-14,2774.24,10.0,,,UK
C7886,Neha,,,,,,,10.0,,9647591936,
C7887,Ankit,Female,59,Hyderabad,2023-11-24,,1706.29,4.0,user7886@mail.com,,India
C7888,,Male,33,Mumbai,2024-11-10,2023-01-21,,10.0,,,
C7889,Ankit,,,,2021-11-28,,105.11,,,,USA
C7890,,Female,,Ahmedabad,,,,,user7889@mail.com,9498126150,Canada
C7891,,Male,64,Delhi,,2025-02-06,3031.6,10.0,,,
C7892,Ravi,Male,,Chennai,2022-02-18,,,10.0,,9899398622,UK
C7893,Kiran,Male,,Bangalore,2023-11-15,,,4.0,,9695831217,India
C7894,Pooja,,54,Chennai,,,514.59,5.0,,,UK
C7895,Neha,Male,,,,,,4.0,,9448013406,Australia
C7896,Simran,Female,,Ahmedabad,,,,2.0,,9454442632,India
C7897,Pooja,,,Bangalore,2024-06-14,,931.01,4.0,,,UK
C7898,Priya,Male,,Chennai,2021-10-19,2025-05-31,,,,,
C7899,Amit,Male,,Pune,,,,10.0,user7898@mail.com,,UK
C7900,Pooja,,,Kolkata,2021-12-22,,,,,,USA
C7901,Neha,,,Hyderabad,,,,1.0,user7900@mail.com,,UK
C7902,Sneha,,24,Chennai,,2025-06-20,,3.0,user7901@mail.com,,India
C7903,Simran,Male,,Ahmedabad,,,,,,,India
C7904,Pooja,Male,,Mumbai,,2025-08-28,,3.0,,9835319600,UK
C7905,Rahul,Male,,Bangalore,,2023-12-12,,10.0,,,India
C7906,Rahul,Male,,,,,,10.0,,,USA
C7907,Neha,Female,31,Ahmedabad,2020-11-20,2023-01-03,769.83,2.0,,9736800143,UK
C7908,Ankit,,,Mumbai,2025-11-24,,,,,,Australia
C7909,Priya,Female,41,Ahmedabad,,2021-02-14,,,,9757319234,
C7910,Ravi,Female,,Pune,2024-10-25,,,10.0,user7909@mail.com,9846432090,India
C7911,Ravi,Male,,Chennai,2023-01-03,,,3.0,user7910@mail.com,,
C7912,Neha,Female,34,Pune,2020-11-07,,,,,9388876544,
C7913,Amit,,,Pune,,2020-09-16,,10.0,,,USA
C7914,Kiran,Male,40,Pune,,,4106.42,2.0,,,UK
C7915,Amit,,,Delhi,2021-08-28,,,5.0,,,Canada
C7916,Pooja,Male,,Delhi,2021-04-06,,,5.0,,,USA
C7917,Sneha,Male,,Pune,2020-10-05,2020-11-10,,5.0,,,
C7918,Kiran,Male,,,2023-02-15,,,,,,UK
C7919,Amit,Female,,Mumbai,,,,,,,
C7920,Ravi,Female,,Mumbai,2025-11-03,,2781.26,,user7919@mail.com,,Australia
C7921,Kiran,Female,,Delhi,,,4600.13,3.0,,,Australia
C7922,Kiran,Male,,Bangalore,2024-08-27,,,,user7921@mail.com,,
C7923,,Female,37,Hyderabad,,,,1.0,,,Canada
C7924,Priya,,,Delhi,,2023-08-21,,10.0,,,UK
C7925,,Male,,Hyderabad,2023-02-02,,,1.0,,,India
C7926,Pooja,Male,59,Pune,,,,,user7925@mail.com,9215289361,Canada
C7927,Kiran,Male,,,,,2893.25,,,,
C7928,Rahul,Male,51,Mumbai,,,,,,9140907357,
C7929,Amit,Female,38,Ahmedabad,2022-11-29,2021-09-28,,,,,UK
C7930,Ankit,Male,,Mumbai,2020-12-20,,,,,9717317475,Canada
C7931,Pooja,Male,,Hyderabad,2022-06-09,2021-06-19,,10.0,,9658583393,USA
C7932,Ankit,Male,,Mumbai,2024-05-20,,,4.0,user7931@mail.com,9507975143,
C7933,Ravi,Male,,,,2025-03-19,,3.0,,9176935057,USA
C7934,Ankit,Male,,Delhi,2020-11-08,,,,,9908966217,
C7935,Priya,Male,,Mumbai,,2024-09-17,,10.0,,,UK
C7936,,Female,,Hyderabad,2025-10-23,2020-12-01,3913.96,1.0,user7935@mail.com,,Australia
C7937,Pooja,Male,47,,2024-03-17,,,,,9530592861,UK
C7938,,Female,,,,,4834.39,2.0,user7937@mail.com,,Canada
C7939,Ankit,Female,,Kolkata,2023-10-21,,648.7,10.0,user7938@mail.com,,Australia
C7940,Ankit,Male,,Ahmedabad,2021-11-29,2025-10-09,,,,,India
C7941,Amit,Female,,Chennai,2024-06-04,,,4.0,user7940@mail.com,9675590034,
C7942,Kiran,,,Mumbai,,2020-12-23,,,user7941@mail.com,,
C7943,Neha,Female,37,,,,,3.0,,,
C7944,Amit,Female,,Kolkata,,2024-12-02,,10.0,,,USA
C7945,Pooja,Male,62,Pune,2024-06-05,,,10.0,,,India
C7946,Sneha,Female,,Mumbai,2021-01-10,,,10.0,user7945@mail.com,,Canada
C7947,Sneha,Male,23,Ahmedabad,,,,10.0,,9537546725,USA
C7948,Ravi,Male,,Chennai,2023-07-25,,,,,,Australia
C7949,,Male,,Hyderabad,,,,,,,
C7950,Ankit,Male,,Kolkata,2025-01-31,,4439.14,,,9177439863,UK
C7951,Kiran,,,Chennai,2024-08-13,,1609.58,,,,UK
C7952,Rahul,Female,,Delhi,,2020-11-18,,,user7951@mail.com,,India
C7953,Pooja,,,Pune,,,,,,9656338420,UK
C7954,Kiran,Female,,,2025-10-08,,,,,,USA
C7955,Kiran,Male,49,Bangalore,,,,,user7954@mail.com,,Australia
C7956,Ankit,Male,,Pune,2022-06-17,2023-04-29,,2.0,,9697632244,
C7957,,Male,29,,2021-02-19,,873.81,10.0,,,India
C7958,Ravi,Female,43,Delhi,2025-10-01,,,,user7957@mail.com,,India
C7959,Ravi,Female,,Ahmedabad,2022-11-04,2025-09-27,,,,,USA
C7960,Rahul,Male,,Kolkata,,,,,,,UK
C7961,Ankit,,,Ahmedabad,,2021-07-02,,,user7960@mail.com,,Australia
C7962,Ankit,Male,,Chennai,2023-07-22,,,,user7961@mail.com,,Australia
C7963,,Female,58,Ahmedabad,,2023-04-07,,,,9580632100,Canada
C7964,Neha,Female,58,Mumbai,2021-02-27,,,3.0,,9363642753,USA
C7965,Ankit,,67,Delhi,,,,,user7964@mail.com,,Canada
C7966,Sneha,Female,31,Delhi,,,4939.34,,,,Canada
C7967,,Male,,Chennai,,2025-09-29,1249.15,,,,USA
C7968,Simran,Male,,Bangalore,,2025-07-27,,,,,Canada
C7969,Simran,,,Ahmedabad,2025-07-15,,,5.0,,,Canada
C7970,Sneha,Female,,Ahmedabad,,,,1.0,,,India
C7971,Priya,Female,,Kolkata,2025-09-20,,,,user7970@mail.com,,USA
C7972,Sneha,Male,,Bangalore,,2021-02-17,,,,,
C7973,Ravi,Male,,Chennai,2021-06-15,2024-12-29,2423.82,10.0,,,UK
C7974,Priya,,,Bangalore,2022-10-28,,,,,,Canada
C7975,Sneha,Male,,Hyderabad,,,,,,,UK
C7976,,Male,,Bangalore,,,,10.0,,,India
C7977,Pooja,Male,,Chennai,,,,,user7976@mail.com,,USA
C7978,Sneha,Female,,Chennai,2022-05-26,,,,,,Canada
C7979,,Male,,Kolkata,2023-01-13,,,,,,UK
C7980,Neha,Female,,Bangalore,,,1641.41,10.0,,,UK
C7981,Simran,Male,,Pune,2025-12-16,2022-07-22,,2.0,,,
C7982,Ankit,,,,,,,10.0,,,UK
C7983,Ravi,Female,,Pune,,,4833.35,,,,Canada
C7984,Ravi,Female,,Bangalore,2024-05-09,,,,,9570042879,
C7985,Neha,Female,,Bangalore,,2024-12-02,,4.0,user7984@mail.com,,India
C7986,Kiran,Female,18,Kolkata,2021-06-03,,,10.0,,,Canada
C7987,Kiran,Male,43,Delhi,2024-11-16,,,10.0,,,Australia
C7988,,Male,,Chennai,2021-10-23,,,10.0,user7987@mail.com,,USA
C7989,,Female,,Chennai,,,,,,9803094533,UK
C7990,,Female,,Hyderabad,,2025-05-14,,10.0,,,Australia
C7991,Priya,Female,,Pune,2022-07-12,2023-09-17,,10.0,user7990@mail.com,,USA
C7992,Neha,Male,,Pune,2020-09-16,2023-12-06,,,,,USA
C7993,Neha,,,Ahmedabad,2022-09-13,,,,,9351892188,USA
C7994,Ankit,Male,29,,2020-12-20,2021-01-18,4169.48,3.0,,9168739143,UK
C7995,Kiran,,,Bangalore,2021-02-26,2022-10-17,1270.38,1.0,,,Canada
C7996,Kiran,Male,,Mumbai,,2024-03-27,2615.54,10.0,user7995@mail.com,,India
C7997,Sneha,Male,,Hyderabad,2024-01-16,,,10.0,,,Australia
C7998,,Male,,,2021-07-11,2023-08-03,,,user7997@mail.com,,USA
C7999,Sneha,Male,64,Delhi,,,,4.0,,9130519195,India
C8000,Sneha,,,,,,,2.0,,9896431041,India
C8001,Simran,Male,,Delhi,2023-08-06,,,10.0,,,Australia
C8002,Pooja,Female,,Mumbai,2024-12-25,,,10.0,,,India
C8003,,Male,,Bangalore,2021-05-01,,,3.0,user8002@mail.com,,UK
C8004,,Male,,Chennai,2025-09-27,,,4.0,user8003@mail.com,,Canada
C8005,Ravi,Female,,Hyderabad,,,,,user8004@mail.com,,USA
C8006,Rahul,Male,29,Delhi,2020-10-21,2022-05-16,,1.0,,9269667448,USA
C8007,Pooja,,,Delhi,,,,10.0,,,UK
C8008,Priya,Female,30,,2020-10-14,,,10.0,,9279624148,Canada
C8009,Pooja,Female,33,Bangalore,,2023-07-10,,,,,USA
C8010,Amit,Male,34,Ahmedabad,,,,,,9544252524,
C8011,Ravi,Male,,Hyderabad,2025-11-03,2022-03-11,4093.03,10.0,,,USA
C8012,,Female,,Delhi,2025-03-12,2020-08-08,2290.0,,,9724215981,Canada
C8013,,Male,,Bangalore,,2023-05-01,2755.25,,,,India
C8014,Simran,Female,53,Delhi,,,,,,9706996732,India
C8015,Ankit,Male,,Bangalore,,2022-07-01,,10.0,,,USA
C8016,Pooja,Female,28,Hyderabad,,,,10.0,,,Canada
C8017,Sneha,Female,,,,2023-03-09,,3.0,user8016@mail.com,,UK
C8018,,Female,19,Pune,2021-11-09,,,,user8017@mail.com,,USA
C8019,,Female,,Ahmedabad,2025-07-15,,,10.0,,,Canada
C8020,Pooja,Male,,Hyderabad,,,,,,,India
C8021,Sneha,Female,,Pune,,,,10.0,,9352152687,USA
C8022,Neha,,23,Pune,2024-10-20,,4086.69,,,,UK
C8023,Rahul,,64,Pune,,,3395.52,3.0,,9603735380,USA
C8024,Ravi,Female,,Bangalore,,2023-11-01,,,,,Canada
C8025,Simran,,65,Hyderabad,,2023-10-03,,,,,USA
C8026,,Male,,Pune,2022-07-05,,2858.37,5.0,,,Canada
C8027,Pooja,Female,,Mumbai,,,,,user8026@mail.com,9312005894,UK
C8028,Ankit,Female,,Bangalore,2022-07-11,2020-10-29,,10.0,,9903579152,Australia
C8029,Neha,Female,,,2023-04-15,,,,user8028@mail.com,9742803345,Canada
C8030,Amit,Female,,Bangalore,,,,1.0,user8029@mail.com,,USA
C8031,,Female,,Chennai,2022-03-09,,,10.0,,9134589834,USA
C8032,Priya,Female,,,2025-11-03,,,,user8031@mail.com,9805057279,Canada
C8033,Priya,Female,,Ahmedabad,2020-09-06,,,10.0,user8032@mail.com,,
C8034,Ravi,Female,,,,,,2.0,,,USA
C8035,,Male,,Delhi,2026-01-14,,,,,,
C8036,Kiran,Male,44,Ahmedabad,,,4004.41,10.0,user8035@mail.com,9683333942,Canada
C8037,,Male,,Chennai,2024-07-19,2020-12-12,,10.0,,,India
C8038,Rahul,Male,,Chennai,2025-02-25,2025-08-14,1933.98,,user8037@mail.com,,USA
C8039,Pooja,Male,,Chennai,2021-12-19,2025-03-19,,10.0,,,India
C8040,Neha,,,Ahmedabad,,,,1.0,,9924406859,USA
C8041,Priya,Male,,Bangalore,2024-05-03,,4075.3,10.0,user8040@mail.com,9659265471,Canada
C8042,,Male,,Mumbai,,,,3.0,,,India
C8043,,Female,,Kolkata,2023-10-28,2021-04-01,,,,,Australia
C8044,Amit,Female,,Ahmedabad,,,3336.74,10.0,user8043@mail.com,,
C8045,Ravi,Male,22,Chennai,2022-11-02,2021-03-19,,,user8044@mail.com,9287246796,India
C8046,Ravi,Male,,Delhi,,,4563.13,2.0,,,
C8047,Neha,Female,,Bangalore,,,,10.0,,9656949966,
C8048,Rahul,Female,28,Bangalore,2022-05-06,2024-09-06,,1.0,,9611877461,Australia
C8049,,Male,44,Bangalore,,2021-05-28,,10.0,user8048@mail.com,,Canada
C8050,,Male,68,,,,,,,,UK
C8051,Pooja,Male,,Ahmedabad,,2023-08-28,829.38,,,,Australia
C8052,Rahul,Female,,Hyderabad,2025-12-06,2021-07-03,699.81,,user8051@mail.com,,India
C8053,,Female,48,Pune,2022-05-28,2021-02-24,,,,,UK
C8054,Priya,Female,36,Bangalore,2023-05-09,2025-09-17,2077.84,2.0,,,Australia
C8055,Rahul,Female,57,Ahmedabad,2023-03-04,2025-05-05,,1.0,,,UK
C8056,Rahul,,,Kolkata,2023-12-15,,,10.0,,,
C8057,,Male,,Kolkata,2022-07-12,,,5.0,user8056@mail.com,,Australia
C8058,Rahul,Male,,Kolkata,2024-08-04,,3500.3,,,,UK
C8059,Rahul,Male,,Pune,,,103.82,1.0,,,
C8060,Ravi,Male,,,2024-03-02,,,,,9154609483,
C8061,Priya,Male,,Chennai,2022-11-25,2024-06-20,,10.0,,,Australia
C8062,Priya,,32,Pune,2021-02-11,2020-12-22,,,,,India
C8063,Simran,,,Ahmedabad,,,,,,,Australia
C8064,Ravi,Female,25,Chennai,2023-10-19,2023-12-16,4404.27,10.0,,,
C8065,,Male,,Hyderabad,,2025-01-06,,,,,Canada
C8066,Ravi,Female,,Pune,2020-08-30,2020-11-10,,10.0,user8065@mail.com,,
C8067,Kiran,Female,,Mumbai,2021-08-23,2020-10-11,,,,,India
C8068,Simran,Female,33,Kolkata,2024-07-10,2025-11-13,,10.0,,9913319299,Canada
C8069,,Female,,Kolkata,,,1907.79,10.0,,,Canada
C8070,Priya,Male,,Kolkata,,,,1.0,user8069@mail.com,,UK
C8071,,Male,41,Pune,,,,,,9165724292,
C8072,Kiran,,,Bangalore,,,,,user8071@mail.com,9669270624,Australia
C8073,Pooja,Male,,Kolkata,2021-03-07,2022-03-10,1297.88,10.0,user8072@mail.com,,Canada
C8074,Rahul,Male,,Bangalore,2020-08-07,2023-05-14,3372.72,2.0,,,
C8075,Simran,Male,,Mumbai,,2023-11-16,,10.0,user8074@mail.com,9210799971,
C8076,Ravi,Female,,Bangalore,,2022-12-23,,,,9234994972,UK
C8077,Ankit,Female,,Kolkata,2023-11-18,,4562.8,,,,Canada
C8078,Priya,Male,,Hyderabad,,,,10.0,user8077@mail.com,,Australia
C8079,Priya,Male,,Kolkata,,2024-10-25,320.66,2.0,user8078@mail.com,,
C8080,Amit,,,,2020-08-30,,,,user8079@mail.com,9327879947,
C8081,Neha,,63,,2021-12-21,2025-02-08,1318.68,,user8080@mail.com,,UK
C8082,Neha,Male,45,Chennai,,,,,user8081@mail.com,,
C8083,Priya,Male,,Kolkata,2024-07-31,2023-01-31,505.72,,user8082@mail.com,,Australia
C8084,Sneha,,,Bangalore,,,634.44,2.0,user8083@mail.com,9180240559,
C8085,Kiran,Female,,Chennai,2024-06-22,,712.52,,,,UK
C8086,Pooja,Male,,Delhi,,2023-07-18,,2.0,,,
C8087,,Male,,Mumbai,2021-01-16,,,2.0,,,USA
C8088,Simran,Male,38,Hyderabad,,,1160.3,2.0,,,
C8089,Amit,,,Delhi,,2020-11-23,,10.0,,,Canada
C8090,Rahul,Female,,Bangalore,,,2424.16,,user8089@mail.com,,
C8091,Ravi,Female,,Kolkata,,2021-05-12,298.39,,,,India
C8092,Simran,Female,,Pune,2023-04-07,,,4.0,,,USA
C8093,,Female,,Hyderabad,,,,,,,Canada
C8094,Sneha,Male,,Chennai,2022-02-12,,,10.0,,,India
C8095,Ravi,Male,,Ahmedabad,2025-06-06,,,5.0,,,USA
C8096,Ankit,Female,,Kolkata,2023-05-16,,,10.0,,9601101647,UK
C8097,Kiran,Male,,Pune,2024-01-11,2021-12-14,,,,9858453635,Australia
C8098,Neha,Female,,Chennai,,,,,,,
C8099,Rahul,Male,,Delhi,2024-10-24,,,,,,India
C8100,,Male,61,Chennai,2022-08-22,,,,user8099@mail.com,,Canada
C8101,Kiran,Male,,Ahmedabad,,,,,user8100@mail.com,,Australia
C8102,Priya,Male,,Hyderabad,,,,,,,India
C8103,Pooja,,,Mumbai,2020-08-13,,,10.0,,9793402974,India
C8104,Sneha,Female,,Delhi,2021-02-19,,,,,,UK
C8105,,Male,,Kolkata,2024-07-18,,,5.0,,,Canada
C8106,Ankit,Female,,Chennai,,,,,user8105@mail.com,,India
C8107,Kiran,Male,22,Hyderabad,,2022-04-13,3873.35,,,,Australia
C8108,Ankit,,,,2026-01-05,,,,,9958611039,Canada
C8109,Pooja,Female,45,Chennai,2020-10-24,2023-11-20,,10.0,,,UK
C8110,Ankit,Male,,Bangalore,2022-12-08,2022-08-29,498.19,5.0,,9668720518,USA
C8111,Rahul,Male,,Delhi,,,,,user8110@mail.com,,Australia
C8112,Pooja,,64,,2020-11-06,,4260.02,,user8111@mail.com,,India
C8113,Pooja,Female,,,,,,,,9642674728,USA
C8114,Sneha,Female,,Kolkata,,,,10.0,user8113@mail.com,,Canada
C8115,Pooja,Female,,Ahmedabad,,,,,user8114@mail.com,,India
C8116,Ankit,,,Kolkata,2022-04-22,,,10.0,,,Canada
C8117,Simran,Male,,Chennai,,,,,,,Australia
C8118,Sneha,Male,,Bangalore,,,,,,,
C8119,Amit,Male,48,Chennai,2022-09-05,2021-10-20,,10.0,,,Australia
C8120,Priya,,,Ahmedabad,,,,10.0,,,Australia
C8121,Kiran,,33,Kolkata,2022-11-28,,3280.74,10.0,,9274046555,
C8122,Kiran,Female,,,2025-05-17,2021-12-31,,,user8121@mail.com,9686227460,Australia
C8123,Sneha,Female,68,Ahmedabad,2025-04-16,,,3.0,,,Australia
C8124,Sneha,Male,53,Hyderabad,,2023-11-22,2829.72,2.0,,,UK
C8125,Priya,Male,,Mumbai,,,4446.68,10.0,,,India
C8126,Pooja,Male,,Bangalore,,,,,user8125@mail.com,,Canada
C8127,Simran,Female,37,Mumbai,,,,,,,Australia
C8128,Rahul,Male,46,Hyderabad,2023-06-18,2022-03-25,,10.0,,,India
C8129,,,,Mumbai,,,,,,,Australia
C8130,Rahul,Male,,Hyderabad,2021-10-27,2025-06-08,,,,9231076740,
C8131,Simran,Female,,Kolkata,2022-06-27,,4120.08,2.0,,9889413657,UK
C8132,,,,Hyderabad,,2025-03-17,,,user8131@mail.com,,India
C8133,Pooja,Female,,,2021-12-25,,3982.84,5.0,user8132@mail.com,,UK
C8134,Priya,Male,,Ahmedabad,,,1211.54,10.0,,,
C8135,Pooja,Male,,Mumbai,2025-06-24,,4443.96,,,,India
C8136,Simran,Male,,Chennai,,,4101.06,,,9312937221,Canada
C8137,,Female,41,Ahmedabad,,2022-01-06,,,user8136@mail.com,9545813083,
C8138,Ravi,Male,,Hyderabad,2024-08-05,,,10.0,,,UK
C8139,Kiran,Female,,Mumbai,,,,3.0,,,USA
C8140,Ankit,Male,,Ahmedabad,2022-11-03,,,,,,India
C8141,Amit,Female,,Mumbai,2021-09-17,2024-11-15,,,,,India
C8142,Priya,,18,Kolkata,2025-04-01,2025-05-27,,5.0,,,Canada
C8143,Simran,,,Mumbai,2022-05-17,2023-04-01,,,,9557992344,India
C8144,Ravi,Female,27,Hyderabad,2024-05-16,,,10.0,,,India
C8145,Ankit,Male,25,,2022-03-28,,495.07,,user8144@mail.com,,Canada
C8146,,Female,,Hyderabad,,,4903.44,,,,Australia
C8147,Ankit,Male,,Chennai,2023-06-13,2023-04-13,3596.01,4.0,user8146@mail.com,9718906434,Australia
C8148,Pooja,Male,,Ahmedabad,,,,,user8147@mail.com,,Australia
C8149,,Female,36,Bangalore,2021-05-29,,1106.78,10.0,,9996062967,India
C8150,Amit,Female,,Pune,,2022-01-15,,,,9626711231,India
C8151,Simran,Male,,Pune,,,,,user8150@mail.com,9548804229,Canada
C8152,Amit,Female,22,Mumbai,2021-06-13,,,10.0,user8151@mail.com,,
C8153,Amit,,24,Pune,,2024-07-26,,,,9636480108,UK
C8154,Ankit,Male,,Mumbai,,,,3.0,,,USA
C8155,Neha,Female,,Bangalore,,,,,,,
C8156,,Female,67,Delhi,,2020-10-28,,,user8155@mail.com,9139094416,Australia
C8157,Sneha,Female,,Kolkata,2020-10-19,,,,user8156@mail.com,,Australia
C8158,Sneha,Male,60,Bangalore,2023-12-07,,2269.65,,user8157@mail.com,,UK
C8159,Pooja,Female,,Chennai,2024-03-09,2022-05-10,1172.92,,,,UK
C8160,Simran,Female,,Hyderabad,,,,1.0,,,
C8161,,Male,40,Bangalore,2022-03-10,,,3.0,,9737294962,USA
C8162,Kiran,Female,20,Pune,2023-07-17,2021-02-06,3335.45,,user8161@mail.com,,India
C8163,Simran,Female,,Chennai,,2021-11-19,,,,,UK
C8164,Rahul,Female,,Mumbai,2023-11-26,2024-12-28,,,user8163@mail.com,,Australia
C8165,Pooja,Female,46,Bangalore,,,,10.0,,9969688772,USA
C8166,Neha,Female,,Mumbai,2024-12-14,,1021.06,10.0,user8165@mail.com,,India
C8167,,,,Pune,,2026-01-02,,,,,USA
C8168,,Female,,Chennai,2025-06-25,,,,,,UK
C8169,Ravi,,,Bangalore,,,,,,9231144389,UK
C8170,Ravi,Female,56,Mumbai,,,4706.64,1.0,,,UK
C8171,,Female,68,Kolkata,2023-12-19,2025-04-19,273.14,3.0,,,Canada
C8172,Kiran,,26,Chennai,2025-08-26,,,,user8171@mail.com,,Australia
C8173,Simran,,,Hyderabad,,2025-10-25,,,,,USA
C8174,Ravi,Female,,Mumbai,,2025-01-28,4824.26,1.0,,,India
C8175,,Female,57,Delhi,2021-01-14,,,,,9823742260,USA
C8176,Ravi,Male,27,,,2022-07-10,2965.67,,,,Canada
C8177,Ankit,,44,Bangalore,,,,,,,Australia
C8178,Pooja,Male,,Ahmedabad,2025-11-10,,,,user8177@mail.com,9288566955,UK
C8179,Ravi,,,Chennai,2021-08-19,,,5.0,user8178@mail.com,,
C8180,Amit,Female,,Kolkata,2021-09-04,2022-04-21,2652.05,2.0,,,
C8181,Sneha,Female,,Pune,,,3679.65,2.0,,,Australia
C8182,Neha,Male,64,,2021-05-22,2023-07-07,,,,,UK
C8183,Rahul,Male,,Pune,2022-03-14,,,5.0,,,Canada
C8184,Ravi,Female,25,Delhi,,,,10.0,,,USA
C8185,Priya,,,Hyderabad,2025-02-08,,,4.0,,,
C8186,Simran,Female,61,Ahmedabad,2022-08-16,,,4.0,,,Canada
C8187,Neha,,,Delhi,2021-01-08,,,,user8186@mail.com,,India
C8188,,Female,,Delhi,,,,,,,India
C8189,Ankit,Female,,Bangalore,2023-10-23,,,5.0,,,
C8190,,Male,,Ahmedabad,2025-01-03,2022-01-20,,10.0,,,India
C8191,Amit,Female,,Bangalore,2023-06-15,,,,,,India
C8192,Amit,Male,,Chennai,,2021-08-19,,,,,India
C8193,Kiran,Female,,Chennai,2020-09-10,2021-04-24,,10.0,,9708372342,Australia
C8194,Sneha,,,Ahmedabad,,,,5.0,,,Canada
C8195,Ravi,Female,22,Kolkata,,2021-07-29,,10.0,,,UK
C8196,Amit,Male,61,Mumbai,2023-10-26,,,4.0,,,USA
C8197,Pooja,,64,,,,,10.0,,,UK
C8198,Priya,,,Chennai,,2022-03-09,4591.04,,user8197@mail.com,9336891898,Canada
C8199,Ravi,Female,,,2022-06-15,,,5.0,,,USA
C8200,Simran,Male,,Bangalore,,2024-09-01,3557.91,,,,Australia
C8201,Simran,Male,,,2025-11-08,2020-08-20,,,,,Australia
C8202,Ankit,Female,,Hyderabad,2025-12-08,,,10.0,,,Australia
C8203,,Male,,,2023-04-12,,4283.28,10.0,user8202@mail.com,,UK
C8204,,Male,,Mumbai,,2022-05-26,,5.0,,,
C8205,Ankit,Female,,Ahmedabad,2021-04-13,2022-02-09,,10.0,,,UK
C8206,Rahul,Female,,Chennai,,2021-11-26,,,user8205@mail.com,9412698478,USA
C8207,Amit,Female,,Mumbai,2024-01-09,2022-05-26,,,,,UK
C8208,Sneha,Female,,Ahmedabad,,,,,,9994055356,USA
C8209,,Female,,Mumbai,2022-07-12,,,1.0,,,
C8210,Rahul,,,Hyderabad,,,,,,,Canada
C8211,Amit,,53,Mumbai,2025-05-26,,,5.0,,,Canada
C8212,Amit,,,Mumbai,,,2777.94,,user8211@mail.com,,Australia
C8213,Kiran,Male,,Delhi,2023-07-23,2021-11-20,,1.0,,,Canada
C8214,,Female,,Hyderabad,2024-06-20,2022-09-01,3722.59,,,,Canada
C8215,Rahul,,,Ahmedabad,2023-02-09,,,10.0,,9552748795,UK
C8216,Pooja,Female,,,,,1347.23,10.0,,,Canada
C8217,Simran,,48,Hyderabad,,2022-09-22,,,,,Australia
C8218,Ravi,Male,,,,,,,,,UK
C8219,Ravi,Male,,Chennai,,2022-10-12,221.43,10.0,,,India
C8220,,Female,,Bangalore,,,1832.99,10.0,,,USA
C8221,Sneha,Male,,,,,,,,,Canada
C8222,Rahul,,,Chennai,2023-09-10,2022-04-21,,10.0,user8221@mail.com,9337241023,Australia
C8223,Kiran,Male,,Hyderabad,2023-06-12,2024-09-16,,,,,India
C8224,,Female,,Ahmedabad,,,,2.0,,,
C8225,,Female,,Ahmedabad,,2021-05-08,,,,,UK
C8226,Kiran,Female,,Bangalore,,,,10.0,,,
C8227,Sneha,Female,,Bangalore,,,,,,9219689255,Australia
C8228,Neha,Male,,Ahmedabad,,2023-01-06,,2.0,user8227@mail.com,,UK
C8229,Amit,Female,,Chennai,2026-01-02,2021-02-02,4532.88,2.0,,,Canada
C8230,Sneha,Male,,Hyderabad,,,,,,9109019653,
C8231,Amit,Female,44,,2022-08-09,2024-07-18,,,user8230@mail.com,9151412628,
C8232,Sneha,Male,,Mumbai,2025-01-07,,,,user8231@mail.com,,India
C8233,Pooja,Male,,Bangalore,,,,,,,
C8234,,,58,Pune,2025-02-08,2023-07-30,2460.06,3.0,,,UK
C8235,Kiran,Male,,Kolkata,,,,1.0,,,USA
C8236,Rahul,Female,35,Mumbai,2022-04-01,,,,,9133421074,India
C8237,Neha,Female,,Bangalore,2024-05-22,,394.94,1.0,,9845865950,
C8238,Rahul,Male,37,Delhi,,,100.82,10.0,,9181250168,UK
C8239,Rahul,Male,,Ahmedabad,2021-08-28,,,,,9367050338,Australia
C8240,Kiran,Female,43,Delhi,2024-10-19,2022-07-25,2533.1,,user8239@mail.com,9700773912,Canada
C8241,,Male,,Bangalore,2021-11-07,2023-07-26,,5.0,,,UK
C8242,,Male,,Delhi,2025-04-09,2022-04-09,3059.15,10.0,user8241@mail.com,,Australia
C8243,Simran,Male,56,Kolkata,,,,,user8242@mail.com,,UK
C8244,Amit,Female,,Mumbai,,,,,user8243@mail.com,,USA
C8245,Kiran,Female,46,Bangalore,,,1366.49,,user8244@mail.com,,Australia
C8246,Sneha,,,,,2024-06-26,,,,9443901090,
C8247,Pooja,,,Bangalore,,,,10.0,,,
C8248,Amit,,,,,,4693.79,2.0,,,
C8249,,,,Bangalore,,,642.43,,,,Canada
C8250,Neha,Male,,Pune,,,2514.73,,,,USA
C8251,Ankit,Female,,Kolkata,2021-04-06,,4108.88,1.0,,,UK
C8252,Pooja,Male,,Pune,2024-05-04,,,,,,USA
C8253,Ankit,,,Chennai,2020-08-22,2024-05-17,,10.0,user8252@mail.com,,India
C8254,Simran,,,Mumbai,2023-04-28,,,5.0,user8253@mail.com,,
C8255,Simran,Male,,Mumbai,2023-09-12,,511.9,3.0,,9249627015,UK
C8256,Amit,Male,,,2023-02-16,2023-12-12,3170.53,,,9907832135,USA
C8257,Amit,Male,,Mumbai,2025-10-16,,,10.0,,,Canada
C8258,,Female,,Kolkata,2023-12-08,2020-09-06,,5.0,,,UK
C8259,Rahul,,30,,,,,10.0,,,UK
C8260,Neha,,,Mumbai,,,,,,,
C8261,Neha,Male,27,Ahmedabad,,2024-08-31,,,,,Canada
C8262,Ankit,,,Ahmedabad,,,,,,,Australia
C8263,Neha,,40,Delhi,2024-02-25,2023-03-14,,,,9248576902,Australia
C8264,Simran,Female,,Kolkata,,2024-03-20,,,,,UK
C8265,Ankit,Male,,Delhi,,,,3.0,user8264@mail.com,,India
C8266,Rahul,,62,Chennai,,,,10.0,,,
C8267,Neha,Male,,Chennai,,2024-08-27,,,,,Australia
C8268,Ravi,Male,,Bangalore,,,,,user8267@mail.com,9177208916,USA
C8269,Kiran,Male,,Pune,,,1191.32,,,,India
C8270,Amit,Female,,Chennai,2021-06-17,,4392.51,,,,UK
C8271,Kiran,,64,Pune,,,,,,,India
C8272,Simran,Female,67,Chennai,,2020-08-21,139.1,,,,UK
C8273,Sneha,Male,,Mumbai,2022-05-25,2023-04-19,,5.0,,9723582478,UK
C8274,Pooja,Female,51,Hyderabad,,2025-05-01,,,,,India
C8275,Ravi,Male,,Chennai,2024-05-30,,4474.86,10.0,,,Australia
C8276,Ankit,Female,,Pune,2025-01-11,,,,user8275@mail.com,,
C8277,Ravi,Female,,Chennai,2022-10-16,,,,,9507883217,
C8278,Pooja,Female,,Kolkata,2021-07-18,,,10.0,,,USA
C8279,Ravi,Female,,Hyderabad,,2026-01-01,,10.0,,,Canada
C8280,Simran,Female,,Pune,2023-06-01,,193.58,2.0,,,Australia
C8281,Neha,Female,,Chennai,2023-04-02,,,,,,India
C8282,Kiran,Female,52,Chennai,2025-05-02,2023-02-06,,,,,UK
C8283,Ankit,Female,,Mumbai,,,,,,,Canada
C8284,Sneha,Male,,Delhi,,,,,,9771539320,India
C8285,Simran,Female,,Pune,,,,,user8284@mail.com,9951234480,India
C8286,Priya,Female,,Pune,2023-12-04,2021-04-16,1966.02,2.0,,,
C8287,Amit,Female,,Bangalore,,,,,user8286@mail.com,,USA
C8288,Ravi,Male,,,,,,10.0,,,India
C8289,Pooja,Female,,Pune,,,,2.0,,,India
C8290,Ankit,,,Mumbai,2023-03-10,2024-02-10,,,,,India
C8291,Rahul,Female,,Kolkata,2023-05-26,,,,,,UK
C8292,Kiran,Female,,Ahmedabad,,2021-07-08,930.48,10.0,user8291@mail.com,,Australia
C8293,Kiran,Female,,Mumbai,2023-07-18,2022-05-27,,1.0,,,India
C8294,Sneha,Female,60,Mumbai,,,,10.0,,,Australia
C8295,Pooja,Male,,Delhi,,2020-10-13,4070.71,5.0,user8294@mail.com,,USA
C8296,,Male,25,Hyderabad,,2021-12-29,,4.0,,,
C8297,Kiran,Female,,Mumbai,,,,4.0,,9400658069,India
C8298,Neha,Female,,Hyderabad,2025-10-10,2020-12-13,,1.0,,,UK
C8299,Ankit,Male,,,2021-01-08,2020-11-09,,4.0,user8298@mail.com,,UK
C8300,,Female,,Mumbai,2021-10-22,2022-05-11,2069.65,4.0,user8299@mail.com,,Canada
C8301,Pooja,Male,,Delhi,,2025-04-25,,3.0,,,
C8302,,Female,41,Hyderabad,,,,,,,Canada
C8303,Rahul,Female,,Hyderabad,,,,10.0,,9967598230,India
C8304,,Male,,Kolkata,2022-01-18,2021-08-20,,4.0,,,USA
C8305,,Male,20,Pune,2022-04-22,,,,,,Australia
C8306,Sneha,Female,,Mumbai,,,,,,,USA
C8307,Ankit,Male,38,Mumbai,,,2956.61,2.0,,,India
C8308,Rahul,Male,,Delhi,,2020-08-18,2669.99,,,,USA
C8309,Ravi,,,Ahmedabad,,,,,,,
C8310,Sneha,Female,,Mumbai,,,,,user8309@mail.com,9966054510,India
C8311,Kiran,Female,34,Chennai,2021-05-20,2023-02-03,,10.0,user8310@mail.com,,
C8312,,Male,,Chennai,,2025-05-27,,,user8311@mail.com,9711588588,UK
C8313,,Male,41,Delhi,,2022-03-02,3238.61,,user8312@mail.com,9129729342,India
C8314,Kiran,Male,65,Bangalore,2025-11-21,,,,user8313@mail.com,,Canada
C8315,,,,Pune,2025-02-13,2020-10-16,,3.0,,,
C8316,Kiran,,,Chennai,,,,,,,USA
C8317,Ankit,Male,,Ahmedabad,2020-08-16,,2586.84,,,9794044119,
C8318,,Male,,Delhi,,,,,user8317@mail.com,,UK
C8319,Ravi,Male,,Kolkata,,,,4.0,,,Australia
C8320,Priya,Male,,Delhi,,,,5.0,,9530802313,
C8321,,Female,,Chennai,2021-08-20,2025-01-26,,1.0,user8320@mail.com,9284529517,
C8322,Neha,Female,,,,,,,,,India
C8323,Neha,Male,,Bangalore,,,,10.0,,,USA
C8324,Amit,Male,,Chennai,,,709.9,,,,UK
C8325,Priya,Male,,Kolkata,2024-12-06,,,,,9754364035,USA
C8326,Neha,Male,,,,,2371.01,10.0,,9117225564,Australia
C8327,Rahul,Female,,Chennai,2021-12-05,2024-01-07,,3.0,,,USA
C8328,Sneha,Female,,Bangalore,,,,,user8327@mail.com,,UK
C8329,Amit,Female,,Delhi,,,,5.0,,9630833207,India
C8330,Priya,Female,,Chennai,2022-08-11,2024-08-07,,,,,Australia
C8331,Priya,,,Bangalore,2025-07-08,2022-06-01,,1.0,,,
C8332,Amit,Female,24,Kolkata,,,209.16,,,,Australia
C8333,,Female,,,,2022-12-14,3066.12,,,,UK
C8334,Ankit,Female,,Bangalore,,,,4.0,,,Australia
C8335,Neha,Male,,Ahmedabad,,,4608.12,10.0,user8334@mail.com,,Canada
C8336,Pooja,Female,69,Chennai,,,,,,9962560287,UK
C8337,Rahul,Female,,Bangalore,,,,,user8336@mail.com,,India
C8338,Ankit,Female,,,2021-01-30,,735.83,,,9435534929,India
C8339,Neha,Female,,Delhi,2022-05-30,,,,user8338@mail.com,,Australia
C8340,Kiran,Male,,Mumbai,2025-10-01,,,10.0,user8339@mail.com,9144630406,USA
C8341,Priya,Male,,Ahmedabad,,2025-10-20,,10.0,,9965851179,Australia
C8342,Sneha,Male,,Hyderabad,2025-07-22,,3015.68,,,9697108895,
C8343,,Male,37,Bangalore,,,,2.0,,,Australia
C8344,Ravi,Male,,Hyderabad,,,,,,9534521032,
C8345,Kiran,Female,58,Hyderabad,2022-04-24,,,,,9830568622,
C8346,Pooja,Female,,,,,1013.85,,,9190381543,India
C8347,Priya,,33,Chennai,2022-12-07,,2045.09,,,,Australia
C8348,Ankit,Male,32,Ahmedabad,2022-03-18,,,10.0,,,UK
C8349,,Male,,Kolkata,2022-07-11,,3007.11,,user8348@mail.com,,Canada
C8350,Ankit,Female,,Kolkata,,2023-03-19,,2.0,,9778224366,
C8351,Amit,,,Chennai,2021-01-15,2023-04-04,,10.0,,9709746866,India
C8352,Rahul,Female,,Ahmedabad,2024-03-09,,,,,,UK
C8353,,Male,,Delhi,2023-12-24,,80.71,10.0,user8352@mail.com,,India
C8354,Priya,Male,,,,2024-10-16,,,,9227136146,Canada
C8355,,Male,,Kolkata,,,,10.0,,,India
C8356,,Female,,Ahmedabad,2024-04-19,,,3.0,user8355@mail.com,,
C8357,Sneha,Male,,Delhi,,2023-07-13,,,,,USA
C8358,Ankit,Female,,,2022-05-03,,,,,9622977433,Australia
C8359,Ravi,Male,,Pune,,2023-12-29,,10.0,,,Canada
C8360,Ankit,Male,,Pune,2025-12-01,,,,,9799654848,India
C8361,Rahul,Female,,Kolkata,,2025-02-18,,,,,India
C8362,,,40,Hyderabad,2022-04-16,2024-08-02,,,,,India
C8363,Sneha,,20,Delhi,,2023-05-13,,1.0,user8362@mail.com,,UK
C8364,Ankit,,,Pune,2025-03-29,2021-06-06,,10.0,,,Canada
C8365,Neha,Female,64,Bangalore,,,,,user8364@mail.com,,India
C8366,,Male,,Delhi,,,1454.83,,user8365@mail.com,,Canada
C8367,Rahul,Female,,Pune,2025-09-06,2024-06-20,,1.0,,,UK
C8368,Sneha,Female,,,2025-05-09,,,10.0,user8367@mail.com,,Canada
C8369,Rahul,Male,,Kolkata,,2024-05-23,,5.0,user8368@mail.com,,UK
C8370,Amit,,,,2023-03-14,,,,,,UK
C8371,Sneha,Male,,Bangalore,2022-05-17,,4951.8,,,9824114521,
C8372,Amit,Male,,Ahmedabad,,2023-08-20,,3.0,,,UK
C8373,Ankit,Female,59,Kolkata,,,,3.0,,9225479020,Australia
C8374,Rahul,Female,,Chennai,2024-10-26,,,5.0,,9856322913,India
C8375,Rahul,Female,60,Chennai,,,,10.0,user8374@mail.com,,Canada
C8376,Ravi,Male,49,Ahmedabad,,,968.43,3.0,,,Canada
C8377,Rahul,Female,,Bangalore,2021-10-18,,,,user8376@mail.com,,Canada
C8378,Rahul,,41,Delhi,2023-07-01,,,10.0,,,
C8379,Simran,Male,,Chennai,2023-09-22,2025-03-07,,2.0,,,USA
C8380,Ankit,Female,,Pune,,,1896.5,10.0,user8379@mail.com,,Australia
C8381,Rahul,Male,,,,2020-08-13,532.99,,,,
C8382,Priya,Male,27,Chennai,2024-05-29,2021-03-28,2508.6,,,,Canada
C8383,Neha,Female,58,Hyderabad,,2020-08-11,,,,,UK
C8384,Ankit,Male,,Delhi,,,,1.0,,,Canada
C8385,Neha,Female,,Pune,,2024-05-30,,2.0,user8384@mail.com,9795294519,India
C8386,Ankit,,54,Chennai,2023-06-27,,,,,9969922527,India
C8387,Pooja,Male,,Bangalore,,,,,user8386@mail.com,9134182541,
C8388,,Female,,Bangalore,2023-05-20,2024-06-26,,1.0,,,Australia
C8389,Pooja,,70,Delhi,,,,,,,USA
C8390,Sneha,,,,,,,,,,Australia
C8391,Ravi,Male,,Mumbai,2025-10-21,2024-05-09,,,user8390@mail.com,9532326798,UK
C8392,,,,Pune,2025-10-12,,2214.43,,user8391@mail.com,,India
C8393,Ankit,Female,35,,2025-02-23,2025-09-06,,,,9872562761,USA
C8394,Simran,Female,,,2024-08-18,,,,,,USA
C8395,Pooja,Male,,Hyderabad,,2026-01-11,,,,9323668733,India
C8396,,,,Hyderabad,2022-07-02,,,1.0,user8395@mail.com,,UK
C8397,,Female,19,Bangalore,,,,2.0,user8396@mail.com,,India
C8398,Sneha,Male,,Kolkata,,,,,user8397@mail.com,,USA
C8399,Sneha,,,Mumbai,2025-04-19,,,,user8398@mail.com,,Canada
C8400,Ravi,,58,,,,,,,,Canada
C8401,,Male,58,Bangalore,,,,,,,Australia
C8402,Ravi,Male,,,,,4511.74,,,,
C8403,Pooja,,,Mumbai,2025-06-01,,478.58,,,9630569545,Australia
C8404,Amit,Male,,,,,,,,9172090285,Canada
C8405,Priya,Female,,Chennai,2025-11-24,2023-09-09,,,,9297150221,Canada
C8406,Neha,Male,,Mumbai,,,,,,,India
C8407,,,,Pune,,,,,user8406@mail.com,,India
C8408,Pooja,Male,,Mumbai,,,,5.0,,,Australia
C8409,Neha,Female,23,Kolkata,,,,4.0,,9536482380,USA
C8410,Ankit,Female,,,2025-07-22,,,,,,Australia
C8411,Neha,,20,Ahmedabad,2024-11-13,,,,,9302845579,India
C8412,Priya,Female,23,Chennai,,,,,user8411@mail.com,9938263065,
C8413,Ravi,Male,,Ahmedabad,2021-03-16,,,,,,USA
C8414,Neha,Female,,Pune,2022-04-14,2020-12-23,,,,9552350254,Canada
C8415,Ankit,Male,,Kolkata,,,,,,,UK
C8416,Priya,Male,,Mumbai,,,,3.0,,,
C8417,,Male,,Chennai,,2024-08-03,,,,,
C8418,Ankit,,28,Kolkata,2024-03-03,2025-05-29,,1.0,user8417@mail.com,9712070081,USA
C8419,Sneha,Male,,Delhi,,,1536.71,,,,India
C8420,Rahul,,,Ahmedabad,2021-12-16,,,,,9922179651,India
C8421,Rahul,,,Pune,2021-04-05,2025-11-13,,,,,Australia
C8422,Pooja,Male,27,,2024-09-02,2020-08-25,,,user8421@mail.com,,
C8423,Ravi,Female,,Delhi,2023-06-26,,2087.71,5.0,user8422@mail.com,9971276549,Canada
C8424,Pooja,,,Hyderabad,,,3535.63,,,,India
C8425,Priya,Female,,Hyderabad,2026-01-19,,,,,,
C8426,Pooja,,44,Pune,2020-08-25,2020-11-24,,5.0,user8425@mail.com,9191478652,India
C8427,Pooja,,,Ahmedabad,,,,,,,USA
C8428,,Male,,Ahmedabad,,,,10.0,,,Australia
C8429,Ravi,Female,,Pune,2022-01-17,2021-11-08,,10.0,user8428@mail.com,9677665264,USA
C8430,Pooja,Male,36,Mumbai,,2025-05-04,,5.0,,,UK
C8431,Ankit,,,Ahmedabad,2022-09-13,2022-09-08,,2.0,,9955015967,USA
C8432,Ankit,Male,,Pune,,,,,,,Australia
C8433,Neha,Female,,,,,,10.0,,9712966105,Canada
C8434,Priya,Male,,Hyderabad,2021-01-21,2022-02-07,2769.07,4.0,,,Australia
C8435,Ravi,,,Delhi,2025-06-29,,,10.0,,9575607564,USA
C8436,Kiran,,,Delhi,2021-09-06,,,,,,
C8437,Kiran,,,,,,,10.0,user8436@mail.com,9915112629,
C8438,Ankit,Female,,Hyderabad,2022-04-12,2025-09-28,,,,,UK
C8439,Amit,,24,Hyderabad,2022-01-25,,,,user8438@mail.com,,Australia
C8440,,Female,,Mumbai,,,,1.0,,9747056848,USA
C8441,Rahul,Male,,Chennai,2023-07-07,,,10.0,user8440@mail.com,,Australia
C8442,Kiran,,,Bangalore,2024-09-01,,713.89,2.0,user8441@mail.com,,Australia
C8443,,Female,,Kolkata,2021-08-01,2020-12-20,4554.76,,,,India
C8444,,Male,,Bangalore,2023-03-25,,,1.0,,9618726608,
C8445,Simran,Female,,Bangalore,,,,3.0,,,USA
C8446,,Male,,Kolkata,2023-05-18,2021-04-05,472.96,,,,
C8447,Rahul,,,Bangalore,2024-12-24,,,,,9255347092,
C8448,Sneha,Female,,Delhi,2022-04-03,,,10.0,,,India
C8449,Sneha,Male,,Hyderabad,,2024-10-15,,5.0,user8448@mail.com,,Australia
C8450,Ankit,Male,,,,,,10.0,,9299157171,Australia
C8451,Sneha,Female,58,Bangalore,2024-12-02,2023-03-23,,5.0,user8450@mail.com,,
C8452,Ravi,Female,,Chennai,,,,2.0,,9757955240,
C8453,Sneha,Male,,Kolkata,,,,10.0,user8452@mail.com,,India
C8454,Ravi,,,Pune,2021-10-30,2023-01-04,446.1,10.0,,,USA
C8455,Simran,Female,,Delhi,2020-10-21,2023-03-09,,,user8454@mail.com,9175558898,Australia
C8456,Ravi,,,Pune,2020-10-04,,,10.0,,,
C8457,Neha,Male,,Chennai,,,,,,,India
C8458,Rahul,Female,,Chennai,2021-04-09,,,,user8457@mail.com,,
C8459,Simran,,,Mumbai,2024-12-19,2023-02-03,,,,,India
C8460,Neha,,41,,,,,,,9457949706,UK
C8461,,Female,,Kolkata,,2021-10-28,,2.0,user8460@mail.com,,Australia
C8462,Pooja,,,Chennai,2023-11-20,2023-06-23,,,user8461@mail.com,9732951090,Australia
C8463,Sneha,Male,,Bangalore,2023-05-05,,,5.0,,,USA
C8464,Amit,Female,,Bangalore,2023-10-05,2020-09-21,,1.0,,9936726542,Canada
C8465,Rahul,Male,,Chennai,2020-08-10,,4931.44,,user8464@mail.com,9120018169,
C8466,Ravi,Male,,Hyderabad,2023-04-11,2021-05-16,,,,9427535657,Canada
C8467,Ravi,,,,,,,,user8466@mail.com,,UK
C8468,Neha,Male,,Delhi,2023-06-29,,,3.0,,,USA
C8469,Amit,,43,Chennai,,,,,,,USA
C8470,Pooja,,,Ahmedabad,,2025-02-10,472.1,,,,Canada
C8471,Simran,,,Delhi,,,,,user8470@mail.com,,Canada
C8472,Ravi,,,Ahmedabad,,2022-04-16,,,user8471@mail.com,,USA
C8473,Kiran,,58,Chennai,2022-11-01,2022-05-07,4969.21,3.0,,9857966370,USA
C8474,Ankit,Male,,Bangalore,2025-05-03,,,1.0,,,Canada
C8475,Neha,Female,43,Pune,2021-08-21,,4526.59,,,9354489824,UK
C8476,Simran,Male,,Chennai,,,,1.0,,,
C8477,Simran,Male,,Bangalore,,,3494.25,,user8476@mail.com,,USA
C8478,Ankit,Female,,,,,,,,,UK
C8479,,Female,,Ahmedabad,2025-08-11,2026-01-03,,,,9318526872,India
C8480,Sneha,Female,,,,,2366.67,10.0,,,
C8481,Simran,Male,68,Delhi,2020-12-09,2021-01-18,,,,,USA
C8482,,Female,,Kolkata,2020-12-05,,,,user8481@mail.com,,India
C8483,Pooja,,,Hyderabad,,,1120.69,,user8482@mail.com,,USA
C8484,Amit,Female,,Pune,,,,,user8483@mail.com,,India
C8485,,Female,,Mumbai,2020-12-14,,,10.0,user8484@mail.com,9489891876,
C8486,Neha,Male,47,Chennai,2021-11-09,,3193.84,10.0,,,UK
C8487,Pooja,,,Chennai,,2023-11-12,,,,,USA
C8488,Sneha,Female,,Bangalore,,,,,,,Australia
C8489,Sneha,Male,,Bangalore,2021-08-24,,,2.0,,,UK
C8490,Neha,Female,36,Ahmedabad,,2022-12-02,,,,,Australia
C8491,Amit,Male,56,Delhi,2021-07-27,,,10.0,,,USA
C8492,Sneha,,56,Hyderabad,,2025-12-04,,3.0,,,
C8493,,Female,22,Mumbai,,2022-10-24,,,,,Australia
C8494,Priya,Female,,Hyderabad,2024-05-05,,,,,,Canada
C8495,Amit,,40,Kolkata,2022-02-02,,1971.75,10.0,user8494@mail.com,9201977846,Canada
C8496,Sneha,Male,,Hyderabad,,2024-10-07,,,,,Canada
C8497,Amit,Female,,Kolkata,,,,,,,Canada
C8498,Simran,Female,42,Mumbai,,,,1.0,,9607128409,India
C8499,Simran,Male,46,Mumbai,,2022-11-21,2636.37,,user8498@mail.com,,Australia
C8500,Simran,,,Mumbai,,2022-09-01,,,,,USA
C8501,,,65,Delhi,2025-12-27,2022-11-22,,,user8500@mail.com,,Australia
C8502,Priya,Male,,Ahmedabad,,,,5.0,,9804320297,India
C8503,Ankit,Female,,Ahmedabad,2021-01-21,2025-09-09,2150.14,10.0,,,Canada
C8504,Simran,,,Hyderabad,2021-06-07,,3503.9,,,,Australia
C8505,Rahul,Female,38,Delhi,,,,10.0,,9789577701,USA
C8506,Ravi,Male,67,Bangalore,,,1648.99,1.0,,,USA
C8507,Ravi,,52,Bangalore,,,,1.0,,,India
C8508,Rahul,,,Mumbai,2023-09-18,,,3.0,,,Australia
C8509,Amit,Male,53,Ahmedabad,,,,,,9689243178,UK
C8510,,Female,,Chennai,,2025-09-22,,,user8509@mail.com,,UK
C8511,Rahul,Male,,Mumbai,2022-10-17,,,10.0,,,USA
C8512,Kiran,Male,,Ahmedabad,,2024-11-21,2492.94,2.0,user8511@mail.com,,
C8513,Ravi,Male,,Mumbai,,2022-01-07,1696.05,3.0,,,Australia
C8514,Sneha,,,Delhi,2022-07-11,,,10.0,,,
C8515,Pooja,Female,,Kolkata,,,,10.0,,,UK
C8516,Neha,Male,,Pune,,,,,,,Australia
C8517,Kiran,,61,Kolkata,,,,,user8516@mail.com,9525660073,
C8518,,Male,,Kolkata,2022-05-02,,504.75,5.0,,,Australia
C8519,Neha,,,Pune,2025-02-12,,3114.54,3.0,,,Canada
C8520,Ravi,,29,Delhi,,2023-07-27,1095.37,,,,Australia
C8521,Rahul,Female,,Chennai,,,,3.0,,,UK
C8522,,Female,,Ahmedabad,,2025-03-01,4367.0,3.0,,,Canada
C8523,Ankit,Male,43,,2023-10-27,2020-11-14,,10.0,,,USA
C8524,,Female,,Bangalore,,,4301.73,10.0,,,Canada
C8525,Priya,,,Bangalore,,,,,user8524@mail.com,9381201051,Australia
C8526,Ankit,Male,,Bangalore,2023-02-15,,3715.13,10.0,,9155822220,Canada
C8527,Kiran,Female,27,Pune,,2023-05-08,,,,,USA
C8528,Simran,Female,,Pune,2022-06-20,2025-06-19,,4.0,,,
C8529,Rahul,Female,,Ahmedabad,,2024-12-23,,,,,
C8530,Rahul,Female,,Chennai,,,,,user8529@mail.com,9805088026,India
C8531,Sneha,Female,24,Ahmedabad,2022-10-26,,2338.45,1.0,,,
C8532,,Male,18,Hyderabad,,,,,user8531@mail.com,,Canada
C8533,Amit,Female,,Chennai,2025-04-05,2021-01-30,,5.0,user8532@mail.com,9910191690,USA
C8534,Ankit,Female,,Hyderabad,,,,,user8533@mail.com,,Canada
C8535,Ravi,Male,,Chennai,2025-12-28,2024-03-09,,3.0,,,
C8536,Pooja,Male,,Bangalore,2023-02-03,,,,user8535@mail.com,,Australia
C8537,,,,Hyderabad,,2023-09-12,,,user8536@mail.com,9934163930,Australia
C8538,Priya,,,Chennai,2023-10-21,,4108.23,10.0,,,USA
C8539,,Female,,Hyderabad,,2020-12-12,2708.93,,,,India
C8540,,Female,54,Bangalore,2020-12-19,2022-06-08,412.92,10.0,,9482723823,UK
C8541,Simran,Male,,Delhi,2021-10-29,,,,,,UK
C8542,Neha,Male,48,Bangalore,2024-12-23,,,,,,Canada
C8543,Pooja,Female,,Bangalore,2023-07-23,,,1.0,,9693156239,India
C8544,Simran,Female,41,Delhi,,,,,,9531889458,UK
C8545,,Female,69,Chennai,2024-11-19,,,10.0,,,Canada
C8546,Neha,,21,Mumbai,2025-08-15,,,10.0,user8545@mail.com,,USA
C8547,Simran,Female,,Mumbai,2024-08-27,2021-11-05,,10.0,user8546@mail.com,,India
C8548,Neha,Female,,Pune,2025-07-11,,,3.0,,,USA
C8549,Neha,Female,,Bangalore,,,3386.15,10.0,,,Australia
C8550,Pooja,Female,,Bangalore,,,,3.0,,,UK
C8551,Sneha,Female,,Ahmedabad,2025-11-29,,,10.0,,,India
C8552,Rahul,,,Chennai,,2021-05-27,,10.0,user8551@mail.com,9980828575,UK
C8553,,Female,,Kolkata,2023-01-07,,,10.0,,,Canada
C8554,Amit,Male,,Kolkata,,,,10.0,,,UK
C8555,Kiran,,36,Chennai,2020-08-09,2025-03-06,,10.0,,9871721501,USA
C8556,Amit,Female,44,Chennai,,2025-10-19,,1.0,,9786104779,Canada
C8557,Neha,,,Kolkata,2023-08-27,2024-11-23,3922.4,,,,USA
C8558,Sneha,Female,,Delhi,2022-07-26,2023-04-21,,,user8557@mail.com,,Australia
C8559,,,,Ahmedabad,2024-07-20,,,10.0,,,USA
C8560,Priya,Female,,Delhi,,2024-12-25,,10.0,user8559@mail.com,,
C8561,Ankit,Female,,Mumbai,2024-07-27,,,,user8560@mail.com,,Canada
C8562,Simran,Female,,Chennai,,,2778.93,10.0,user8561@mail.com,9584097923,
C8563,,Male,,Pune,2025-04-07,,,,user8562@mail.com,,
C8564,Amit,Male,,Delhi,2024-06-12,2023-06-06,,,,,Australia
C8565,Amit,,,,,,4800.2,3.0,,,
C8566,,Female,,Pune,,,,,,,
C8567,Sneha,,64,Chennai,,,,4.0,,,UK
C8568,Simran,Female,,Bangalore,,,,10.0,user8567@mail.com,,Australia
C8569,Neha,Male,,Ahmedabad,,2025-09-17,,,,9395218636,UK
C8570,,,,Delhi,2021-09-28,,2378.45,3.0,,,India
C8571,Pooja,Female,47,,,2020-11-17,,10.0,,9586342290,
C8572,Ankit,Female,,Bangalore,2024-05-04,,,10.0,,9622941735,Australia
C8573,Ankit,Male,,Delhi,2023-09-27,,4762.42,,user8572@mail.com,,UK
C8574,Priya,,45,Chennai,,,,,user8573@mail.com,,Australia
C8575,Kiran,,,Chennai,2024-10-17,,,10.0,,9181780315,Canada
C8576,Simran,Female,,Chennai,,,,,,,Australia
C8577,Neha,Female,35,Delhi,,,,2.0,user8576@mail.com,9496094942,USA
C8578,Ravi,Male,,Chennai,2023-02-24,,,,,9397573691,USA
C8579,Sneha,Female,,Delhi,2023-11-17,2022-11-30,,,user8578@mail.com,,Australia
C8580,Priya,Female,51,Kolkata,,,,,,,
C8581,,,,Mumbai,,,,10.0,,9345961292,UK
C8582,Ravi,Female,,Kolkata,2025-03-05,2025-04-12,,,,,
C8583,Simran,,,Kolkata,,,,4.0,user8582@mail.com,,USA
C8584,Simran,,41,,,2022-01-30,,,user8583@mail.com,,USA
C8585,Simran,Male,,Pune,,,,,,,
C8586,Priya,Male,,Pune,,,,10.0,,,Australia
C8587,Ravi,Male,,Bangalore,2024-12-03,2022-03-20,,10.0,,,Australia
C8588,Ravi,Female,,Ahmedabad,2024-07-05,,,,,,Canada
C8589,Neha,Male,,Ahmedabad,2021-03-30,2020-10-29,,,,,USA
C8590,Simran,Male,,Kolkata,2025-08-07,2023-11-02,,10.0,,9372258556,Canada
C8591,Simran,Male,,Hyderabad,2022-08-28,,,10.0,,9167578854,USA
C8592,Amit,Male,28,Hyderabad,2025-01-07,,,10.0,,9160340940,
C8593,Pooja,Female,69,Delhi,,2024-09-13,,,user8592@mail.com,,USA
C8594,Sneha,,28,Ahmedabad,2022-03-27,,2804.72,,,,Canada
C8595,,Male,,,,,,,user8594@mail.com,,India
C8596,Amit,Female,,Delhi,2022-12-20,,,,,,
C8597,Pooja,Male,,Delhi,2023-05-09,,4517.97,,,,Australia
C8598,Priya,,52,Mumbai,,,,,,9396547383,Canada
C8599,Ankit,Female,,Pune,,,,10.0,,,UK
C8600,Sneha,Female,,,,,1045.64,10.0,user8599@mail.com,,UK
C8601,Sneha,Female,,,,2022-09-06,,,,9649769092,UK
C8602,Kiran,Female,,,2025-09-08,,,10.0,,,India
C8603,Priya,Male,,Bangalore,,,,,,9550164209,Canada
C8604,,,25,Delhi,2023-06-06,2023-02-24,,,,,USA
C8605,Ankit,Male,24,,2021-05-23,,1940.98,,,,Australia
C8606,Neha,,,,2025-06-29,2025-10-24,4032.71,,user8605@mail.com,,
C8607,Kiran,Female,29,Kolkata,,,4040.39,10.0,,,USA
C8608,Amit,,,Pune,,,,3.0,,9726820015,USA
C8609,Pooja,Male,45,Hyderabad,2024-11-27,,,10.0,user8608@mail.com,,USA
C8610,,Female,,Hyderabad,,,1810.64,,,,USA
C8611,Rahul,Female,,Ahmedabad,,,,3.0,user8610@mail.com,,UK
C8612,Neha,,29,Pune,2023-02-11,,,,user8611@mail.com,,Canada
C8613,,,,Mumbai,2025-12-09,,,,user8612@mail.com,,Australia
C8614,Simran,Male,,Bangalore,,2023-03-15,442.53,3.0,,,India
C8615,Sneha,Male,18,Hyderabad,2022-09-03,,,,user8614@mail.com,9194045544,UK
C8616,Kiran,Male,,Hyderabad,2021-06-06,,,3.0,,,Canada
C8617,,Male,67,Hyderabad,,,,3.0,user8616@mail.com,,USA
C8618,Sneha,Male,,Delhi,2021-05-18,,518.97,10.0,,,
C8619,Sneha,Female,,Kolkata,2022-03-29,,961.98,1.0,,,USA
C8620,Pooja,Male,,Hyderabad,,2022-10-13,80.19,10.0,user8619@mail.com,,Australia
C8621,Amit,,,Delhi,,,4324.14,10.0,,,UK
C8622,Priya,Male,,Bangalore,,,,,,,USA
C8623,Rahul,,,Chennai,2025-03-20,2023-09-18,,10.0,,9778919496,USA
C8624,Neha,Male,,Mumbai,,,4851.08,,,,UK
C8625,Kiran,Male,68,Delhi,2021-12-02,2023-10-15,,,,,Australia
C8626,Neha,,,Mumbai,2022-06-09,,3084.51,10.0,,,
C8627,Pooja,Male,37,Ahmedabad,2021-03-30,,,,,9130894016,Canada
C8628,Neha,Male,62,Pune,,,3453.14,,,9911959461,India
C8629,Ankit,Male,50,Delhi,2023-06-14,2021-04-13,,10.0,user8628@mail.com,9486267072,
C8630,Ankit,Female,,Ahmedabad,2025-01-04,2020-11-30,,,,9985744416,USA
C8631,Ankit,Female,36,Kolkata,2023-06-17,,,10.0,,9152749935,Australia
C8632,Kiran,Female,20,Ahmedabad,,,,,user8631@mail.com,,Canada
C8633,Ankit,Male,,Pune,,,,10.0,,,India
C8634,Simran,Female,,Delhi,2021-05-02,2024-10-26,,,user8633@mail.com,9438584169,UK
C8635,Simran,Male,23,Pune,,,,,,9327352415,India
C8636,Ravi,Male,20,Chennai,2022-08-23,,,,,,
C8637,Kiran,Female,,Chennai,2021-12-21,,,,user8636@mail.com,,Canada
C8638,Pooja,Female,,Pune,,2022-12-27,,,,,UK
C8639,,,31,Ahmedabad,,,3890.75,10.0,,,India
C8640,Simran,Male,31,,2024-05-17,,,10.0,,,
C8641,Kiran,Female,,Kolkata,,,,,,,Canada
C8642,,,,Hyderabad,,,,10.0,user8641@mail.com,9458752520,India
C8643,Simran,,,Kolkata,,,,10.0,,,USA
C8644,Kiran,Male,,Hyderabad,2022-05-12,2021-07-02,,,,,Australia
C8645,Simran,,,Mumbai,,,,3.0,,,Australia
C8646,Kiran,,70,Pune,,,,,user8645@mail.com,,Canada
C8647,Ankit,Female,,Delhi,,,,,,9475707649,UK
C8648,Pooja,Male,,Mumbai,,2022-03-21,,10.0,,,
C8649,Rahul,,32,Delhi,2021-04-27,,,,,,UK
C8650,Amit,Female,18,Pune,2022-11-18,,,1.0,,,Australia
C8651,Ankit,Male,,Hyderabad,2023-03-01,,,,,,Australia
C8652,Pooja,,,Ahmedabad,,2023-05-14,,1.0,user8651@mail.com,,USA
C8653,Simran,Male,,Ahmedabad,,,,10.0,,,
C8654,Kiran,Female,,Kolkata,2024-07-27,,1821.79,,,,
C8655,Simran,Male,28,,2022-04-17,2023-06-19,,10.0,,,Canada
C8656,Priya,,,Chennai,2024-02-07,,1368.13,,user8655@mail.com,,USA
C8657,,Male,65,,2021-01-16,2023-02-17,2200.39,10.0,user8656@mail.com,,UK
C8658,Ankit,Female,62,Delhi,,,,10.0,,,Canada
C8659,Neha,Female,,Mumbai,2025-04-07,,,2.0,,,
C8660,Kiran,,,Pune,2022-06-17,,1737.12,10.0,,,India
C8661,Ankit,Male,,Hyderabad,2021-06-28,2023-02-18,,,,,India
C8662,Rahul,,,Hyderabad,,,,,user8661@mail.com,,UK
C8663,Ankit,Male,45,Mumbai,,2023-08-30,,5.0,,9680229667,Canada
C8664,,Male,,Bangalore,2024-08-10,,,,,,Australia
C8665,Ankit,Male,,Chennai,2021-03-23,2023-05-14,,2.0,,,UK
C8666,Simran,,,Mumbai,2024-03-01,,,,,,
C8667,Ravi,,37,Kolkata,,2025-10-02,,10.0,user8666@mail.com,,USA
C8668,Priya,Male,,Bangalore,,,,10.0,,,Canada
C8669,Rahul,Male,39,,2024-11-16,,,10.0,,9324874035,India
C8670,Pooja,,,Hyderabad,,,,,,,USA
C8671,,Male,,Pune,,,,2.0,,,Australia
C8672,Ankit,Female,,Ahmedabad,2025-05-27,,,1.0,,,UK
C8673,Ankit,Female,,Kolkata,,,,10.0,,,
C8674,Sneha,Female,,Bangalore,2022-07-04,2020-09-10,,1.0,,,Canada
C8675,,Female,54,Bangalore,,2023-08-23,,,,,UK
C8676,Simran,Female,57,Ahmedabad,,,1886.32,,,,USA
C8677,Ravi,,,Hyderabad,2024-06-23,,,5.0,,,
C8678,Sneha,Female,,Pune,,,,10.0,,,Canada
C8679,Neha,,,Mumbai,2021-08-06,2022-05-25,,,user8678@mail.com,9989950386,India
C8680,Kiran,Female,,Delhi,,2021-06-20,,,user8679@mail.com,,USA
C8681,Kiran,,49,Ahmedabad,,,,2.0,,9561596108,UK
C8682,Neha,Female,,Delhi,,,,,user8681@mail.com,,Australia
C8683,Pooja,,,Ahmedabad,2021-05-23,,,,,,Australia
C8684,Kiran,Male,,Hyderabad,,2022-10-08,,,user8683@mail.com,9316521799,Canada
C8685,Amit,,,Kolkata,,2025-05-12,2376.48,,,9510500320,UK
C8686,Amit,Male,66,Bangalore,2023-07-05,2026-01-12,,10.0,,,UK
C8687,Sneha,Male,,Ahmedabad,2021-05-27,,,,user8686@mail.com,,UK
C8688,Pooja,,,,2020-08-11,,,10.0,user8687@mail.com,,Australia
C8689,Ankit,Female,45,Chennai,,,1543.62,10.0,,,Australia
C8690,Rahul,Female,,Kolkata,,,2576.64,,user8689@mail.com,9466426522,India
C8691,Ankit,Female,,Pune,,,4698.35,,,,UK
C8692,Rahul,Female,,Ahmedabad,2024-04-17,2024-10-24,,,,,
C8693,Kiran,Female,,Hyderabad,,,2051.06,,,,
C8694,Kiran,Female,,,,,,2.0,,,
C8695,Rahul,,,Kolkata,2022-07-01,,,,,,
C8696,Pooja,Female,,Mumbai,,,,,user8695@mail.com,,
C8697,,Female,,Kolkata,2025-01-16,2022-07-05,3120.18,1.0,,,Australia
C8698,Pooja,Male,,Mumbai,,,,,,9627757174,
C8699,,Male,,Delhi,2024-05-18,,,,,,
C8700,Simran,,,Pune,2021-01-24,,,2.0,,,USA
C8701,Ravi,,,Ahmedabad,,,777.16,3.0,,,UK
C8702,Rahul,Female,,Chennai,,,,,user8701@mail.com,9229925400,Australia
C8703,Neha,,,Chennai,2025-04-11,2022-08-31,,5.0,,,USA
C8704,,Female,,Delhi,,,,,,,Australia
C8705,Rahul,Female,,Ahmedabad,2025-03-06,,,1.0,,9183193318,Australia
C8706,Kiran,Male,,Kolkata,,,425.28,,,9376633686,India
C8707,Priya,Male,,Bangalore,,,,,,,India
C8708,Pooja,Male,,,,2023-05-13,4341.45,,,,India
C8709,,Male,,,,,3905.23,,user8708@mail.com,,India
C8710,Priya,Male,,Ahmedabad,2022-10-01,,,10.0,,,Australia
C8711,Ankit,Male,,,2025-01-08,2024-10-17,,5.0,user8710@mail.com,,Australia
C8712,Simran,,,Pune,2023-09-27,,,,,,Canada
C8713,Priya,Male,,Mumbai,,,4697.49,10.0,,9737138155,Australia
C8714,Ravi,Male,,Pune,,,,,,,
C8715,Simran,,,,2023-05-07,,,,,9263051592,
C8716,Rahul,Female,70,Hyderabad,,2021-10-11,,3.0,user8715@mail.com,,UK
C8717,Neha,Female,66,Ahmedabad,,,911.3,,,,
C8718,Simran,,,Hyderabad,2025-08-03,,2766.36,,,9710518275,Australia
C8719,Kiran,Female,,Chennai,,,,,,,India
C8720,Amit,Female,,Ahmedabad,,2023-02-12,4522.32,,,,
C8721,Ravi,,34,Kolkata,,,,,,,India
C8722,,Female,33,Bangalore,,2022-02-27,,,,,UK
C8723,Ankit,Male,22,Mumbai,,,,10.0,,,UK
C8724,Ankit,Female,,,,,,10.0,,,USA
C8725,Priya,Male,,Kolkata,,,,,,9518138079,India
C8726,Kiran,Female,51,Pune,,2025-11-17,,10.0,,9580300565,India
C8727,Sneha,Male,,Bangalore,,,,,,9674430843,Australia
C8728,,Female,27,Mumbai,,,,,,,India
C8729,Pooja,,,Hyderabad,,,3592.18,10.0,,,USA
C8730,,Male,,Pune,2023-03-13,2024-07-18,,10.0,user8729@mail.com,,
C8731,Neha,,,Hyderabad,2021-05-28,,,,,,Australia
C8732,,,,Chennai,,,2738.49,1.0,,,USA
C8733,Neha,Male,54,Delhi,,,118.93,,,,USA
C8734,Amit,Male,,Bangalore,2022-08-24,2020-10-07,,10.0,,,India
C8735,Rahul,Female,19,Ahmedabad,,2020-10-28,,10.0,,,Canada
C8736,Sneha,Male,,Delhi,2024-02-28,2022-12-17,3895.45,,,9810195567,India
C8737,Ravi,Female,,Chennai,,2023-11-06,,,,,India
C8738,Sneha,Male,,Delhi,,,3923.23,10.0,,,
C8739,,Female,38,Hyderabad,,2020-12-02,,,,,India
C8740,Simran,Female,,Hyderabad,2025-08-10,2022-04-08,,,,,USA
C8741,Priya,Female,,Chennai,2021-03-27,,,,,,UK
C8742,Priya,Female,,Chennai,,,1063.97,10.0,,,
C8743,Amit,Female,59,,2023-12-14,,,10.0,,,USA
C8744,Kiran,Male,29,Delhi,2021-12-08,,,10.0,,,Australia
C8745,Priya,Male,,Bangalore,,2020-09-21,2556.55,10.0,user8744@mail.com,,USA
C8746,Ankit,Female,,Pune,2025-04-26,2021-06-26,,,user8745@mail.com,,Australia
C8747,Simran,,20,Delhi,2024-11-21,,,,,,Canada
C8748,Pooja,Male,,Ahmedabad,,2020-12-16,,,,,USA
C8749,Ankit,Female,,,2021-11-01,2025-01-27,,,,,Australia
C8750,Sneha,Male,,Mumbai,,,,2.0,,,Canada
C8751,Ankit,Female,,Ahmedabad,,,,,,,
C8752,,Female,,Kolkata,2020-11-01,2024-03-23,573.27,,,,Australia
C8753,Amit,Female,,,2023-05-29,2022-06-20,,,,9932219149,UK
C8754,Amit,Female,,Hyderabad,,,,,user8753@mail.com,,USA
C8755,Amit,Male,48,Chennai,,2023-09-08,,,user8754@mail.com,,UK
C8756,Ankit,Male,,Kolkata,,,,,user8755@mail.com,,UK
C8757,Kiran,Female,,Kolkata,,,,,,,Canada
C8758,Sneha,Female,,,,,,,,,USA
C8759,Priya,Female,57,Delhi,2023-02-11,,,,,9178919288,India
C8760,Kiran,Male,56,Kolkata,2023-01-13,,,,,,UK
C8761,Priya,Male,,Chennai,,,,,user8760@mail.com,,USA
C8762,Priya,,,Kolkata,,,668.35,,user8761@mail.com,9891509892,Canada
C8763,Sneha,Female,,Delhi,2023-09-09,2020-11-28,,1.0,,,Australia
C8764,,Female,43,,,2024-03-28,,,user8763@mail.com,9931836488,USA
C8765,Amit,Male,,Pune,,2023-01-31,,,user8764@mail.com,9930577247,USA
C8766,,Male,,Delhi,2024-04-11,,,4.0,user8765@mail.com,,India
C8767,Amit,Male,,Pune,2023-11-26,,1622.42,,,,Australia
C8768,Ravi,Female,,Delhi,,,3928.38,,,,UK
C8769,Rahul,Male,,Delhi,,2022-04-19,,,user8768@mail.com,,Australia
C8770,Amit,,,Chennai,2023-03-12,2021-03-26,,10.0,user8769@mail.com,,Canada
C8771,Simran,,,Mumbai,,,,5.0,user8770@mail.com,9875900295,Australia
C8772,Priya,,,Chennai,2023-11-01,,3834.16,10.0,,,Canada
C8773,Ankit,Female,,Pune,2023-04-23,2020-12-12,,,,,Canada
C8774,Ankit,Female,,Chennai,,2022-01-27,,2.0,,,India
C8775,,Female,,Delhi,,,,3.0,,9469972290,Australia
C8776,Ankit,,,Bangalore,2024-08-11,,,,,,
C8777,Rahul,,38,Mumbai,,,,1.0,,9940867109,USA
C8778,Simran,Female,,Mumbai,,,,10.0,user8777@mail.com,,UK
C8779,Rahul,,,Ahmedabad,2020-11-10,,,10.0,,9518542353,USA
C8780,Amit,,,Mumbai,2024-06-23,,,1.0,user8779@mail.com,,India
C8781,Neha,,,Pune,,,,10.0,,,Canada
C8782,Kiran,Female,47,Ahmedabad,2025-07-17,2021-03-04,,3.0,,9813380470,Australia
C8783,Neha,Male,,,2024-04-02,2025-08-11,,,,9272530302,UK
C8784,Sneha,Male,,Mumbai,,,,10.0,,9548862100,India
C8785,Rahul,Female,,Pune,2022-10-06,,,,,,
C8786,,Female,59,,2025-08-13,,2424.92,2.0,,,UK
C8787,Ankit,Female,,Pune,2024-01-25,,,1.0,,,Australia
C8788,Ravi,Male,,Hyderabad,2021-12-12,,,10.0,user8787@mail.com,,India
C8789,Priya,Male,,Chennai,,2022-02-24,,10.0,,,Australia
C8790,Kiran,Male,,Hyderabad,,,4471.28,,user8789@mail.com,,India
C8791,Ankit,Female,,Ahmedabad,,2023-12-28,,10.0,,,Australia
C8792,Rahul,,67,Mumbai,,,,10.0,user8791@mail.com,,UK
C8793,Kiran,Male,,Ahmedabad,,,,,,9571795773,
C8794,Pooja,,,Chennai,2023-01-15,,,,user8793@mail.com,,USA
C8795,Priya,Female,,Bangalore,2021-11-18,2022-03-28,2351.5,,,,USA
C8796,Ankit,,46,Ahmedabad,2023-09-13,,,10.0,,,Australia
C8797,Ankit,Male,,,2025-10-12,2026-01-06,,4.0,,9733392771,
C8798,Ravi,Male,,Mumbai,,,484.18,,,,Australia
C8799,Rahul,Male,,Kolkata,2023-01-05,,2895.3,,,,UK
C8800,Priya,Female,,Mumbai,2024-06-09,2024-11-27,,,,,UK
C8801,Rahul,Male,,Bangalore,,,,3.0,,9488999463,Australia
C8802,Sneha,,,Delhi,2025-04-11,2025-01-16,,,user8801@mail.com,,India
C8803,Sneha,,,Kolkata,,,,,user8802@mail.com,,UK
C8804,Amit,Female,,Bangalore,,2022-11-05,,,,9337017430,Australia
C8805,Rahul,Male,,Kolkata,,2024-11-26,,,user8804@mail.com,,
C8806,Sneha,Male,,Chennai,,,1493.3,,,9362788345,USA
C8807,Neha,Male,64,Hyderabad,,,4832.79,10.0,user8806@mail.com,,UK
C8808,Neha,Male,,Chennai,2024-02-20,2020-09-24,,2.0,user8807@mail.com,,UK
C8809,Pooja,Male,,,2021-07-13,2023-03-16,,3.0,user8808@mail.com,,Canada
C8810,,,,Kolkata,2024-12-13,,,,,,USA
C8811,Sneha,Female,,Bangalore,,2024-11-28,,3.0,user8810@mail.com,,
C8812,Ankit,Female,,Mumbai,,2021-08-09,,,user8811@mail.com,,Australia
C8813,Ravi,Female,59,Hyderabad,,,,,,,UK
C8814,,Male,,Chennai,2025-02-07,2024-05-20,940.44,,user8813@mail.com,,Australia
C8815,Ravi,Male,59,Bangalore,,2021-10-16,,,,9577846346,Canada
C8816,Simran,Male,,Mumbai,,2022-09-18,,1.0,,9194504059,India
C8817,Ankit,,,Hyderabad,,,,,user8816@mail.com,,USA
C8818,Ankit,Female,,Ahmedabad,,,,3.0,user8817@mail.com,9615636650,UK
C8819,Ravi,Male,,,2023-10-15,,,3.0,,,USA
C8820,Simran,Female,,Mumbai,,,,10.0,user8819@mail.com,,Canada
C8821,Amit,Male,,Bangalore,,2022-10-29,,10.0,,,UK
C8822,Rahul,Female,,Kolkata,,2022-07-13,810.82,,,,UK
C8823,Sneha,Male,,Pune,2022-03-02,2025-12-07,,10.0,user8822@mail.com,,India
C8824,Ankit,Female,,Kolkata,,2021-06-01,,5.0,,9346670271,USA
C8825,Pooja,,,,,,4745.6,,,9675816091,
C8826,Neha,,,Hyderabad,2025-03-03,2020-12-28,,,,,USA
C8827,Ankit,Male,,Hyderabad,2023-12-26,,2537.6,10.0,,,Australia
C8828,Simran,,,Mumbai,2025-06-04,,,,,,
C8829,Priya,Male,,Ahmedabad,2024-01-09,,,10.0,,,Australia
C8830,Rahul,Male,,Delhi,2022-01-04,2021-10-16,1579.71,3.0,,,Australia
C8831,Rahul,,,Delhi,2022-03-16,,,10.0,user8830@mail.com,,Canada
C8832,Priya,,33,Chennai,2025-04-03,,,,,,India
C8833,Ravi,Female,33,,,,,10.0,,,USA
C8834,Kiran,Male,51,Delhi,,,,3.0,,9744466069,India
C8835,,Male,61,Delhi,,2025-08-31,,5.0,,,UK
C8836,Ravi,Male,52,Chennai,,,1692.99,10.0,,,USA
C8837,Sneha,Male,25,Hyderabad,2021-10-26,,,,,,Australia
C8838,Sneha,Female,51,Chennai,,,,10.0,,9610537259,UK
C8839,Simran,,,Kolkata,,,,,user8838@mail.com,,USA
C8840,Priya,Male,,,,,,,,9660824545,India
C8841,Ravi,Female,25,Mumbai,2023-01-08,2026-01-17,,,,,UK
C8842,Kiran,,,Hyderabad,2026-01-11,,,1.0,,,USA
C8843,Kiran,Female,,Kolkata,2021-09-17,,1924.65,,,9849641052,India
C8844,Rahul,Female,,Pune,,2023-02-06,4295.31,2.0,,,USA
C8845,Ravi,Female,,Chennai,,2020-08-11,,10.0,user8844@mail.com,9950505917,Australia
C8846,Priya,,,Kolkata,,2022-03-29,4898.86,,user8845@mail.com,,
C8847,Sneha,Female,,Chennai,2024-03-15,,,10.0,user8846@mail.com,,India
C8848,Ravi,Female,,Pune,,,,10.0,,9186148493,
C8849,Ravi,,,Delhi,,2023-01-02,3916.85,,,,UK
C8850,Amit,Male,,Mumbai,2023-01-30,2024-02-09,,4.0,user8849@mail.com,,
C8851,Ankit,Female,,Mumbai,2024-09-20,,,,user8850@mail.com,,USA
C8852,Ravi,,,Hyderabad,,,,,,,Canada
C8853,,,33,Bangalore,,,3049.58,10.0,,,UK
C8854,Ankit,Female,,Hyderabad,2025-12-11,,3830.13,5.0,user8853@mail.com,9358993567,
C8855,Rahul,Female,,Mumbai,2020-12-01,2024-05-24,,2.0,,,India
C8856,,Male,,Pune,2024-07-26,,1365.18,,,,India
C8857,Priya,,,Delhi,2023-04-15,2024-12-13,,5.0,user8856@mail.com,,UK
C8858,,Female,,Hyderabad,2020-08-24,,,3.0,,,Canada
C8859,Amit,Male,,Hyderabad,2021-04-27,,,1.0,user8858@mail.com,9517260746,India
C8860,Sneha,Male,,Ahmedabad,,2021-07-21,,2.0,,9766634595,Canada
C8861,Ravi,Male,,Ahmedabad,2025-02-13,,,,,,Canada
C8862,Kiran,Female,,Kolkata,,,,4.0,user8861@mail.com,,UK
C8863,Amit,,,Mumbai,2021-12-27,2024-12-08,4267.35,,,,India
C8864,Pooja,Female,45,Ahmedabad,2024-09-17,,950.02,,user8863@mail.com,9956219176,Australia
C8865,Neha,Female,,Ahmedabad,2023-02-19,,,10.0,,9685380353,USA
C8866,Pooja,,,Delhi,,,4962.19,10.0,,,Canada
C8867,,,,Pune,,,4951.92,,,,India
C8868,Neha,Female,,Hyderabad,2025-05-01,,,10.0,user8867@mail.com,,
C8869,Rahul,Male,30,Bangalore,,,,,,,
C8870,,Male,,Hyderabad,2023-03-20,,,4.0,,9505159223,India
C8871,Simran,Female,22,Mumbai,,,2103.61,,user8870@mail.com,,
C8872,,,,,2021-04-14,2022-06-23,,10.0,user8871@mail.com,,USA
C8873,Amit,Female,48,Kolkata,,,1888.12,,,,India
C8874,Neha,Male,40,Delhi,,,,10.0,,,USA
C8875,Priya,Male,,Pune,,,,,user8874@mail.com,,India
C8876,Pooja,Male,,Delhi,2020-11-12,,,5.0,,,Australia
C8877,Ravi,Male,33,,2024-05-22,,,,,9337022264,Canada
C8878,Pooja,,,Mumbai,2020-11-17,,132.39,5.0,,,Canada
C8879,Ankit,Female,,Mumbai,,,1557.72,,,,
C8880,Kiran,Female,28,Mumbai,,2023-04-22,,,,,UK
C8881,Rahul,Female,,Kolkata,2025-01-27,,,,,,UK
C8882,Ravi,,,Hyderabad,,2025-02-13,,10.0,,,Australia
C8883,Simran,,61,Delhi,2023-09-30,,,10.0,,,
C8884,,Female,,,,,,,,,Canada
C8885,Pooja,Male,,Delhi,2023-10-16,,1536.6,2.0,user8884@mail.com,,UK
C8886,Ravi,Female,,Pune,2024-12-01,,,,user8885@mail.com,9792989570,UK
C8887,,Female,,Kolkata,2023-02-10,,,,,,UK
C8888,,Female,,Hyderabad,,,,2.0,,9307715279,Canada
C8889,Amit,Female,,Delhi,2022-01-27,,,,,,USA
C8890,Amit,Male,20,Delhi,,,,,user8889@mail.com,,USA
C8891,Ankit,Male,,Hyderabad,,2022-07-04,,,,,Australia
C8892,,Male,,Pune,,2023-07-02,,2.0,user8891@mail.com,,UK
C8893,,Female,,Chennai,,,1221.32,,,9467315498,USA
C8894,Neha,,40,Chennai,2020-12-02,,,,user8893@mail.com,,
C8895,Pooja,,,Bangalore,2025-07-30,,262.52,10.0,,,UK
C8896,Neha,Female,,Ahmedabad,2024-07-06,,,3.0,,,USA
C8897,Rahul,,,Bangalore,,2022-07-29,789.08,10.0,,,India
C8898,Neha,Male,22,Pune,,,,10.0,user8897@mail.com,,UK
C8899,Ravi,Female,,Mumbai,,,1142.05,10.0,user8898@mail.com,9894936269,UK
C8900,Priya,Male,,Mumbai,,,,,,9550006817,Canada
C8901,,Female,,Pune,2020-12-20,2021-10-10,3554.79,,user8900@mail.com,,UK
C8902,Neha,Male,,Kolkata,2023-06-05,,2875.64,,,,Australia
C8903,Ravi,Male,,Hyderabad,2021-09-09,,,,,,UK
C8904,Simran,,,Ahmedabad,2020-12-02,,,1.0,,,
C8905,Ankit,Female,,Pune,2024-12-28,,,,,,UK
C8906,Rahul,Female,,Pune,2023-09-16,,,10.0,,,India
C8907,Amit,Female,,Kolkata,2024-05-14,,,,,,
C8908,Sneha,Male,,Mumbai,2025-02-05,2022-09-23,,,,,India
C8909,Ravi,Male,18,Bangalore,2023-10-13,2024-08-22,,,,,Australia
C8910,Simran,Female,,Mumbai,,,,10.0,user8909@mail.com,,India
C8911,Pooja,Female,,Ahmedabad,2023-05-26,,,2.0,user8910@mail.com,9387562410,UK
C8912,Rahul,Female,44,Ahmedabad,2022-05-18,,,,user8911@mail.com,,India
C8913,Ravi,Male,27,Hyderabad,2023-01-20,,,,user8912@mail.com,,
C8914,Priya,Female,,Mumbai,,,,,user8913@mail.com,,India
C8915,Priya,,,Pune,2024-06-01,2020-12-13,3268.8,2.0,user8914@mail.com,,UK
C8916,Sneha,Male,,Hyderabad,,,,,,,Australia
C8917,Simran,Female,,Hyderabad,,,,,user8916@mail.com,9700835947,India
C8918,Rahul,Female,46,Delhi,,2024-04-13,4599.33,,,9185992669,UK
C8919,,Female,,Kolkata,,,4448.01,10.0,,,
C8920,Priya,,,Ahmedabad,2022-10-15,,,10.0,,,Australia
C8921,,Female,,Chennai,,,4702.57,,,,USA
C8922,Rahul,,47,Mumbai,2024-03-12,2022-05-11,2655.76,5.0,user8921@mail.com,,USA
C8923,Rahul,Female,69,Hyderabad,2021-08-28,2023-06-02,,,user8922@mail.com,9913228836,USA
C8924,Pooja,Female,,Ahmedabad,2024-01-02,,4349.34,10.0,,9838439662,UK
C8925,Ravi,Male,,Bangalore,2023-11-25,,,10.0,user8924@mail.com,,
C8926,Kiran,Female,,Kolkata,2024-05-31,,493.78,10.0,,,Canada
C8927,Pooja,Male,29,Bangalore,2021-09-07,,,10.0,,9419095996,Australia
C8928,Ankit,Male,,Kolkata,2022-04-09,,,,,,
C8929,Kiran,Female,27,Delhi,2024-01-07,2022-05-17,3050.72,10.0,,,Canada
C8930,Amit,Female,,Delhi,,,,,,,Canada
C8931,Ankit,Female,,Chennai,2024-06-09,2025-06-01,,,,9649467074,Canada
C8932,Kiran,Female,66,Ahmedabad,2022-04-01,,,5.0,,,
C8933,Simran,Male,,Pune,2024-02-26,,,,,,USA
C8934,Kiran,,49,Ahmedabad,,,,,user8933@mail.com,9729518867,Australia
C8935,,Female,,Ahmedabad,,2020-12-30,,10.0,user8934@mail.com,,Australia
C8936,Priya,,,Hyderabad,,,1474.74,,,,Canada
C8937,,,,Delhi,,2022-01-08,,,user8936@mail.com,,Canada
C8938,,Male,,Mumbai,2023-04-26,,3202.05,10.0,,,India
C8939,Rahul,Male,30,,,,,10.0,user8938@mail.com,,Australia
C8940,,,,Ahmedabad,2022-07-14,2023-02-11,673.99,4.0,user8939@mail.com,,UK
C8941,Sneha,Male,,Hyderabad,2022-08-04,2025-04-22,,10.0,user8940@mail.com,,Canada
C8942,Ankit,Male,,Ahmedabad,,2020-11-29,,2.0,user8941@mail.com,,USA
C8943,Amit,Female,40,Chennai,2021-11-13,2026-01-03,,3.0,,,UK
C8944,Sneha,Male,22,,2021-10-26,2023-06-24,,,,,UK
C8945,Ankit,Female,,Kolkata,,,27.27,5.0,user8944@mail.com,,UK
C8946,Neha,Male,67,Kolkata,2022-02-04,,1890.05,3.0,user8945@mail.com,,UK
C8947,,,,Chennai,,2023-10-05,1325.4,,,,USA
C8948,Kiran,Male,29,Mumbai,,,2575.33,,,,
C8949,Rahul,Female,,Ahmedabad,,,,,,9451692936,
C8950,Kiran,Male,38,Pune,2024-10-31,,,3.0,user8949@mail.com,9931877958,USA
C8951,Sneha,Female,,Ahmedabad,2021-06-28,,,,,,USA
C8952,Sneha,Male,,Hyderabad,2024-08-15,,,,,,Canada
C8953,,Female,,Bangalore,2023-01-02,2023-05-17,,,,,Australia
C8954,Simran,,42,Pune,,,,,user8953@mail.com,,UK
C8955,Kiran,Male,,Mumbai,,,,,,,Canada
C8956,Kiran,Female,,Bangalore,2025-03-26,2022-06-02,3856.57,,,,Canada
C8957,Ravi,Female,,Kolkata,2025-09-03,,2051.47,10.0,user8956@mail.com,,India
C8958,Rahul,Female,,,,,2030.58,4.0,user8957@mail.com,,Canada
C8959,Amit,Male,,Hyderabad,,,,10.0,,9945585040,India
C8960,Simran,Male,,Ahmedabad,2021-06-16,2024-05-23,,10.0,,,USA
C8961,Kiran,Female,,Pune,,,,4.0,user8960@mail.com,,USA
C8962,Rahul,Female,,,,2025-11-03,4286.11,,,,India
C8963,Amit,Male,,Pune,,,4013.27,,,,Australia
C8964,Sneha,Male,67,Hyderabad,2025-08-09,2025-01-14,,3.0,user8963@mail.com,9472987396,Australia
C8965,Ankit,Male,,Kolkata,,,,2.0,,,Australia
C8966,Rahul,Male,,Ahmedabad,,,4887.21,3.0,user8965@mail.com,9285697353,Canada
C8967,,Female,64,,2020-12-19,,316.15,,,,UK
C8968,Sneha,,45,Kolkata,,,,5.0,,,UK
C8969,Kiran,,,Ahmedabad,,2024-08-14,3184.37,,user8968@mail.com,,Canada
C8970,Neha,Male,,Kolkata,,2024-01-16,,,,,
C8971,Amit,Female,,,,2025-02-25,,10.0,user8970@mail.com,,Australia
C8972,Sneha,Male,62,Hyderabad,,,,,,,Australia
C8973,Neha,Male,,Ahmedabad,,,723.99,3.0,,9216956190,USA
C8974,Kiran,Female,,Hyderabad,,,,,user8973@mail.com,,
C8975,Ankit,,,Kolkata,2021-04-28,,,10.0,,,Canada
C8976,Ankit,Male,38,Ahmedabad,2023-02-02,,2567.34,,,,India
C8977,Neha,Male,46,Chennai,2023-06-19,2025-07-15,,10.0,,,India
C8978,Simran,,41,Chennai,2021-01-21,,,4.0,,,
C8979,Priya,Female,,Bangalore,,2025-03-12,4692.39,2.0,,9829666829,Canada
C8980,Ankit,Female,,Kolkata,,,,5.0,,9480071117,Canada
C8981,Ravi,,,Ahmedabad,,,4646.93,,,9743079395,Australia
C8982,Kiran,Female,,Hyderabad,2023-10-31,,,,,,USA
C8983,Kiran,Female,,Delhi,,,2760.88,,,,
C8984,Pooja,Female,,Chennai,2025-12-05,2025-02-02,,1.0,,,India
C8985,Neha,Female,,Hyderabad,,,2609.72,,,,USA
C8986,,Female,59,Mumbai,,,,,user8985@mail.com,,Canada
C8987,Ravi,Male,,Kolkata,2024-11-18,,,4.0,,,Canada
C8988,Neha,,,Delhi,,,,,user8987@mail.com,,Canada
C8989,Simran,,,Mumbai,2021-07-19,,,10.0,,9760353076,India
C8990,Amit,Male,,Kolkata,2024-07-29,2024-12-29,2659.94,,,,USA
C8991,Ravi,Female,,Mumbai,2024-09-13,2021-05-02,,10.0,,9909679282,Canada
C8992,Priya,Male,,Ahmedabad,,,,5.0,,9684093148,Australia
C8993,Sneha,,,Pune,,2021-09-04,,,,,Canada
C8994,Pooja,Male,68,Chennai,,2025-06-29,,,user8993@mail.com,,USA
C8995,Kiran,,26,Chennai,,,,3.0,,,India
C8996,Priya,Male,69,Ahmedabad,2020-08-21,2021-02-01,,,user8995@mail.com,,
C8997,Pooja,Male,59,,,,4327.06,5.0,,,India
C8998,Simran,Male,,Delhi,,,,,,,USA
C8999,Simran,,,Delhi,,,,10.0,user8998@mail.com,,India
C9000,,Female,,Bangalore,,,,10.0,,,Canada
C9001,Pooja,Female,51,,2022-12-03,,860.13,,user9000@mail.com,,UK
C9002,Kiran,Male,,Chennai,2023-12-17,,3952.19,,,,Canada
C9003,Amit,Male,,Mumbai,2026-01-25,,,5.0,user9002@mail.com,,Australia
C9004,Ravi,Female,,Hyderabad,,,,1.0,,,Australia
C9005,Ankit,Female,58,Mumbai,2025-12-19,2020-09-02,,10.0,,,USA
C9006,Rahul,Female,,Kolkata,,2024-10-05,790.21,2.0,,,UK
C9007,Ankit,,26,Bangalore,2022-08-16,,99.58,,,,USA
C9008,Amit,Female,44,Delhi,2022-06-29,,,,,,
C9009,Priya,Male,,,,2022-02-03,,,,,
C9010,Ankit,Female,,Bangalore,2022-03-16,,,5.0,,,UK
C9011,Pooja,Female,68,Mumbai,2023-10-02,,4840.99,2.0,,,
C9012,,Female,34,Chennai,,,,10.0,user9011@mail.com,,UK
C9013,Ankit,Female,55,Bangalore,,2022-12-01,,,user9012@mail.com,,India
C9014,Priya,Female,,Chennai,2024-01-04,,1353.26,,,,UK
C9015,,Female,,,,,,,,,
C9016,Neha,Female,55,Pune,,,,,,,USA
C9017,Ravi,,40,Ahmedabad,,,,10.0,user9016@mail.com,,Canada
C9018,,,,Mumbai,2021-06-13,2025-01-18,,,,,Canada
C9019,Ravi,Male,,Delhi,,,,10.0,user9018@mail.com,,Australia
C9020,Sneha,Male,43,Delhi,,,3935.98,,,,
C9021,Ravi,Female,,Delhi,,,3398.23,1.0,,,Canada
C9022,,Female,,Pune,,2024-02-09,3015.33,,,,
C9023,Neha,,,Chennai,,,,4.0,,,UK
C9024,Amit,Female,,Bangalore,,,,10.0,,,Australia
C9025,Rahul,Male,,Pune,,,4182.77,,,,
C9026,Sneha,,,Delhi,,2021-01-14,,10.0,,,India
C9027,Pooja,,,Ahmedabad,2025-03-07,2021-10-27,,1.0,,9909966087,USA
C9028,Ankit,Female,35,Chennai,,,,10.0,user9027@mail.com,,Australia
C9029,Simran,,,Mumbai,2025-08-27,2023-07-25,,,,9156588809,India
C9030,Pooja,Male,45,Hyderabad,2023-01-29,2024-10-19,3032.27,,,,Canada
C9031,Neha,Male,,Chennai,2023-07-25,,,10.0,,,USA
C9032,Sneha,Male,,Hyderabad,,,4355.25,,,,India
C9033,Ankit,,,Kolkata,,2022-12-17,,3.0,,,India
C9034,Neha,,,,2022-04-23,,4232.87,,,9253418566,USA
C9035,Rahul,Male,,Ahmedabad,2023-02-02,2024-11-01,2417.75,10.0,,,USA
C9036,Simran,Female,,Ahmedabad,,2024-05-11,,,user9035@mail.com,,Australia
C9037,Ankit,,,Bangalore,2022-03-04,2024-08-01,,3.0,user9036@mail.com,,UK
C9038,Priya,,36,Ahmedabad,,2021-02-10,,2.0,,,Australia
C9039,Ravi,Female,,Hyderabad,2024-05-13,,4134.87,1.0,,,USA
C9040,,Female,,,2025-02-18,,,4.0,,,India
C9041,,Male,,,,,,10.0,,,UK
C9042,Kiran,,,Chennai,2023-06-18,2023-02-16,,10.0,,,USA
C9043,Sneha,,,Ahmedabad,,,4450.1,,,,USA
C9044,,Male,,,2025-02-24,2025-03-19,2741.61,10.0,,,Australia
C9045,Rahul,Male,,Pune,2025-03-24,2025-12-27,,,user9044@mail.com,,Canada
C9046,,Male,,Pune,2021-10-08,,,2.0,,,USA
C9047,Ravi,Male,,Bangalore,,2021-04-11,4227.84,10.0,user9046@mail.com,,
C9048,Priya,Female,,Hyderabad,2022-11-27,,,10.0,,9349679072,Australia
C9049,Ankit,,54,Kolkata,,2025-08-29,,5.0,user9048@mail.com,,UK
C9050,,,67,Chennai,2021-09-20,,,10.0,,,India
C9051,,Male,,Bangalore,,,1381.64,,,,India
C9052,Kiran,Female,60,,2025-01-26,2025-05-10,,4.0,,,UK
C9053,Neha,Male,,Chennai,,2023-11-11,,2.0,,9379351792,Canada
C9054,,Female,,Mumbai,,2025-04-08,,,,,Australia
C9055,Kiran,Female,,Ahmedabad,2024-12-29,,,10.0,,,USA
C9056,Pooja,Male,,Hyderabad,,,,,user9055@mail.com,,India
C9057,Simran,Female,25,Chennai,,,1378.1,,,,India
C9058,,,,Pune,2026-01-25,,,4.0,,,Canada
C9059,Neha,,,Hyderabad,2023-03-18,,,,,9889223165,USA
C9060,Sneha,,,Hyderabad,,,837.52,10.0,,9682607262,USA
C9061,,,,,,,,,,,India
C9062,Kiran,Female,25,Mumbai,,,1843.11,,,,Australia
C9063,Priya,Male,,Hyderabad,,2024-05-31,,10.0,,9536957951,Australia
C9064,Amit,Female,67,,,,4188.09,,,,USA
C9065,Neha,Male,,Ahmedabad,,,,1.0,user9064@mail.com,9722795630,UK
C9066,Amit,,,Mumbai,2023-01-07,,,,,,
C9067,Sneha,Male,,Delhi,2023-06-11,,1804.54,10.0,,9617658368,India
C9068,,Female,22,Kolkata,2025-06-09,2025-01-18,,4.0,,,Australia
C9069,Simran,Male,,Chennai,2021-02-27,,,10.0,user9068@mail.com,9684023146,Australia
C9070,Amit,,,Pune,2025-06-23,2022-08-26,,10.0,,,Canada
C9071,Priya,Female,,Kolkata,,,,10.0,,,Australia
C9072,Rahul,Male,28,Ahmedabad,,,,10.0,,9209445032,
C9073,Amit,Male,42,Chennai,,,,,user9072@mail.com,,India
C9074,Ankit,Female,,Kolkata,2022-11-06,,,3.0,user9073@mail.com,9582920160,UK
C9075,Priya,Male,,,,2023-09-19,2808.85,10.0,,,UK
C9076,Rahul,Female,,Ahmedabad,,,,2.0,,9140463321,India
C9077,Ankit,,,Bangalore,,,4495.02,,user9076@mail.com,,UK
C9078,,,,Bangalore,2024-08-21,,,,user9077@mail.com,,India
C9079,Ankit,,,Ahmedabad,2025-07-12,2024-03-04,3008.41,10.0,,9677172611,UK
C9080,Kiran,Male,,Pune,2024-01-17,2020-09-05,,1.0,,,UK
C9081,Neha,Female,,Pune,,,,,user9080@mail.com,9558026700,UK
C9082,Neha,Male,,Delhi,2024-10-15,,,3.0,,,Canada
C9083,Ravi,Female,,Ahmedabad,,2022-08-15,4584.74,3.0,,9198233155,India
C9084,Sneha,Male,45,Mumbai,,,,,,,Australia
C9085,,Male,,Pune,,,,,user9084@mail.com,9759583650,India
C9086,Simran,Male,,Mumbai,2022-07-24,,,,,,India
C9087,Pooja,,,Delhi,2023-01-24,2021-02-03,,,,9474730683,USA
C9088,Simran,Male,,Bangalore,,2024-04-12,,10.0,,9571672518,UK
C9089,Amit,Female,35,Chennai,2021-11-19,,,10.0,,9932671834,Australia
C9090,Ankit,Female,,Chennai,,,,5.0,,,USA
C9091,Amit,Male,,Chennai,2024-07-17,2021-02-15,1316.86,10.0,user9090@mail.com,9862705949,USA
C9092,Simran,Male,37,Hyderabad,2024-06-02,,,,,9750927341,USA
C9093,Neha,,,Mumbai,,,,,,,
C9094,Ankit,Female,32,,,,,,user9093@mail.com,9499491886,USA
C9095,Neha,Female,,Bangalore,,,,,,,UK
C9096,Ravi,Female,24,Delhi,,,,,,,Canada
C9097,Ravi,Female,,Mumbai,,,888.47,,,,India
C9098,Ankit,,34,Mumbai,,2023-01-02,,10.0,user9097@mail.com,,Australia
C9099,Sneha,Female,,Bangalore,2024-04-29,,4929.35,,,,UK
C9100,Kiran,Female,33,Pune,,,1043.11,,,9216927749,UK
C9101,Ankit,Male,23,Mumbai,,,,5.0,,9216210403,India
C9102,Neha,Male,,Ahmedabad,2022-08-24,,,,user9101@mail.com,,India
C9103,Sneha,,48,Hyderabad,,2025-01-22,1526.77,10.0,,,USA
C9104,Priya,Male,,,2025-12-13,2023-03-24,2150.34,10.0,,9505875710,
C9105,Kiran,Male,,Bangalore,2024-01-07,,,10.0,,,India
C9106,,Male,,Mumbai,,2024-02-19,,,,,India
C9107,Priya,,50,Mumbai,,2024-08-29,,,,,
C9108,Pooja,,,Delhi,,,,5.0,,,Australia
C9109,Rahul,Male,,Bangalore,2020-12-24,,,10.0,,,India
C9110,Ankit,Male,18,Bangalore,2020-09-22,,3027.84,,user9109@mail.com,,Australia
C9111,Priya,Female,,Bangalore,,,,5.0,,,USA
C9112,Rahul,Female,69,Bangalore,2024-02-08,,,,user9111@mail.com,9155265421,UK
C9113,,Female,,Hyderabad,2023-06-28,2023-06-24,,1.0,,9236074386,Canada
C9114,Ravi,Male,,Hyderabad,,,,,user9113@mail.com,,
C9115,Amit,Female,,Chennai,,2024-05-05,,3.0,,,USA
C9116,,,,Ahmedabad,,2024-04-11,,10.0,user9115@mail.com,,India
C9117,Sneha,,,,2022-06-02,,,10.0,,9631873133,USA
C9118,,Male,,Delhi,2025-03-17,,,4.0,,,
C9119,Simran,Female,,Bangalore,2023-11-03,2024-06-22,,,,,USA
C9120,,,,Mumbai,2022-08-12,,41.79,3.0,,,UK
C9121,Ravi,Female,,Mumbai,2020-09-24,,,,,,
C9122,Kiran,Female,62,Bangalore,2024-12-02,,,5.0,user9121@mail.com,,Australia
C9123,Simran,Female,56,Hyderabad,,,,,,,
C9124,Amit,Male,23,,,,,10.0,user9123@mail.com,,USA
C9125,Pooja,,28,Bangalore,2023-11-27,2023-03-08,,,,,India
C9126,Ravi,,60,,2021-03-16,2024-07-03,,10.0,,9373137526,USA
C9127,Pooja,Male,,Mumbai,2021-09-28,,,,,9737272093,India
C9128,Sneha,,,Chennai,2022-03-13,2025-03-05,2512.49,4.0,,9577052382,Australia
C9129,Amit,Female,,Delhi,,2021-08-06,,,,,Canada
C9130,Pooja,,,Bangalore,,2025-02-11,,4.0,,,UK
C9131,Kiran,Female,,Bangalore,,,,10.0,,,UK
C9132,Amit,,48,Mumbai,,,,,,,Canada
C9133,Rahul,Female,,Chennai,,,1480.48,,,,UK
C9134,Neha,,,Hyderabad,2025-06-14,,,5.0,,,Australia
C9135,Rahul,Male,,Chennai,,2022-07-11,,10.0,,9591784671,India
C9136,Kiran,,,Pune,2023-01-15,,,,,9122347474,UK
C9137,Rahul,Male,,Pune,2024-11-21,,,5.0,,,UK
C9138,Ravi,Male,,,2024-09-30,,,3.0,,,USA
C9139,Kiran,Female,33,Delhi,,2023-02-01,,,,,Canada
C9140,,,,Bangalore,2021-01-30,,,10.0,,,USA
C9141,Sneha,Male,,Chennai,2021-01-17,,,,,,Australia
C9142,,Male,,Chennai,,2025-09-18,,4.0,,,Canada
C9143,Amit,,64,Mumbai,,2021-07-14,,,,,UK
C9144,Neha,Female,,Bangalore,2024-05-21,,3923.12,,,,USA
C9145,Sneha,Male,43,Chennai,2020-12-02,,,1.0,,,UK
C9146,Rahul,Male,,Chennai,2025-11-04,,,,,9637358767,
C9147,Ravi,Male,,Chennai,2023-07-25,2021-12-16,,2.0,,9357151131,Canada
C9148,Rahul,Male,,Pune,,,,,,9946776961,Canada
C9149,Kiran,,,Pune,2021-09-19,2025-03-12,,,,,Australia
C9150,Ravi,,,Hyderabad,2021-10-02,,3015.79,2.0,,,UK
C9151,Priya,Male,,Mumbai,,2024-11-16,2652.24,4.0,,,UK
C9152,Ravi,,,,,2024-02-01,,10.0,,,USA
C9153,Priya,Female,64,Kolkata,2022-02-09,,,,,,Australia
C9154,Sneha,Female,,Pune,2020-08-08,,,,,,Australia
C9155,Pooja,Male,,Chennai,2025-07-12,2024-03-21,,10.0,,,Canada
C9156,Kiran,Female,,Bangalore,2025-10-30,2025-04-02,,,,,
C9157,Ankit,Female,,Delhi,,,,,user9156@mail.com,9652850702,UK
C9158,Neha,,,,,,2167.26,3.0,,,UK
C9159,Ankit,Male,38,Kolkata,,,,10.0,,,USA
C9160,Pooja,Female,48,Delhi,,,,,,,Canada
C9161,Neha,Male,,Delhi,2025-03-13,,3669.53,4.0,,9795131840,USA
C9162,Simran,,,Kolkata,2020-10-19,,,,,9748564215,Australia
C9163,Kiran,Female,,,2025-02-05,2022-08-26,,,,,UK
C9164,Amit,Female,63,Hyderabad,2021-04-30,,,,,,Canada
C9165,Ravi,Female,,Bangalore,2021-03-23,,,,,9420991863,Canada
C9166,Ravi,,,,2022-01-24,,3782.72,,user9165@mail.com,9858394267,Australia
C9167,,Female,,Ahmedabad,,,,,,,India
C9168,Neha,,,Chennai,2024-07-20,2021-07-12,,,,,USA
C9169,Amit,Female,,,2025-10-30,2022-11-26,,10.0,,9739217102,
C9170,Neha,Male,,Mumbai,2026-01-22,,,10.0,,9471683451,Australia
C9171,Priya,Male,,Delhi,,,,,,,
C9172,Kiran,Male,,Hyderabad,,,,,,,UK
C9173,,,43,Mumbai,,,3476.13,,,,UK
C9174,Amit,Male,,Bangalore,,2022-03-29,,10.0,,,India
C9175,Neha,Male,,Bangalore,2021-04-25,,,,,,Canada
C9176,Ankit,Male,,Delhi,,,4901.52,,,,USA
C9177,,Male,,Bangalore,2025-09-29,,,,user9176@mail.com,,USA
C9178,Ankit,Female,,Kolkata,2022-10-08,,,1.0,,,USA
C9179,Amit,Male,33,Pune,2025-03-30,,,10.0,,,Australia
C9180,Amit,Male,,Ahmedabad,2024-04-23,2024-11-02,,,,9494989626,
C9181,Amit,Female,,Chennai,,2022-07-13,,,,,USA
C9182,Kiran,Female,,Chennai,2022-12-07,,,10.0,,,India
C9183,Rahul,Female,,Kolkata,,2021-01-18,2809.19,2.0,,,
C9184,Pooja,Male,,Hyderabad,,,,,,,
C9185,Amit,Male,,Pune,2023-12-11,,,10.0,,,
C9186,Neha,,63,Delhi,,,,,,9926265181,Australia
C9187,Rahul,,,Delhi,2021-04-04,2022-04-14,,10.0,,,Australia
C9188,Rahul,,39,Ahmedabad,2025-11-23,,,10.0,,,USA
C9189,Pooja,Female,,Ahmedabad,2023-08-16,2022-08-24,,2.0,,,India
C9190,Ravi,Male,32,Mumbai,,,2516.36,,,9723759796,
C9191,Sneha,Female,,Bangalore,,2021-07-07,,,,,UK
C9192,,Male,,Mumbai,,2022-09-20,,10.0,,,
C9193,Sneha,Female,30,Bangalore,2021-01-09,2022-04-02,1751.22,,,,
C9194,Priya,Female,,Kolkata,,2023-03-23,,,,,
C9195,Rahul,,,Mumbai,,2023-05-03,277.51,,user9194@mail.com,,India
C9196,Ravi,Female,,,2020-08-16,2025-03-27,1686.13,10.0,user9195@mail.com,,
C9197,Pooja,Male,,Kolkata,2023-06-18,2025-12-07,4113.91,,,9472970626,Canada
C9198,Ankit,Female,70,,,2025-01-06,,,user9197@mail.com,,Canada
C9199,Ankit,Female,,Mumbai,,2022-12-18,2623.85,10.0,user9198@mail.com,,India
C9200,Ravi,Female,31,Delhi,2024-05-02,,430.38,,,,USA
C9201,Pooja,,,Delhi,,,,4.0,,,
C9202,Pooja,,61,,,2024-04-13,,,,,Australia
C9203,Ankit,,52,Kolkata,2025-02-17,,4120.73,,user9202@mail.com,9977747032,Australia
C9204,Amit,,29,Chennai,,2023-05-15,,10.0,,,UK
C9205,,,,Hyderabad,2021-05-25,2020-10-12,,,,,Canada
C9206,Pooja,Female,,Mumbai,,2020-09-03,,10.0,,,Australia
C9207,Rahul,,,Delhi,,,,10.0,,9230577562,
C9208,Rahul,Female,,Pune,2023-07-29,,,10.0,,9531314335,Australia
C9209,Rahul,Female,,Delhi,,2021-07-26,,,user9208@mail.com,,Canada
C9210,,Male,38,,2023-10-31,2024-11-26,,1.0,user9209@mail.com,9503290272,UK
C9211,,Male,,Pune,2024-02-04,2020-11-25,,10.0,user9210@mail.com,,Canada
C9212,Ravi,Female,,Bangalore,2021-11-05,,2247.53,,,,Australia
C9213,Kiran,Male,,Kolkata,2022-03-16,,1089.16,5.0,,,India
C9214,,,,Ahmedabad,2021-07-12,,,,user9213@mail.com,9501604914,USA
C9215,Simran,Female,46,Chennai,2022-04-20,2024-06-21,3029.86,,,9245157276,USA
C9216,Ravi,Male,50,Kolkata,2022-07-14,2024-03-05,,,,,
C9217,Priya,Male,,Pune,,,,,user9216@mail.com,,Australia
C9218,Ravi,Female,,Hyderabad,,2023-07-29,,,,9608411736,India
C9219,Kiran,Female,,Kolkata,2023-11-15,,,,,,India
C9220,,,,Pune,2020-12-25,2025-03-27,1354.39,,user9219@mail.com,,USA
C9221,Priya,Male,,Bangalore,2021-12-23,,4006.5,10.0,,,India
C9222,Rahul,,,Kolkata,2022-08-29,,,4.0,,,USA
C9223,Kiran,Female,,Mumbai,2023-10-22,,,,,,Canada
C9224,Ravi,Female,,Hyderabad,,,,,,,UK
C9225,Sneha,Male,,,,,,10.0,,,Australia
C9226,Simran,Female,57,,,2024-09-26,,10.0,user9225@mail.com,9417883363,USA
C9227,Amit,Male,,Mumbai,2025-11-07,2025-05-02,,10.0,,,USA
C9228,Ravi,Female,37,Pune,,,,,,,India
C9229,Priya,Male,64,Chennai,,,,5.0,,,Canada
C9230,Pooja,Female,,Delhi,,2021-01-10,,,,,Canada
C9231,Ankit,Male,40,Kolkata,,2024-02-25,,,,,Canada
C9232,Rahul,Female,,Pune,2021-03-22,,,10.0,user9231@mail.com,9122789198,Canada
C9233,,Male,,Kolkata,,,4992.82,3.0,user9232@mail.com,,USA
C9234,Ankit,,,Delhi,,2024-08-11,,,,,UK
C9235,Sneha,Male,,Chennai,,,,10.0,,,UK
C9236,Amit,Female,68,,,,,,user9235@mail.com,,USA
C9237,Amit,Female,68,Mumbai,,,,3.0,,9309315196,UK
C9238,Rahul,Female,,Chennai,,2021-05-22,4872.95,10.0,,,USA
C9239,Kiran,,,,,2023-06-13,,,,,USA
C9240,Rahul,Female,,Hyderabad,,,,10.0,,,Canada
C9241,Rahul,Male,,,2023-05-19,2022-03-13,,10.0,,9987020596,India
C9242,Neha,Female,,Kolkata,,,2035.07,,,,USA
C9243,Neha,Male,,Chennai,2024-01-25,2024-08-09,2320.09,,,9712199090,India
C9244,,Female,,Pune,,,,2.0,user9243@mail.com,,Canada
C9245,,Female,,Chennai,,,,,,,UK
C9246,Neha,Male,20,Chennai,2025-10-21,,,,,,Australia
C9247,Sneha,Female,,Kolkata,,,4209.53,4.0,user9246@mail.com,,India
C9248,Neha,Male,,Pune,2026-01-13,,,2.0,,,Australia
C9249,,Male,,Mumbai,,,,10.0,,9186430220,UK
C9250,Amit,Male,44,Hyderabad,,,,,,,UK
C9251,,Male,,Pune,,,,5.0,,,
C9252,Sneha,Male,18,Bangalore,2022-10-01,,2337.39,10.0,,,UK
C9253,,,59,Ahmedabad,2022-02-26,2023-09-17,,,,,Canada
C9254,Simran,Male,,Pune,,,,,user9253@mail.com,,UK
C9255,Rahul,Female,38,Bangalore,,2023-06-29,,10.0,,,USA
C9256,Pooja,Female,,Pune,,,,10.0,,,Canada
C9257,,Male,56,Chennai,2024-08-15,,2627.45,10.0,,9278149305,India
C9258,,,,Hyderabad,2021-07-10,,,10.0,,,
C9259,Ankit,Female,41,Mumbai,2021-02-23,,,,,,Canada
C9260,Kiran,Female,,Hyderabad,,,,4.0,user9259@mail.com,,USA
C9261,Amit,Female,,Kolkata,2023-10-22,,,,,,Canada
C9262,,Female,,Chennai,2022-07-29,,2841.01,,,,USA
C9263,Neha,Female,,Bangalore,2021-11-21,2020-09-23,,,,9926393328,India
C9264,Rahul,Male,,Mumbai,2022-07-26,,2157.53,,,,Australia
C9265,Kiran,Male,,Mumbai,2023-03-26,,3252.35,,user9264@mail.com,,UK
C9266,Kiran,Female,,Ahmedabad,,2022-09-08,,,,,Australia
C9267,Neha,Female,,Ahmedabad,,,,,,,USA
C9268,Sneha,Male,,Mumbai,,,,,,9634503819,UK
C9269,Ankit,,,Mumbai,2021-04-12,,4527.31,5.0,,9818761448,Australia
C9270,Kiran,Male,,Chennai,2021-09-04,,,4.0,,,Canada
C9271,Amit,Female,,Bangalore,2025-07-07,,1544.64,,,9268084560,Australia
C9272,,Female,,Delhi,,,,,,9404926370,
C9273,,Female,,Pune,,2022-07-13,2685.8,,,9525106360,India
C9274,Sneha,,63,Kolkata,,,,10.0,user9273@mail.com,9162390650,Canada
C9275,Rahul,Male,57,Pune,2021-06-08,2025-10-18,,,user9274@mail.com,9341752791,India
C9276,Priya,,,Ahmedabad,,,,4.0,,,UK
C9277,Sneha,Male,,Pune,2024-10-31,,584.74,10.0,,,Canada
C9278,Ankit,Male,,Bangalore,2022-09-02,2020-10-06,,10.0,,,UK
C9279,Simran,Male,,Bangalore,2025-05-31,,,10.0,,,USA
C9280,Priya,,,Mumbai,,,,10.0,,9679868057,Australia
C9281,Amit,Female,,Mumbai,2021-02-28,,,10.0,user9280@mail.com,9718489622,USA
C9282,,,69,Pune,,2020-08-28,3123.06,10.0,user9281@mail.com,,UK
C9283,Kiran,Male,,Bangalore,,2024-03-06,3451.2,,,,Canada
C9284,Sneha,Female,,Kolkata,,,,,user9283@mail.com,,
C9285,Rahul,Male,,Mumbai,2020-09-10,,,10.0,,,Canada
C9286,Rahul,Male,37,Mumbai,,,,,,,UK
C9287,,Female,45,Hyderabad,2023-05-17,2025-08-28,1699.5,,,,Canada
C9288,Ankit,Male,,Bangalore,2021-08-29,,2779.49,,user9287@mail.com,,
C9289,Pooja,,,Ahmedabad,2022-11-09,2022-06-12,,,user9288@mail.com,,UK
C9290,Priya,,27,Delhi,,,,,,,UK
C9291,Neha,Female,,Mumbai,,,2767.65,,,,Canada
C9292,Sneha,Male,,Kolkata,,,4860.1,,,9617812365,Canada
C9293,Priya,,,Kolkata,2023-02-21,2021-09-17,,4.0,user9292@mail.com,,USA
C9294,Priya,,,Kolkata,2025-02-25,2021-01-28,,1.0,,9405247487,India
C9295,Pooja,,,Delhi,,,,4.0,,,India
C9296,Neha,,,Kolkata,,2021-01-07,,4.0,user9295@mail.com,,
C9297,Ravi,,27,,,,,10.0,,,USA
C9298,Kiran,Female,,Hyderabad,2022-11-19,,3633.62,,,9980755068,USA
C9299,Simran,,,Kolkata,2022-08-23,2025-03-21,,1.0,user9298@mail.com,,
C9300,Ankit,,,Chennai,2024-10-08,,,,user9299@mail.com,,Canada
C9301,,Male,,Hyderabad,2022-10-31,2024-08-11,,,,9438934581,India
C9302,,Female,,,2026-01-16,,,5.0,,,India
C9303,Kiran,Male,,Ahmedabad,2022-08-04,2021-01-13,2366.69,5.0,,,USA
C9304,Sneha,,,Kolkata,2021-02-04,,,10.0,,,India
C9305,Priya,Male,,Pune,,2023-12-06,966.94,,,9422761986,USA
C9306,Simran,Male,,Delhi,2021-04-19,,,4.0,user9305@mail.com,,
C9307,Priya,Male,,Chennai,,2024-09-06,,3.0,,9639804176,UK
C9308,Kiran,Female,,Ahmedabad,2025-01-17,2024-09-02,,10.0,,,India
C9309,Rahul,Male,,Pune,2025-01-03,2022-03-24,,3.0,,,Canada
C9310,Kiran,Female,,Delhi,,,,,,,India
C9311,Ravi,Female,,Delhi,,2023-02-11,,2.0,,,Australia
C9312,,Male,,Mumbai,2022-12-15,,,,,9123804845,Canada
C9313,,Male,,Bangalore,2021-05-08,2022-11-08,,10.0,,,India
C9314,Ravi,Male,,Bangalore,,2022-11-08,,10.0,,,
C9315,,Male,,Mumbai,2021-08-28,,,2.0,,9806826549,Australia
C9316,Ankit,Female,66,Hyderabad,,,3550.73,,user9315@mail.com,,
C9317,Amit,Female,,Kolkata,,,4296.47,,user9316@mail.com,,Australia
C9318,,,,Pune,2022-06-17,,,,user9317@mail.com,,UK
C9319,Ankit,Female,,Bangalore,,,,5.0,,,USA
C9320,Ankit,,,Pune,,,,3.0,user9319@mail.com,,India
C9321,Ankit,Female,,Pune,2023-11-02,2024-10-15,3387.88,,,,India
C9322,Sneha,Male,,Pune,,,,,user9321@mail.com,,UK
C9323,Rahul,Male,,Hyderabad,2020-10-17,,,,,9118010266,Australia
C9324,Amit,,,Bangalore,,,,,user9323@mail.com,,UK
C9325,Rahul,Male,,Delhi,2021-07-23,2023-01-03,470.14,,user9324@mail.com,,India
C9326,,Male,,Mumbai,2020-10-06,,,10.0,,,
C9327,Rahul,Female,,Bangalore,,,,10.0,user9326@mail.com,,USA
C9328,,Female,24,Pune,,,,4.0,user9327@mail.com,,Australia
C9329,Neha,Female,,Pune,2022-07-31,2024-01-21,,,,,UK
C9330,Ankit,Male,44,Pune,,,208.01,10.0,user9329@mail.com,,
C9331,Neha,Male,,Delhi,,,,10.0,,9341443832,
C9332,Simran,,,Hyderabad,2024-11-16,,,,,,Australia
C9333,Neha,,,,,,,,,,
C9334,Sneha,,52,Ahmedabad,2024-02-28,,,1.0,,9274957395,Canada
C9335,Kiran,Female,,,2020-08-13,2024-06-16,,10.0,,,Canada
C9336,Kiran,Male,,Kolkata,2021-07-17,,418.61,10.0,,,India
C9337,Ravi,,,Chennai,,2025-04-10,,,,,USA
C9338,Simran,Female,34,,,,,3.0,,,Canada
C9339,Amit,,,,2022-10-06,2024-12-10,,,,,Canada
C9340,Simran,Male,40,Ahmedabad,,,,,user9339@mail.com,,India
C9341,Kiran,Female,,Mumbai,,2022-08-24,,10.0,,,UK
C9342,Amit,,,Bangalore,,,,,,,Australia
C9343,Sneha,Female,,,,,,10.0,,,Canada
C9344,Ravi,,,Chennai,2021-01-22,,,10.0,,9178332086,
C9345,Simran,Male,,Hyderabad,,2024-10-02,,10.0,,,India
C9346,Rahul,,,Delhi,2025-06-30,,569.25,5.0,,,USA
C9347,,,,Bangalore,2024-06-25,,,1.0,user9346@mail.com,,
C9348,Priya,Female,,Pune,,,,,,,Australia
C9349,Amit,Male,58,Delhi,2022-12-07,,,10.0,user9348@mail.com,,USA
C9350,Rahul,,42,,2025-07-21,2022-05-14,,,,9492113308,USA
C9351,Sneha,Male,,Chennai,,,,10.0,,,India
C9352,Kiran,Female,,Ahmedabad,,2023-05-21,,,user9351@mail.com,9889268722,India
C9353,Ankit,Female,51,Ahmedabad,2021-10-04,,,,,,UK
C9354,Rahul,Male,69,Bangalore,,2021-07-12,,10.0,,9346009744,India
C9355,Sneha,Female,,Delhi,,,3848.02,3.0,,,USA
C9356,,Female,,,2020-09-11,2022-10-04,,,,,India
C9357,Sneha,Female,,,2023-02-01,2022-08-16,,2.0,user9356@mail.com,,India
C9358,Pooja,Female,63,Kolkata,,,801.22,,,,Canada
C9359,Rahul,Female,,Chennai,,2020-09-16,,,,9842591008,
C9360,,Male,22,Ahmedabad,2021-05-08,,,,user9359@mail.com,,UK
C9361,Pooja,Female,,Bangalore,,,,,user9360@mail.com,,Canada
C9362,Amit,,,Ahmedabad,2022-04-18,2025-01-28,,10.0,,,
C9363,Sneha,Female,,Pune,2022-03-16,,,,,,Canada
C9364,Ankit,,,Bangalore,,2020-08-06,,,,,Australia
C9365,Sneha,Female,69,Delhi,,2022-09-13,,,,9703801622,Australia
C9366,Pooja,Female,19,,,2025-06-03,81.48,5.0,,,UK
C9367,Sneha,Male,61,Pune,2023-03-11,2023-02-08,3977.31,,user9366@mail.com,,UK
C9368,Simran,,,Kolkata,,2024-05-03,,,,9181433838,India
C9369,,Female,21,,,2025-04-23,,,,,Australia
C9370,Kiran,Female,64,Kolkata,2023-06-27,2020-09-19,,,,,India
C9371,Neha,Female,,Chennai,,,,10.0,user9370@mail.com,,India
C9372,Sneha,,,Bangalore,2024-07-21,,,,,,UK
C9373,,Male,42,Delhi,,2021-03-05,,,,9598632005,Canada
C9374,Kiran,,,Ahmedabad,2022-11-13,,3253.48,,,,
C9375,Ankit,Female,,Kolkata,2021-06-14,2025-11-07,,,user9374@mail.com,,Australia
C9376,Sneha,Male,45,Bangalore,,2025-03-04,,4.0,user9375@mail.com,,USA
C9377,Pooja,Female,,Chennai,,,2803.61,,,,India
C9378,,Female,,Pune,,2024-08-21,,,user9377@mail.com,,USA
C9379,Ravi,Female,,Delhi,2021-08-13,,,,,9820476014,UK
C9380,Pooja,,,Chennai,,2022-04-13,,,user9379@mail.com,,India
C9381,Neha,,,Bangalore,,,,,,,India
C9382,Ravi,Male,,,2022-09-04,,,10.0,,,USA
C9383,,Male,54,,,,,,user9382@mail.com,,Canada
C9384,Ankit,Female,,Pune,2023-12-24,,,,,,India
C9385,Kiran,Female,,Mumbai,2022-03-27,,,10.0,,,USA
C9386,Ravi,Female,,Mumbai,,2023-11-01,,10.0,,,Australia
C9387,Neha,Male,,Mumbai,2022-11-17,,,4.0,,,Canada
C9388,Pooja,,,Pune,,,,4.0,,9658566723,UK
C9389,Neha,Female,,Mumbai,2024-03-22,2023-02-22,2113.61,10.0,user9388@mail.com,,India
C9390,Kiran,,,Delhi,,,,,,9751838891,India
C9391,Priya,Male,,Mumbai,,2024-09-08,,2.0,user9390@mail.com,9257378611,UK
C9392,Sneha,Female,52,Hyderabad,2024-04-29,,,,user9391@mail.com,,India
C9393,Ravi,Female,47,Pune,,,,,,,Australia
C9394,Pooja,Female,22,Kolkata,,,,,,,India
C9395,Sneha,Male,57,Delhi,2021-12-31,2025-09-19,,5.0,,,UK
C9396,Kiran,Female,,Ahmedabad,,2021-08-05,,,,,USA
C9397,Ravi,Female,,Hyderabad,,,,10.0,,,UK
C9398,Simran,,,Chennai,2024-08-05,,1449.4,,user9397@mail.com,,Canada
C9399,Simran,Female,68,Kolkata,,,1839.17,,,,UK
C9400,Neha,,,Ahmedabad,2023-11-29,,,,,,India
C9401,Sneha,Male,,Bangalore,,2024-04-14,,,,,USA
C9402,,,,Chennai,2025-02-07,2024-01-14,,10.0,,9394021746,
C9403,Priya,Female,58,Kolkata,,2024-07-31,,,,,
C9404,,Male,69,Kolkata,,2025-01-17,,,user9403@mail.com,,Canada
C9405,Ravi,Female,,,,,,,user9404@mail.com,,Australia
C9406,Kiran,Male,43,Mumbai,2021-09-06,2024-09-09,,,,,India
C9407,Pooja,,,Pune,2021-12-13,2021-05-11,,,user9406@mail.com,,
C9408,,Female,,Chennai,,,,2.0,,,Canada
C9409,,Female,,Chennai,2021-10-11,,688.94,,,,UK
C9410,Simran,Male,,Kolkata,,2022-04-03,,10.0,,9651936018,Australia
C9411,Priya,Female,,,,2023-09-25,,10.0,user9410@mail.com,,
C9412,,Male,,Kolkata,2025-01-21,,,,user9411@mail.com,,USA
C9413,Rahul,,,Hyderabad,,2021-06-30,,,,,Canada
C9414,Amit,Male,,Mumbai,,,,,user9413@mail.com,9547349776,Australia
C9415,Ravi,Male,64,Mumbai,2023-04-04,,,10.0,,9832349150,USA
C9416,,,,Pune,2023-07-06,,,,,,
C9417,Pooja,Male,,Hyderabad,2021-04-16,,2480.24,,,,Canada
C9418,,Male,22,Bangalore,,,,10.0,,9849481634,
C9419,Neha,Female,25,Mumbai,2025-08-12,,,5.0,,,India
C9420,Neha,Female,,Mumbai,2024-08-06,,,4.0,,,India
C9421,Amit,Female,,Chennai,2024-03-02,,4484.47,,,,USA
C9422,,,62,Hyderabad,2025-08-12,2025-07-15,2144.41,3.0,,,Canada
C9423,Sneha,Male,,Kolkata,,2024-12-19,,,,,India
C9424,Priya,,,Ahmedabad,,,,,,,
C9425,Amit,Male,,Kolkata,2021-12-02,,1347.08,,,,India
C9426,Priya,,,,2025-09-06,,875.87,,,9514406541,India
C9427,Ravi,,,Ahmedabad,2021-01-31,,,10.0,,9263921824,Australia
C9428,Kiran,Male,,Mumbai,,,,10.0,user9427@mail.com,,USA
C9429,Ankit,Male,,Chennai,,2020-09-19,485.36,5.0,,9165099760,Australia
C9430,,,23,Ahmedabad,2021-07-26,,3621.47,5.0,user9429@mail.com,9815019456,
C9431,Amit,,,Pune,2021-02-02,,1758.48,2.0,user9430@mail.com,,USA
C9432,,Male,70,,,2024-12-10,1382.64,,,,India
C9433,Ravi,,33,Bangalore,,2022-09-30,,10.0,,,Australia
C9434,Pooja,Male,,Pune,,2022-12-16,,5.0,,,Canada
C9435,,,,Ahmedabad,,2023-02-25,,2.0,,,
C9436,Simran,,25,Pune,2022-08-06,,,10.0,,,
C9437,,,,Chennai,,2022-04-17,,10.0,,,UK
C9438,Pooja,Male,19,Pune,,2020-11-14,,,,,India
C9439,Ankit,Male,,Chennai,2022-07-06,,,10.0,,,India
C9440,Simran,Male,,Chennai,,,,5.0,,,Australia
C9441,,Female,,Chennai,2024-10-17,,492.43,1.0,,,UK
C9442,Pooja,Female,,Kolkata,2024-08-25,2022-10-23,2043.03,,,,UK
C9443,Sneha,Female,,Kolkata,,2020-11-23,,1.0,,,Canada
C9444,Pooja,Female,,Hyderabad,2023-04-26,,,,,9400742560,UK
C9445,Priya,Female,,Chennai,2022-03-06,,,10.0,,,India
C9446,,Female,,Hyderabad,2025-02-25,,,10.0,,,UK
C9447,Simran,Male,,Ahmedabad,2021-07-07,,2249.68,3.0,,,Australia
C9448,Neha,,,Bangalore,,,,10.0,user9447@mail.com,,India
C9449,Ankit,Male,,Delhi,,2021-10-06,,1.0,,9541129215,India
C9450,Sneha,Female,20,Kolkata,2024-04-12,,,,,,Canada
C9451,Ravi,Male,,Mumbai,2020-08-19,,,,,,USA
C9452,Ravi,Female,,Hyderabad,,,,10.0,,,USA
C9453,Rahul,Male,,Ahmedabad,2022-04-26,,,5.0,user9452@mail.com,,India
C9454,Ravi,Male,,Mumbai,,2024-11-28,,,,,USA
C9455,Ankit,Male,,Mumbai,,2023-11-17,650.63,5.0,,,
C9456,,Male,,Delhi,,,,2.0,,,Canada
C9457,Amit,Male,,Bangalore,2024-11-30,,,,,9446635616,
C9458,Sneha,Male,,Chennai,2025-01-28,,,,,,Canada
C9459,Rahul,,,Delhi,2023-11-01,,941.36,,,9895048125,Canada
C9460,,Female,,Kolkata,2024-11-06,2022-10-31,,,,9405076305,India
C9461,Priya,Female,54,Delhi,2023-01-31,,,,,,India
C9462,Pooja,,,Mumbai,,,3227.57,,,,Canada
C9463,Ravi,Female,38,Ahmedabad,2021-02-13,2021-02-02,3774.3,,,9145278765,India
C9464,Rahul,Female,,,,,,10.0,,,Australia
C9465,Neha,,,Ahmedabad,2020-11-30,,,,user9464@mail.com,,India
C9466,Amit,Female,,Chennai,2021-12-11,,,,,9590957159,USA
C9467,Rahul,Female,34,,,2024-08-12,,,,,India
C9468,,,,Mumbai,,2024-01-08,,,,,USA
C9469,Amit,Female,31,,,2022-08-01,3729.3,,user9468@mail.com,,India
C9470,,Male,63,Ahmedabad,,,,10.0,,9560095926,USA
C9471,,Male,59,Hyderabad,2025-10-07,,1278.13,,user9470@mail.com,,USA
C9472,Sneha,Female,,Ahmedabad,,,3666.79,4.0,,,Australia
C9473,Pooja,Female,69,,2022-06-29,,,10.0,,,USA
C9474,Kiran,Female,22,Ahmedabad,,,2864.11,1.0,user9473@mail.com,9969025580,
C9475,Amit,Male,,Delhi,,,,,,,Australia
C9476,Simran,Male,,Bangalore,2023-04-01,,,,,,
C9477,Ankit,Male,,,2022-12-01,,3903.64,3.0,,,Canada
C9478,Kiran,Male,24,Ahmedabad,2021-04-13,,,,,,India
C9479,Ankit,,,Chennai,2021-06-13,2023-04-20,975.84,,,,India
C9480,Rahul,Male,,Delhi,2023-06-02,,,,user9479@mail.com,9312625129,USA
C9481,Amit,Female,,,2023-04-06,,,,user9480@mail.com,,Australia
C9482,Rahul,Male,,,,2022-08-19,,,,,Australia
C9483,Sneha,Female,,Chennai,2021-11-30,2022-12-16,2580.54,10.0,,,UK
C9484,Neha,Female,,Bangalore,,2023-12-06,,,,,UK
C9485,Sneha,,,Mumbai,,,4532.79,10.0,,,UK
C9486,Neha,Female,,,,,,10.0,user9485@mail.com,,India
C9487,,Female,,Delhi,,2021-12-17,3795.4,,,,USA
C9488,Simran,,,Hyderabad,,2021-02-22,1698.03,10.0,user9487@mail.com,,Canada
C9489,,Female,42,,,,,10.0,,,India
C9490,Sneha,,,Kolkata,2020-09-12,,,,,9340606681,Canada
C9491,Simran,Female,,Mumbai,2024-06-27,,,1.0,,,India
C9492,Neha,,,,2024-01-15,,,,,,USA
C9493,Pooja,Female,,Pune,,2021-09-30,10.56,,,9899789595,USA
C9494,Ankit,Female,,Delhi,,,1693.61,,user9493@mail.com,,Australia
C9495,Simran,Female,,Mumbai,2025-09-16,,1933.16,3.0,,,UK
C9496,,Male,61,Pune,2021-03-26,,3548.5,4.0,,,India
C9497,Sneha,Male,,Ahmedabad,2024-05-31,,,,user9496@mail.com,,
C9498,Simran,Female,,Pune,,,,4.0,user9497@mail.com,9850133904,
C9499,Neha,,,Bangalore,,,,10.0,,,USA
C9500,Ravi,,,Ahmedabad,,2022-01-04,,,user9499@mail.com,9395398784,India
C9501,Pooja,,,Bangalore,,2022-06-18,,,,,UK
C9502,Sneha,Male,43,Delhi,,,4315.74,3.0,,,India
C9503,Amit,Male,,Kolkata,,,784.04,2.0,,,Canada
C9504,,,,Bangalore,2022-06-05,,3221.91,1.0,,,USA
C9505,Pooja,Male,,Delhi,2024-05-03,,,10.0,user9504@mail.com,,India
C9506,Priya,Female,59,Ahmedabad,2024-08-07,,,,,,
C9507,Rahul,Male,,Chennai,,,,,user9506@mail.com,,Canada
C9508,,Female,,Bangalore,,,485.13,,,,Australia
C9509,Neha,,,Delhi,,2021-11-19,4879.26,,user9508@mail.com,,
C9510,Amit,Female,,Chennai,2023-02-27,,545.76,2.0,,9430885220,Australia
C9511,Priya,,,Pune,2025-09-06,,4711.44,,,,USA
C9512,Ravi,Male,,Bangalore,2020-12-13,,,,,,Australia
C9513,Neha,Female,,Hyderabad,2020-09-30,,,,,,USA
C9514,,Male,,Hyderabad,,,,10.0,,9181163521,UK
C9515,Rahul,Female,,Ahmedabad,,2021-04-18,,10.0,user9514@mail.com,,USA
C9516,Amit,,,Kolkata,,,,4.0,,,USA
C9517,Simran,Female,40,Hyderabad,2023-10-29,,,,,9266848054,Australia
C9518,Rahul,Female,,Chennai,,,,5.0,,,Canada
C9519,Kiran,Female,69,Pune,,,,,,,Canada
C9520,Priya,Male,,Mumbai,2020-09-15,2024-03-26,,3.0,,,UK
C9521,Pooja,Female,32,Kolkata,,,,,,,India
C9522,Priya,Male,38,Ahmedabad,2023-01-15,2022-05-20,3393.38,3.0,user9521@mail.com,,India
C9523,Neha,Male,,Mumbai,2020-12-15,,,,user9522@mail.com,,USA
C9524,Ankit,,,Chennai,2023-12-27,,,5.0,,,USA
C9525,Sneha,Male,,Ahmedabad,,,897.92,,,,USA
C9526,,,,Ahmedabad,2025-10-02,,,,user9525@mail.com,,USA
C9527,Pooja,Male,,Pune,,,,,,,India
C9528,Simran,Male,,Pune,2020-08-06,,,,,,India
C9529,Simran,Male,,Hyderabad,,2025-06-11,,3.0,,,
C9530,Rahul,Female,32,Hyderabad,,,,,user9529@mail.com,9101588801,
C9531,Pooja,Male,,Pune,,,,,user9530@mail.com,,UK
C9532,Amit,Female,,Ahmedabad,,,,10.0,,9371950813,India
C9533,,Male,,Mumbai,,2024-06-11,3621.43,5.0,,,Canada
C9534,Priya,,,Hyderabad,,,1544.2,10.0,,,Canada
C9535,,Male,,Ahmedabad,,,,,,9694511536,India
C9536,,Male,27,,2022-10-14,,,5.0,user9535@mail.com,9509443910,India
C9537,Ravi,Female,,,,2024-03-17,,,,,
C9538,,Female,20,Bangalore,2024-10-17,,4865.92,,,9478040366,USA
C9539,Kiran,Male,,Chennai,,2020-09-21,,10.0,user9538@mail.com,,
C9540,Kiran,,,Hyderabad,,2021-06-17,,,,,Australia
C9541,Neha,Male,,Delhi,,,,,,,India
C9542,Ankit,Male,42,Hyderabad,,2025-09-19,,10.0,,,USA
C9543,Pooja,Female,58,Hyderabad,,2022-08-12,,,,9876692867,USA
C9544,Amit,Male,19,,,2023-03-07,,,user9543@mail.com,,USA
C9545,Priya,Female,,Delhi,,,,10.0,,,India
C9546,Simran,Male,45,Kolkata,,,815.33,2.0,user9545@mail.com,9247324627,Canada
C9547,Pooja,Female,51,Kolkata,,,,10.0,,,Australia
C9548,Ankit,Male,,,,,,,,,UK
C9549,,Female,,Mumbai,2025-05-01,,2634.69,,,,
C9550,Amit,Female,61,Kolkata,,,,,,,India
C9551,Ravi,Male,,Chennai,2026-01-25,2021-07-12,,4.0,,,India
C9552,Neha,Male,,Mumbai,,,,10.0,,,Canada
C9553,Amit,Male,18,Pune,2025-06-16,2020-12-22,1795.4,10.0,,9171515879,USA
C9554,Rahul,Male,,Hyderabad,,,,3.0,,9808325754,Australia
C9555,Ankit,,,Mumbai,,,1502.9,,,,Canada
C9556,Kiran,Male,,,,2024-04-06,3512.93,,,9213712270,
C9557,Pooja,,,Bangalore,,2023-04-10,4078.42,10.0,,,Canada
C9558,,Female,,Hyderabad,2023-07-25,,2135.31,10.0,user9557@mail.com,9913324610,
C9559,Ankit,,,Chennai,,,1575.62,,user9558@mail.com,,India
C9560,Ankit,Male,,Hyderabad,,,,,,9381389464,Australia
C9561,Neha,,,Hyderabad,2024-02-17,,,,,,Canada
C9562,Simran,Male,,Ahmedabad,,,,10.0,user9561@mail.com,,India
C9563,Amit,Male,23,Kolkata,,,,5.0,,,UK
C9564,Neha,Female,30,Hyderabad,2023-10-02,,,10.0,,,USA
C9565,,,,Mumbai,2024-09-04,,,,,9609681814,India
C9566,Priya,Male,58,,,2025-05-23,,,,9250848838,Canada
C9567,Kiran,Female,29,Pune,2022-05-13,,,,,,India
C9568,,Female,,Pune,,,,1.0,,,
C9569,Priya,,,Chennai,,,,,,9971368341,UK
C9570,Sneha,,,Chennai,2025-09-23,,1409.13,,user9569@mail.com,,Canada
C9571,Neha,Female,,Ahmedabad,2025-07-26,,,,,,Canada
C9572,Kiran,,,Chennai,,2025-12-07,,,user9571@mail.com,,Australia
C9573,Rahul,Female,,Bangalore,2024-10-06,2025-05-21,4969.11,2.0,user9572@mail.com,9727204558,Canada
C9574,Ankit,Female,,Delhi,2020-10-19,2023-03-07,,,user9573@mail.com,,
C9575,Kiran,Male,65,Mumbai,,,,10.0,,,USA
C9576,Kiran,Female,,Chennai,,2023-02-20,,,,,Australia
C9577,Neha,Female,58,Pune,,,,10.0,,,India
C9578,Pooja,Female,,Delhi,2021-06-05,,,,user9577@mail.com,,India
C9579,,Male,,Bangalore,2023-06-10,,,,,,Canada
C9580,Simran,Male,,Bangalore,,2024-11-26,,,,,Australia
C9581,Neha,Male,,Ahmedabad,,,,,,,UK
C9582,Neha,Male,,Bangalore,,2025-09-18,,10.0,,,Canada
C9583,Priya,Female,,Hyderabad,,,,,,,UK
C9584,Ankit,Female,,Chennai,2023-07-10,,,3.0,user9583@mail.com,,
C9585,Ankit,Male,,Hyderabad,2022-12-01,,3063.25,,,,Canada
C9586,Ankit,Female,67,Bangalore,2024-01-29,,,5.0,,,UK
C9587,,,,,2024-01-30,2024-05-07,,,user9586@mail.com,,UK
C9588,Simran,,,Delhi,2025-10-01,,,10.0,user9587@mail.com,9818578477,UK
C9589,Sneha,,,Delhi,,,,10.0,,9173945221,UK
C9590,Neha,Male,31,Kolkata,,,,4.0,,,Australia
C9591,Simran,Male,,,2023-02-07,2025-12-27,,3.0,user9590@mail.com,,USA
C9592,Sneha,Male,,Pune,2023-04-27,,,2.0,,9916409170,Australia
C9593,,,59,Delhi,2022-06-11,,1691.0,,,,USA
C9594,Ankit,Female,,Hyderabad,,,,,user9593@mail.com,9939746756,Australia
C9595,,Female,,Delhi,,,,2.0,,,USA
C9596,Amit,,,Kolkata,2021-07-16,2021-11-05,,10.0,user9595@mail.com,,USA
C9597,Neha,Male,,Pune,,,,10.0,,9613752325,Australia
C9598,Simran,,,Hyderabad,,,,,,,USA
C9599,Ravi,Male,,Pune,,2020-12-29,,5.0,,,UK
C9600,Priya,Male,,Pune,2023-01-01,,,,,,India
C9601,Priya,,,Chennai,2020-10-06,,3290.44,,,9989892728,UK
C9602,Kiran,,,Mumbai,2022-07-25,,4486.12,,,,Canada
C9603,Amit,Male,,Mumbai,2024-06-07,,1338.5,10.0,,9897913261,USA
C9604,Rahul,Female,,Bangalore,,,,2.0,,,Canada
C9605,Priya,Male,30,Mumbai,,,,,user9604@mail.com,,Canada
C9606,Ankit,Male,,Ahmedabad,2021-11-18,,,,,9736096778,UK
C9607,,Female,,Ahmedabad,,,,,,,India
C9608,Ankit,Female,,Pune,2024-10-23,2026-01-18,,1.0,,,Canada
C9609,Priya,Female,,Delhi,,,,,user9608@mail.com,,
C9610,Priya,Male,69,Hyderabad,,,246.5,2.0,,,Australia
C9611,Priya,Male,,Bangalore,2021-08-10,2024-06-18,,,,,UK
C9612,Ankit,Male,,Bangalore,,,,5.0,,,
C9613,Amit,Female,69,Hyderabad,,,,,,9573307657,India
C9614,,Male,53,Chennai,2020-11-05,,,,,,UK
C9615,Pooja,Male,,Delhi,,,,,user9614@mail.com,,Australia
C9616,Ravi,Male,,Hyderabad,,,2773.36,3.0,,,
C9617,Rahul,,,Mumbai,2024-08-11,,,10.0,,,Canada
C9618,,Female,,Chennai,2022-06-13,,,,,,USA
C9619,Kiran,Male,,Bangalore,2022-06-04,,,,,,Canada
C9620,Pooja,Female,,Ahmedabad,2021-08-15,,,5.0,,9887163291,USA
C9621,Kiran,,20,Kolkata,,,2005.51,,,,Canada
C9622,Neha,,69,,,,,5.0,,,
C9623,Kiran,Female,,Hyderabad,2024-10-28,,,,,,India
C9624,Simran,Male,,Hyderabad,,2024-06-21,,10.0,,,Australia
C9625,Neha,,,Delhi,,2023-07-28,,,,,India
C9626,,Female,,Mumbai,,,3730.1,,,,USA
C9627,Sneha,Female,,Hyderabad,2020-11-09,2020-12-02,,,,,
C9628,Pooja,Female,,Delhi,,,1602.95,,user9627@mail.com,,UK
C9629,Sneha,Male,,,2022-08-27,2024-04-12,,10.0,,,
C9630,Rahul,Female,,Delhi,,,,,,,India
C9631,Ravi,Male,,Chennai,,,,1.0,,,India
C9632,Sneha,Male,68,,,,,3.0,,,UK
C9633,Rahul,Female,,Kolkata,,,,10.0,,,India
C9634,,,,Delhi,,,3639.92,4.0,user9633@mail.com,9607354001,Canada
C9635,Kiran,Female,64,Hyderabad,2020-08-23,,3757.76,,,,Australia
C9636,Neha,,,Delhi,,2022-11-09,,,,9924886232,USA
C9637,,Male,,Mumbai,2025-12-03,2024-08-07,452.63,,,,USA
C9638,Kiran,,,Chennai,2022-12-10,2021-02-20,,,,9967232296,India
C9639,Priya,Male,40,Chennai,,,,2.0,,,USA
C9640,Rahul,Female,,Ahmedabad,,,1284.5,,,9681819472,
C9641,Priya,Female,,Ahmedabad,,,,,,,Australia
C9642,Sneha,Female,,,2021-07-16,,2982.96,10.0,,,India
C9643,Priya,Male,,,2025-10-25,,4269.73,,,,Australia
C9644,Priya,Male,38,,,2024-04-08,,,,,USA
C9645,Kiran,Female,,Mumbai,,2023-10-19,,10.0,,,Australia
C9646,Sneha,Female,,Delhi,2022-01-14,,,,,9151461236,USA
C9647,Amit,Female,,Hyderabad,,2021-08-16,983.58,2.0,user9646@mail.com,,India
C9648,Ankit,Male,,Ahmedabad,2024-07-03,,4026.99,5.0,user9647@mail.com,,USA
C9649,Priya,Male,,Chennai,,2022-05-01,3386.39,,user9648@mail.com,9870251853,India
C9650,,Female,,Chennai,2021-01-04,2024-12-27,,10.0,,,UK
C9651,Neha,,,,2023-09-21,2020-09-18,3489.13,,,,UK
C9652,Neha,Female,48,Hyderabad,2022-12-20,2025-06-25,,5.0,user9651@mail.com,9752963835,UK
C9653,Sneha,Female,,Pune,2023-08-12,,,,user9652@mail.com,,Australia
C9654,Simran,Male,,Hyderabad,,,,,,,Australia
C9655,Ravi,,,Mumbai,,2021-10-18,,,,,UK
C9656,Simran,Male,,Delhi,2024-10-19,2023-07-26,,10.0,,,
C9657,Priya,Female,36,,2024-07-26,,,,user9656@mail.com,9200526122,India
C9658,,Male,,Mumbai,2025-07-07,,,10.0,user9657@mail.com,9660408721,Australia
C9659,Priya,Male,,Hyderabad,,,,,user9658@mail.com,9307999729,Canada
C9660,Neha,Female,,Pune,,2022-10-11,3394.53,1.0,,,Australia
C9661,Amit,,,Delhi,,,,,,,
C9662,Amit,Female,44,Pune,2020-12-03,2024-06-15,,,,,India
C9663,,Male,54,Ahmedabad,,2020-08-16,,,,,
C9664,,Female,,Chennai,,2025-10-02,1523.96,3.0,user9663@mail.com,,Canada
C9665,Rahul,Female,,Mumbai,2024-04-01,,,,user9664@mail.com,,Canada
C9666,Simran,,51,Chennai,,2020-12-23,,10.0,,,Canada
C9667,Kiran,,,Bangalore,,2024-04-08,2420.51,2.0,,,USA
C9668,Simran,Male,31,,2022-10-29,2024-07-20,2761.01,10.0,,,UK
C9669,Priya,Female,,Mumbai,2026-01-19,2022-06-12,,,,9317262323,UK
C9670,Pooja,,62,Delhi,2023-04-20,,,,,,Canada
C9671,Priya,Male,21,Bangalore,,,,1.0,,9293149451,India
C9672,Kiran,Female,,Mumbai,,2023-04-24,,,user9671@mail.com,,
C9673,Ravi,Male,,Pune,,,3614.94,10.0,user9672@mail.com,,India
C9674,,Female,46,Mumbai,,,,,,,Canada
C9675,Simran,Female,,Hyderabad,,2023-09-14,2158.79,,,,Australia
C9676,Ravi,Male,38,Mumbai,,2025-11-16,,,,9908152368,USA
C9677,Ankit,Female,,Pune,2022-08-07,,1930.21,10.0,,,USA
C9678,Rahul,Male,,Chennai,2022-12-16,2020-10-12,,,,,UK
C9679,,Male,,Pune,2022-06-18,,1124.26,2.0,user9678@mail.com,,
C9680,Ravi,,18,Chennai,,,485.16,4.0,,,USA
C9681,,Male,20,Chennai,2025-11-24,2024-11-07,,,,9587878805,Canada
C9682,Rahul,Male,,Pune,,,3105.17,10.0,user9681@mail.com,,Australia
C9683,,Female,,Pune,,2020-09-13,,,,,Australia
C9684,Simran,Male,,Delhi,2024-12-24,,,,,,USA
C9685,Sneha,Male,,,2020-12-24,,,,,9963182440,Canada
C9686,Priya,Female,,Pune,,,,2.0,,,Canada
C9687,,Female,,Ahmedabad,2021-08-09,,,10.0,,9688001955,UK
C9688,Neha,Female,,Chennai,2021-02-01,,2839.93,,,,Australia
C9689,Ravi,Female,,Hyderabad,2022-06-01,,,5.0,,,Australia
C9690,Rahul,Female,,Kolkata,,,,,user9689@mail.com,,
C9691,Ravi,Male,,Ahmedabad,2022-03-12,2022-06-28,,,,,USA
C9692,Simran,Female,,,2024-10-10,2024-10-18,,4.0,,,Australia
C9693,Amit,Female,,Chennai,,2022-07-12,,10.0,,,Australia
C9694,Neha,Male,43,Bangalore,,,,,,,UK
C9695,Neha,Female,50,Mumbai,,,336.15,10.0,user9694@mail.com,,
C9696,,Male,67,Ahmedabad,,2020-08-29,,10.0,,,Canada
C9697,Priya,Female,35,Pune,,,968.82,,,,USA
C9698,,Male,23,Chennai,,,,,,,
C9699,Amit,Male,,,2023-09-02,2023-06-17,,10.0,,,UK
C9700,Simran,Female,,Mumbai,2022-02-07,,,5.0,,,India
C9701,,Female,,,,,,5.0,,,Canada
C9702,Neha,Male,,Chennai,,,,3.0,,9314006125,UK
C9703,Neha,Female,,Chennai,,2025-03-10,2713.92,,,,
C9704,Ankit,,,Hyderabad,2022-10-31,2025-07-17,,,user9703@mail.com,9284819294,USA
C9705,Kiran,Male,,Pune,2023-06-24,,,,,9193526678,India
C9706,Rahul,Male,38,Ahmedabad,,,1565.52,5.0,,9964103378,India
C9707,,Female,21,Pune,2025-08-17,,,10.0,,,Australia
C9708,Pooja,Female,45,,2025-07-30,,,,,,UK
C9709,Kiran,Female,22,Bangalore,,,,1.0,,,India
C9710,Simran,Male,57,,2022-07-09,2024-08-30,1012.77,10.0,,,India
C9711,Amit,,,Mumbai,2022-05-07,,,10.0,,9885046400,Australia
C9712,Pooja,Female,,Delhi,2024-02-20,,,,,,Canada
C9713,,Female,,Hyderabad,,2022-04-27,,10.0,user9712@mail.com,,USA
C9714,Priya,Female,21,Mumbai,,,,,,,Canada
C9715,,Male,,Ahmedabad,,,3964.21,10.0,,9985762285,Canada
C9716,Ravi,,65,,2021-06-23,2022-07-30,,,user9715@mail.com,,UK
C9717,Ravi,,,Hyderabad,2021-05-14,,,4.0,user9716@mail.com,,UK
C9718,,Male,,Kolkata,,,2623.22,,,,Canada
C9719,Amit,Female,23,Pune,2023-02-25,,,,,,Canada
C9720,Pooja,,,Chennai,,2021-08-15,,,user9719@mail.com,9695049777,Australia
C9721,Priya,Female,66,Ahmedabad,,,,10.0,,,
C9722,Sneha,Male,,Kolkata,2024-02-22,,,4.0,,,
C9723,Pooja,Male,33,,2023-10-22,,,,user9722@mail.com,,Australia
C9724,Rahul,,,Mumbai,2020-09-02,,,10.0,,9477902244,Australia
C9725,Simran,Female,38,Mumbai,,2024-02-19,4441.52,,user9724@mail.com,,Australia
C9726,Ankit,Female,,Chennai,2020-12-06,,,3.0,,,USA
C9727,Sneha,Male,,Chennai,2021-05-22,2023-03-10,,10.0,user9726@mail.com,9182202574,USA
C9728,Sneha,Female,,Ahmedabad,,,,,,9953062806,Canada
C9729,Sneha,Male,60,Kolkata,2025-08-24,2023-09-06,1064.18,10.0,,,Canada
C9730,Kiran,Female,20,Ahmedabad,2025-04-29,,,3.0,,,
C9731,Pooja,Male,,Kolkata,2023-06-21,,,3.0,user9730@mail.com,,India
C9732,Kiran,Female,,Hyderabad,2021-04-11,2022-05-12,,2.0,,,
C9733,Ankit,Female,,Ahmedabad,,2024-01-12,,,user9732@mail.com,9744215099,Australia
C9734,Rahul,Male,,Bangalore,2025-10-08,,,10.0,user9733@mail.com,,UK
C9735,Kiran,Female,,Bangalore,,,,,user9734@mail.com,,USA
C9736,Kiran,Male,69,Mumbai,2024-05-17,,,,,,USA
C9737,,Female,,Chennai,,,,,,9554177572,
C9738,Amit,Female,50,Hyderabad,,2025-09-26,,,user9737@mail.com,,Australia
C9739,,,,Kolkata,2021-10-07,,,10.0,,,Canada
C9740,,Female,,Kolkata,2024-12-06,2020-08-26,,10.0,,,USA
C9741,Pooja,,36,,,,,1.0,,,India
C9742,Simran,Female,,Hyderabad,,,,,user9741@mail.com,,USA
C9743,Ankit,Male,,Mumbai,,2023-09-22,,1.0,,,Australia
C9744,Rahul,Male,,Delhi,2024-07-05,,,,,9878557156,UK
C9745,Pooja,Female,,Delhi,,,,10.0,,,UK
C9746,Rahul,Male,,Ahmedabad,,2023-12-29,,10.0,user9745@mail.com,,Australia
C9747,Ankit,Female,36,Bangalore,2021-08-04,,202.66,3.0,,,UK
C9748,Rahul,Male,36,Mumbai,2025-12-28,,,,,,
C9749,Priya,,,Pune,2023-03-12,,,,,,USA
C9750,Priya,Female,18,Delhi,2022-05-25,,,,,,Australia
C9751,Ankit,,,,,2021-01-28,680.53,4.0,,,USA
C9752,Kiran,Female,,Chennai,,,,4.0,,,India
C9753,,Male,,Chennai,,,323.56,10.0,,9478380808,Australia
C9754,Ravi,Female,,Hyderabad,2022-08-24,2023-01-16,,5.0,,,Australia
C9755,Sneha,Female,,Mumbai,,2025-10-26,,5.0,,9975230408,USA
C9756,Amit,Female,32,Hyderabad,2025-11-26,,,,user9755@mail.com,,Canada
C9757,Pooja,Female,25,Ahmedabad,,2024-10-20,,,,9554897330,Australia
C9758,Simran,,,Pune,2021-07-19,,,,user9757@mail.com,,UK
C9759,Amit,Female,,Chennai,,,,2.0,user9758@mail.com,9834339103,USA
C9760,Rahul,Male,36,Ahmedabad,2024-12-29,2020-10-21,,,,,
C9761,Ankit,Female,26,Delhi,2020-11-06,2021-05-13,3501.21,,user9760@mail.com,,
C9762,Priya,,,Bangalore,,,,,user9761@mail.com,,Canada
C9763,Amit,Male,43,Chennai,,,,,,,USA
C9764,Amit,,,Chennai,2025-09-03,,3671.83,5.0,,9559369869,
C9765,Ankit,Male,35,Mumbai,2025-11-21,,,10.0,,,UK
C9766,,,,Delhi,,,,2.0,,9560124258,India
C9767,Simran,,,Ahmedabad,2021-01-27,,,10.0,,,USA
C9768,Pooja,Female,35,Kolkata,,2021-04-21,,2.0,,9217687256,Australia
C9769,Rahul,Male,,Pune,2020-12-20,,,10.0,,,USA
C9770,,,62,Bangalore,2024-03-01,2022-01-15,,10.0,user9769@mail.com,,India
C9771,Priya,,,Bangalore,2022-03-18,,,,,,Australia
C9772,Simran,Female,,Kolkata,,,,4.0,,9362143292,UK
C9773,Amit,Male,,Bangalore,2022-04-28,,822.79,,,,Canada
C9774,Amit,Male,,Chennai,2022-06-03,2024-11-20,,,user9773@mail.com,9615925051,India
C9775,Neha,Female,28,Ahmedabad,2022-02-20,,2811.69,10.0,user9774@mail.com,,USA
C9776,,Male,,Mumbai,,2024-02-03,,5.0,,,Canada
C9777,,Male,,Ahmedabad,2022-09-02,,,5.0,,,UK
C9778,Amit,Male,,Delhi,2022-05-30,,4310.68,,,,
C9779,Pooja,,,Kolkata,2022-07-30,,,,,,Canada
C9780,Rahul,Male,,Pune,,,,,,,UK
C9781,Neha,Male,,,2024-02-02,,,10.0,,9212293232,India
C9782,Priya,Female,,Mumbai,,,1777.81,,,9522889503,Australia
C9783,Amit,Male,,Mumbai,2021-02-21,2025-01-01,,10.0,,,Australia
C9784,,,,Pune,,,,10.0,,9133249914,UK
C9785,Rahul,Female,,Delhi,2023-10-31,,,1.0,,9295328590,Australia
C9786,Amit,Male,65,Ahmedabad,2022-12-10,,,4.0,,,UK
C9787,Pooja,Female,,,2021-12-06,,,4.0,,,Canada
C9788,Neha,Male,,Delhi,2022-03-25,,,,,,Canada
C9789,Pooja,Female,,Hyderabad,,,,,,,USA
C9790,Priya,Male,,Kolkata,,,3364.96,,user9789@mail.com,,Australia
C9791,Neha,Male,,Kolkata,,,,,,,India
C9792,Ankit,,,Pune,,,,,,,UK
C9793,Priya,,,Pune,2024-02-19,,2786.32,,,,India
C9794,Ankit,,,Pune,2024-06-02,2021-08-14,,2.0,,9255883304,Canada
C9795,Priya,Female,,Kolkata,,,,10.0,,9783983019,USA
C9796,Priya,Female,,Chennai,2022-03-13,,,4.0,user9795@mail.com,9170541047,Canada
C9797,Rahul,Female,,Pune,2025-09-29,2024-01-06,,,,9244272578,UK
C9798,Ravi,Female,,Pune,,,,,user9797@mail.com,9188743444,
C9799,Rahul,,,Hyderabad,,2022-04-17,,,user9798@mail.com,9130832660,USA
C9800,Neha,Male,,Mumbai,2021-08-30,2025-04-16,,10.0,,,
C9801,,Male,,Pune,2024-11-12,2021-10-09,,,,,Canada
C9802,Simran,Female,,Chennai,2024-10-30,,,,user9801@mail.com,,
C9803,Ankit,Male,,Pune,,,,2.0,,9648801070,Australia
C9804,Kiran,Male,,Pune,2022-12-07,2020-10-14,1113.12,10.0,,,UK
C9805,Kiran,Female,,Ahmedabad,,,4234.8,,,,India
C9806,Rahul,Female,,Ahmedabad,2021-11-05,2022-08-09,,,user9805@mail.com,,Canada
C9807,Pooja,Male,,Kolkata,,,,4.0,,,Australia
C9808,Priya,Female,,Bangalore,2022-11-09,,,,,,USA
C9809,Rahul,Male,30,Chennai,,,4389.72,,,9430914235,India
C9810,,Female,,Delhi,2023-11-29,2025-02-03,,2.0,,,USA
C9811,Pooja,Male,,Ahmedabad,2025-10-03,,2223.0,,,,Canada
C9812,Kiran,Female,,Ahmedabad,,2024-04-24,,,user9811@mail.com,,USA
C9813,Ravi,Female,,Delhi,,,,,,,Canada
C9814,Pooja,Female,,Hyderabad,2020-09-20,,,,,,Australia
C9815,Pooja,Male,,,2023-08-27,,3581.07,10.0,,9761551011,
C9816,Ankit,Female,,Pune,,2022-11-26,,10.0,,,Canada
C9817,Rahul,Female,,Delhi,,,,,,9389025796,Australia
C9818,Pooja,Female,,Mumbai,,2026-01-09,,,,,Canada
C9819,Pooja,,,,,,,,user9818@mail.com,9753641116,Australia
C9820,Kiran,,38,Pune,,2024-01-12,1933.34,10.0,,,UK
C9821,Amit,Female,,Bangalore,2020-09-21,,,,user9820@mail.com,9720210434,India
C9822,Pooja,Female,,Bangalore,2025-07-26,2024-03-11,,,,,USA
C9823,Rahul,Female,35,Hyderabad,,2020-08-18,,10.0,,9823906207,UK
C9824,,Female,,Delhi,,,,3.0,,,UK
C9825,Sneha,Female,,Bangalore,,2021-10-05,,4.0,,,
C9826,Ravi,Male,,Kolkata,2021-02-12,2020-11-04,856.15,2.0,,,Canada
C9827,Amit,,30,Delhi,2023-11-01,2021-04-12,585.13,,user9826@mail.com,,
C9828,Sneha,,,,,,1142.94,3.0,,,Canada
C9829,,Male,,Mumbai,2024-04-04,2022-01-23,,1.0,,,Australia
C9830,Priya,,32,Pune,2021-04-11,,,,user9829@mail.com,,India
C9831,Kiran,Female,,Pune,,2026-01-02,,10.0,,,UK
C9832,Simran,Female,,Chennai,,,,,,9312844920,Canada
C9833,Amit,Female,47,,,,,5.0,,,UK
C9834,Pooja,,,Bangalore,,,4334.9,2.0,,9363536751,Australia
C9835,,Female,,Delhi,2025-06-07,,,,,9548879851,
C9836,Sneha,,20,Pune,,2023-07-27,4414.42,,,,
C9837,,Female,68,Ahmedabad,2024-12-31,,,4.0,,,Australia
C9838,Amit,Female,,Mumbai,,,,10.0,,,India
C9839,Kiran,,,Bangalore,2021-08-31,,,,,,India
C9840,Simran,Male,,Chennai,,2025-07-11,,1.0,,,Australia
C9841,Sneha,Male,,Bangalore,,,,,,,Canada
C9842,,Female,,Bangalore,,,3105.34,2.0,,9604119007,India
C9843,,Male,,Kolkata,,,,10.0,,9517949949,Australia
C9844,Sneha,Male,41,Pune,2023-05-31,,1516.22,10.0,,,USA
C9845,Pooja,Male,,,2021-06-17,,3474.49,10.0,user9844@mail.com,,Canada
C9846,Sneha,,,Kolkata,2022-01-07,,,,,,Australia
C9847,Sneha,,63,,,2022-01-12,2051.68,1.0,user9846@mail.com,,
C9848,Amit,Female,26,,2023-10-15,,,4.0,,,India
C9849,Priya,Male,,Hyderabad,,,,10.0,user9848@mail.com,,
C9850,,,,Mumbai,2023-02-25,2024-04-07,,,,9803749876,
C9851,Simran,,,Chennai,2024-09-27,,3319.93,,,9855674918,
C9852,Simran,Male,,Delhi,2022-04-02,2022-09-27,3491.56,,,,
C9853,Amit,,,Mumbai,,,,,,,Australia
C9854,Ravi,Female,,,2024-01-17,,,10.0,,,
C9855,Sneha,,,Kolkata,,,,,,,UK
C9856,Sneha,Female,68,Mumbai,,2021-09-29,,10.0,user9855@mail.com,,
C9857,,Female,,Bangalore,,2024-10-06,,10.0,,,Australia
C9858,,Male,,Bangalore,,,4112.4,10.0,,,India
C9859,Rahul,,,Kolkata,,2021-11-08,,10.0,,,USA
C9860,Ankit,Male,22,Mumbai,,2020-08-23,,5.0,,,
C9861,Priya,,,Pune,,,,,,9580072514,USA
C9862,,Male,64,Delhi,2020-08-27,,,10.0,,,UK
C9863,Rahul,,32,Mumbai,2021-06-30,,,2.0,,9798207133,Australia
C9864,Pooja,Male,25,Mumbai,,2025-05-09,,10.0,,,USA
C9865,Ravi,Female,28,Mumbai,,,,10.0,,9421065567,India
C9866,Rahul,,,Chennai,2024-06-13,2025-10-04,,,,,USA
C9867,Rahul,Female,,Mumbai,,,160.31,,,,Canada
C9868,Amit,Male,,,,,,5.0,,,Canada
C9869,Ankit,,,Kolkata,,,,4.0,,,USA
C9870,Ankit,Male,,Ahmedabad,2022-10-19,,96.77,,,,Canada
C9871,Simran,Female,,Ahmedabad,,,585.15,,,,India
C9872,Priya,Female,56,Hyderabad,2024-11-28,,1566.3,10.0,,,UK
C9873,,Male,57,Chennai,,,,10.0,,9322139643,Canada
C9874,Ravi,,,Chennai,,,,10.0,user9873@mail.com,9795707248,Canada
C9875,Rahul,Male,,Chennai,2020-11-02,2022-05-15,,3.0,,,USA
C9876,Priya,Male,51,Kolkata,,,,5.0,user9875@mail.com,,
C9877,Neha,Male,50,Chennai,,2024-08-19,,10.0,user9876@mail.com,,Canada
C9878,Sneha,Male,,,2024-01-15,2023-08-02,1940.44,10.0,user9877@mail.com,,India
C9879,Sneha,Male,,Mumbai,2023-09-26,,,,,9662449726,India
C9880,Rahul,Male,,Chennai,,,,4.0,user9879@mail.com,,USA
C9881,Sneha,Female,,Ahmedabad,2022-03-30,,,,user9880@mail.com,9530620261,India
C9882,Rahul,Female,23,Delhi,,,4202.31,1.0,,,Canada
C9883,Rahul,Male,,Ahmedabad,,,3264.66,,,9311577309,USA
C9884,Neha,Male,25,Kolkata,2022-10-07,,,,,,USA
C9885,Priya,,,Mumbai,,,,,,,
C9886,Simran,Male,49,Kolkata,2023-10-07,2024-06-08,3804.99,,,9869222250,Australia
C9887,,Female,,Hyderabad,2025-08-03,,,,,,Australia
C9888,Kiran,Female,,Delhi,2024-02-09,,,5.0,,9220350561,UK
C9889,Amit,,19,Delhi,2024-09-03,,,,user9888@mail.com,,Australia
C9890,Kiran,Female,61,Bangalore,2022-08-04,2025-05-10,,10.0,,,UK
C9891,Rahul,Female,,Chennai,2021-05-17,,,3.0,,,
C9892,Pooja,Female,,Chennai,2021-01-13,2024-12-12,,,,,UK
C9893,Amit,Female,,Mumbai,,2023-01-28,,2.0,,,Canada
C9894,Neha,Female,,Ahmedabad,,2025-10-19,,10.0,,,UK
C9895,Priya,Male,,Ahmedabad,2023-05-19,2023-03-31,,,,9357741520,
C9896,,Male,,Hyderabad,2025-05-14,2024-09-13,,,user9895@mail.com,9366277341,USA
C9897,Simran,Male,,Ahmedabad,2024-10-31,2025-02-15,,,,9786179197,
C9898,Pooja,Female,,Delhi,,2020-08-20,,,,,Australia
C9899,Amit,Female,,Bangalore,2020-12-25,,159.56,3.0,,,USA
C9900,Ankit,Male,,Kolkata,,,,5.0,,,USA
C9901,Amit,Female,,Bangalore,2023-04-16,,,,,,
C9902,Ravi,Male,44,Delhi,2020-09-22,2023-05-06,,,,9756043022,India
C9903,Kiran,Male,,Delhi,2024-12-05,,,1.0,,,Australia
C9904,Amit,Female,,,2020-10-16,,,,user9903@mail.com,,
C9905,Ankit,Male,,Kolkata,,2022-04-30,,5.0,,,Australia
C9906,Kiran,Male,54,Pune,2023-01-14,,,,,9687386440,USA
C9907,Pooja,,,,,,2491.17,4.0,,,USA
C9908,Sneha,Female,,Kolkata,2025-10-26,2022-12-06,,2.0,,9151561652,UK
C9909,Kiran,Male,,Kolkata,2024-04-09,2023-03-29,,5.0,,,UK
C9910,Ankit,Female,,Ahmedabad,2023-10-25,2020-08-25,,,,,
C9911,Priya,Male,,Ahmedabad,2021-08-10,,,1.0,,,India
C9912,Neha,Male,,Hyderabad,,2022-07-29,,4.0,,9478845034,UK
C9913,Ankit,Male,23,Delhi,,,,5.0,user9912@mail.com,,Australia
C9914,,Female,,Kolkata,2024-01-19,,,,,9971484867,UK
C9915,Rahul,Male,31,Chennai,,2022-05-07,234.66,,,,UK
C9916,Kiran,,,Hyderabad,2022-08-05,,819.04,10.0,,,Australia
C9917,Ankit,Male,,Pune,2025-01-07,,1580.01,10.0,user9916@mail.com,,India
C9918,,Female,37,,,2023-08-13,,,user9917@mail.com,,India
C9919,Pooja,Male,60,Ahmedabad,,,,2.0,user9918@mail.com,,Canada
C9920,Priya,Male,65,Bangalore,2024-08-03,,,,,,
C9921,Neha,Female,,Mumbai,2020-11-23,,,10.0,,,India
C9922,,Male,,,,2023-12-17,,,,,UK
C9923,Ankit,Male,29,Kolkata,2025-11-07,,,2.0,,9886885607,Canada
C9924,,Male,,,2024-06-25,,,2.0,user9923@mail.com,,Australia
C9925,Sneha,Female,28,Kolkata,2023-10-21,,,2.0,,,UK
C9926,Ankit,Male,,Mumbai,,,,,,,Canada
C9927,,Male,,,,2023-08-28,,4.0,user9926@mail.com,9552595832,Canada
C9928,Amit,Male,50,Kolkata,2021-09-14,,,,,,Canada
C9929,Ravi,Male,,Chennai,2024-10-26,,,,,,UK
C9930,,Female,,Pune,,,,2.0,user9929@mail.com,,Australia
C9931,,Male,,Chennai,2022-06-12,2024-08-26,,,,,USA
C9932,Amit,,,Ahmedabad,,2022-02-06,,5.0,,,USA
C9933,Sneha,Female,,Bangalore,2022-04-10,,,10.0,,9711765241,
C9934,Sneha,Male,,Kolkata,2023-09-26,,,,user9933@mail.com,,UK
C9935,Rahul,Male,,,,,,,,,UK
C9936,Amit,Female,,Hyderabad,2020-12-02,,,,,,Canada
C9937,Priya,,,Mumbai,,,1463.21,,,,
C9938,Amit,,,,,2021-04-03,,4.0,,,UK
C9939,Amit,Male,21,,,2024-05-29,,2.0,,,USA
C9940,,Male,,,,,,3.0,,,USA
C9941,Sneha,Male,,,,,,10.0,,,Canada
C9942,Sneha,Male,22,Chennai,,2021-10-04,,3.0,user9941@mail.com,,USA
C9943,Amit,Male,19,Delhi,,,1257.68,,,,Canada
C9944,Sneha,Female,,Hyderabad,2021-06-23,,,10.0,,9544803573,India
C9945,Sneha,Female,,Hyderabad,2025-01-18,,,1.0,,,Canada
C9946,,Female,,Bangalore,2021-05-14,,,,,,
C9947,Amit,Male,33,Delhi,2024-02-08,,4352.69,10.0,,,
C9948,Pooja,Male,,Hyderabad,2020-12-23,2022-10-14,,,,9184103606,Canada
C9949,Simran,Male,,Chennai,2021-06-22,,,,,9310540669,Canada
C9950,Ankit,,,Ahmedabad,,,,10.0,user9949@mail.com,,
C9951,Kiran,,,Mumbai,2025-11-14,,,3.0,,,UK
C9952,Pooja,Female,,Delhi,,,557.22,4.0,,,UK
C9953,Ankit,Female,,Delhi,2021-07-12,,,,,9843147562,USA
C9954,Sneha,Male,,Hyderabad,,,,,,,USA
C9955,,Female,18,Hyderabad,2021-06-14,2023-04-02,2915.49,,,,India
C9956,Kiran,,,,,,2967.39,10.0,,,
C9957,Ravi,Female,51,Hyderabad,,2025-03-20,,3.0,user9956@mail.com,9291080187,India
C9958,Kiran,,,Bangalore,,2023-06-16,,,user9957@mail.com,,Canada
C9959,Simran,Female,,Mumbai,,,,10.0,,,USA
C9960,,Female,,Delhi,2024-10-01,,4690.79,,,9550268128,Canada
C9961,Ankit,,50,Mumbai,2024-10-25,2023-12-04,,10.0,,,UK
C9962,Kiran,,,Bangalore,,,,4.0,,,Australia
C9963,Priya,,,,,,,3.0,user9962@mail.com,,Australia
C9964,,Male,,,,,,,,,USA
C9965,Priya,Female,22,Hyderabad,,2020-09-27,,,,9719064706,Canada
C9966,,Female,,Chennai,,2022-04-12,,,user9965@mail.com,,UK
C9967,Ankit,Male,,Hyderabad,2024-04-04,,2019.69,10.0,,,Canada
C9968,Rahul,,,Hyderabad,,,,4.0,,,
C9969,,Male,,Delhi,,2024-05-30,,10.0,user9968@mail.com,,
C9970,Simran,Female,,Bangalore,,2024-04-27,,,,,Australia
C9971,Priya,Female,,Mumbai,,,,3.0,,9308714084,USA
C9972,Kiran,Female,29,Hyderabad,,2023-04-19,,2.0,,,UK
C9973,Amit,,,Ahmedabad,,2025-02-28,,10.0,,,India
C9974,Sneha,Male,,Mumbai,2024-11-30,2021-10-23,,10.0,user9973@mail.com,9469158309,Canada
C9975,Neha,Male,,Bangalore,2024-06-08,,104.02,,user9974@mail.com,,Canada
C9976,Sneha,Female,,Bangalore,,2021-04-18,,,,9258331456,
C9977,Priya,Female,,Chennai,,,2387.43,,user9976@mail.com,,Canada
C9978,Ravi,Male,,Hyderabad,2024-08-15,2024-06-23,,1.0,,,
C9979,Simran,Female,,,2021-10-07,,1350.72,1.0,,,UK
C9980,,Male,,Kolkata,,2022-09-02,,2.0,user9979@mail.com,,UK
C9981,Priya,,,Delhi,2025-02-17,2023-10-25,2829.14,,,9620354512,Australia
C9982,Pooja,Male,,Bangalore,2023-03-06,,,10.0,,9812554122,UK
C9983,Ankit,Male,68,Delhi,,,,,,,Australia
C9984,Rahul,,39,Chennai,,,,,,9637857850,India
C9985,Amit,,27,Kolkata,,,,,user9984@mail.com,,Australia
C9986,Ankit,,,,2023-03-27,2020-11-21,3796.11,,,9648963702,USA
C9987,Priya,Male,51,Ahmedabad,,2021-08-05,,3.0,user9986@mail.com,,Australia
C9988,Neha,Female,,,,,,,,,
C9989,Ravi,Male,61,Bangalore,,,,,user9988@mail.com,,
C9990,Priya,Male,58,Chennai,,2023-03-14,,,user9989@mail.com,,UK
C9991,Amit,,53,,2023-08-31,,,,,9198535611,USA
C9992,Sneha,Female,,Bangalore,,,,,,,USA
C9993,Ravi,Male,37,,,2025-08-08,,3.0,user9992@mail.com,9890133115,Australia
C9994,Rahul,Female,,Delhi,2024-06-18,,,,,,USA
C9995,Pooja,Male,23,Delhi,2022-02-26,,851.75,1.0,,9882653563,Australia
C9996,,Male,,Delhi,,2020-09-17,,10.0,,9669860802,UK
C9997,Ankit,Female,,Chennai,,2022-03-23,,5.0,,,USA
C9998,,Female,35,Kolkata,2022-05-24,,,,,,USA
C9999,Pooja,Female,24,Chennai,,,,,,9716472962,UK
C10000,Kiran,Female,,Hyderabad,2022-07-03,2025-03-21,2254.23,,,,USA
